{
	"credit": "Made with Blockbench",
	"texture_size": [32, 32],
	"textures": {
		"0": "block/mondvisionframe",
		"2": "block/maziodyne",
		"4": "block/geo_e",
		"particle": "block/mondvisionframe"
	},
	"elements": [
		{
			"from": [5, 3.25, 4.2],
			"to": [10.4, 10.85, 4.8],
			"rotation": {"angle": 0, "axis": "y", "origin": [0, 3, 0]},
			"faces": {
				"north": {"uv": [0, 4, 2.75, 7.75], "texture": "#2"},
				"east": {"uv": [9, 8, 9.25, 11.75], "texture": "#2"},
				"south": {"uv": [3, 4, 5.75, 7.75], "texture": "#2"},
				"west": {"uv": [9.5, 2, 9.75, 5.75], "texture": "#2"},
				"up": {"uv": [13.25, 3.75, 10.5, 3.5], "texture": "#2"},
				"down": {"uv": [13.25, 4, 10.5, 4.25], "texture": "#2"}
			}
		},
		{
			"from": [5.3, 3.35, 3.8],
			"to": [10.4, 10.65, 4.2],
			"rotation": {"angle": 0, "axis": "y", "origin": [0, 3, 0]},
			"faces": {
				"north": {"uv": [6, 0, 8.5, 3.75], "texture": "#2"},
				"east": {"uv": [4, 8, 4.5, 11.75], "texture": "#2"},
				"south": {"uv": [6, 4, 8.5, 7.75], "texture": "#2"},
				"west": {"uv": [4.5, 8, 5, 11.75], "texture": "#2"},
				"up": {"uv": [11, 1.5, 8.5, 1], "texture": "#2"},
				"down": {"uv": [11, 1.5, 8.5, 2], "texture": "#2"}
			}
		},
		{
			"from": [10.6, 3.25, 2.8],
			"to": [11.1, 10.85, 4.8],
			"rotation": {"angle": 0, "axis": "y", "origin": [0, 3, 0]},
			"faces": {
				"north": {"uv": [9.5, 6, 9.75, 9.75], "texture": "#2"},
				"east": {"uv": [0, 8, 1, 11.75], "texture": "#2"},
				"south": {"uv": [10, 2, 10.25, 5.75], "texture": "#2"},
				"west": {"uv": [1, 8, 2, 11.75], "texture": "#2"},
				"up": {"uv": [12.25, 6, 12, 5], "texture": "#2"},
				"down": {"uv": [6.25, 12, 6, 13], "texture": "#2"}
			}
		},
		{
			"from": [10.4, 3.25, 2.9],
			"to": [10.6, 10.85, 4.7],
			"rotation": {"angle": 0, "axis": "y", "origin": [0, 3, 0]},
			"faces": {
				"north": {"uv": [10, 6, 10.25, 9.75], "texture": "#2"},
				"east": {"uv": [2, 8, 3, 11.75], "texture": "#2"},
				"south": {"uv": [9.5, 10, 9.75, 13.75], "texture": "#2"},
				"west": {"uv": [3, 8, 4, 11.75], "texture": "#2"},
				"up": {"uv": [12.25, 7, 12, 6], "texture": "#2"},
				"down": {"uv": [6.75, 12, 6.5, 13], "texture": "#2"}
			}
		},
		{
			"from": [4.7, 6, 4.35],
			"to": [6.9, 8, 4.85],
			"rotation": {"angle": 0, "axis": "y", "origin": [0, 3, 0]},
			"faces": {
				"north": {"uv": [8.5, 2, 9.5, 3], "texture": "#2"},
				"east": {"uv": [7, 12, 7.25, 13], "texture": "#2"},
				"south": {"uv": [8.5, 3, 9.5, 4], "texture": "#2"},
				"west": {"uv": [12, 7, 12.25, 8], "texture": "#2"},
				"up": {"uv": [13, 10.25, 12, 10], "texture": "#2"},
				"down": {"uv": [13, 10.5, 12, 10.75], "texture": "#2"}
			}
		},
		{
			"from": [4.7, 6, 3.25],
			"to": [5, 8, 4.35],
			"rotation": {"angle": 0, "axis": "y", "origin": [0, 3, 0]},
			"faces": {
				"north": {"uv": [12, 11, 12.25, 12], "texture": "#2"},
				"east": {"uv": [11, 10.5, 11.5, 11.5], "texture": "#2"},
				"south": {"uv": [11.5, 12, 11.75, 13], "texture": "#2"},
				"west": {"uv": [11.5, 0, 12, 1], "texture": "#2"},
				"up": {"uv": [12.75, 13.5, 12.5, 13], "texture": "#2"},
				"down": {"uv": [13.25, 12.5, 13, 13], "texture": "#2"}
			}
		},
		{
			"from": [4.75, 10, 4.4],
			"to": [6.25, 11, 4.9],
			"rotation": {"angle": 0, "axis": "y", "origin": [0, 3, 0]},
			"faces": {
				"north": {"uv": [12, 0.5, 12.75, 1], "texture": "#2"},
				"east": {"uv": [0.5, 13.5, 0.75, 14], "texture": "#2"},
				"south": {"uv": [1, 12, 1.75, 12.5], "texture": "#2"},
				"west": {"uv": [13.5, 0.5, 13.75, 1], "texture": "#2"},
				"up": {"uv": [13.25, 11.75, 12.5, 11.5], "texture": "#2"},
				"down": {"uv": [12.75, 12.5, 12, 12.75], "texture": "#2"}
			}
		},
		{
			"from": [5.76, 9, 4.39],
			"to": [7.26, 10.3, 4.89],
			"rotation": {"angle": 0, "axis": "y", "origin": [0, 3, 0]},
			"faces": {
				"north": {"uv": [6, 11, 6.75, 11.75], "texture": "#2"},
				"east": {"uv": [0, 13, 0.25, 13.75], "texture": "#2"},
				"south": {"uv": [11, 6, 11.75, 6.75], "texture": "#2"},
				"west": {"uv": [13, 0, 13.25, 0.75], "texture": "#2"},
				"up": {"uv": [1.25, 13.25, 0.5, 13], "texture": "#2"},
				"down": {"uv": [13.75, 1, 13, 1.25], "texture": "#2"}
			}
		},
		{
			"from": [6.75, 4.4, 4.4],
			"to": [8.25, 9.4, 4.9],
			"rotation": {"angle": 0, "axis": "y", "origin": [0, 3, 0]},
			"faces": {
				"north": {"uv": [7, 8, 7.75, 10.5], "texture": "#2"},
				"east": {"uv": [8, 10.5, 8.25, 13], "texture": "#2"},
				"south": {"uv": [8, 8, 8.75, 10.5], "texture": "#2"},
				"west": {"uv": [8.5, 10.5, 8.75, 13], "texture": "#2"},
				"up": {"uv": [13.75, 1.75, 13, 1.5], "texture": "#2"},
				"down": {"uv": [5.75, 13, 5, 13.25], "texture": "#2"}
			}
		},
		{
			"from": [4.75, 3, 4.4],
			"to": [6.25, 4, 4.9],
			"rotation": {"angle": 0, "axis": "y", "origin": [0, 3, 0]},
			"faces": {
				"north": {"uv": [12, 1, 12.75, 1.5], "texture": "#2"},
				"east": {"uv": [1, 13.5, 1.25, 14], "texture": "#2"},
				"south": {"uv": [12, 1.5, 12.75, 2], "texture": "#2"},
				"west": {"uv": [2, 13.5, 2.25, 14], "texture": "#2"},
				"up": {"uv": [13.75, 5.75, 13, 5.5], "texture": "#2"},
				"down": {"uv": [6.75, 13, 6, 13.25], "texture": "#2"}
			}
		},
		{
			"from": [8.25, 5.4, 4.4],
			"to": [8.75, 8.4, 4.9],
			"rotation": {"angle": 0, "axis": "y", "origin": [0, 3, 0]},
			"faces": {
				"north": {"uv": [2, 12, 2.25, 13.5], "texture": "#2"},
				"east": {"uv": [2.5, 12, 2.75, 13.5], "texture": "#2"},
				"south": {"uv": [3, 12, 3.25, 13.5], "texture": "#2"},
				"west": {"uv": [3.5, 12, 3.75, 13.5], "texture": "#2"},
				"up": {"uv": [13.75, 5.25, 13.5, 5], "texture": "#2"},
				"down": {"uv": [5.75, 13.5, 5.5, 13.75], "texture": "#2"}
			}
		},
		{
			"from": [5.76, 3.7, 4.39],
			"to": [7.26, 5, 4.89],
			"rotation": {"angle": 0, "axis": "y", "origin": [0, 3, 0]},
			"faces": {
				"north": {"uv": [7, 11, 7.75, 11.75], "texture": "#2"},
				"east": {"uv": [1.5, 13, 1.75, 13.75], "texture": "#2"},
				"south": {"uv": [11, 7, 11.75, 7.75], "texture": "#2"},
				"west": {"uv": [13, 6, 13.25, 6.75], "texture": "#2"},
				"up": {"uv": [7.75, 13.25, 7, 13], "texture": "#2"},
				"down": {"uv": [13.75, 7, 13, 7.25], "texture": "#2"}
			}
		},
		{
			"from": [6, 6.5, 4.51],
			"to": [11.3, 7.5, 5.01],
			"rotation": {"angle": 0, "axis": "y", "origin": [0, 3, 0]},
			"faces": {
				"north": {"uv": [8.5, 0, 11.25, 0.5], "texture": "#2"},
				"east": {"uv": [13.5, 2.5, 13.75, 3], "texture": "#2"},
				"south": {"uv": [8.5, 0.5, 11.25, 1], "texture": "#2"},
				"west": {"uv": [3, 13.5, 3.25, 14], "texture": "#2"},
				"up": {"uv": [13.25, 4.75, 10.5, 4.5], "texture": "#2"},
				"down": {"uv": [7.75, 10.5, 5, 10.75], "texture": "#2"}
			}
		},
		{
			"from": [11, 6.5, 3],
			"to": [11.3, 7.5, 4.5],
			"rotation": {"angle": 0, "axis": "y", "origin": [0, 3, 0]},
			"faces": {
				"north": {"uv": [13.5, 3, 13.75, 3.5], "texture": "#2"},
				"east": {"uv": [4, 12, 4.75, 12.5], "texture": "#2"},
				"south": {"uv": [3.5, 13.5, 3.75, 14], "texture": "#2"},
				"west": {"uv": [5, 12, 5.75, 12.5], "texture": "#2"},
				"up": {"uv": [8.25, 13.75, 8, 13], "texture": "#2"},
				"down": {"uv": [8.75, 13, 8.5, 13.75], "texture": "#2"}
			}
		},
		{
			"from": [6, 6, 2],
			"to": [8, 8, 3.5],
			"rotation": {"angle": 0, "axis": "z", "origin": [8, 7, 2.75]},
			"faces": {
				"north": {"uv": [0, 0, 2, 2], "rotation": 270, "texture": "#4"},
				"east": {"uv": [2, 5.5, 0, 4], "rotation": 90, "texture": "#4"},
				"south": {"uv": [0, 2, 2, 4], "rotation": 90, "texture": "#4"},
				"west": {"uv": [6, 0, 4, 1.5], "rotation": 90, "texture": "#4"},
				"up": {"uv": [2, 2, 3.5, 4], "rotation": 90, "texture": "#4"},
				"down": {"uv": [2, 0, 3.5, 2], "rotation": 90, "texture": "#4"}
			}
		},
		{
			"from": [5.75, 5.75, 2.5],
			"to": [8.25, 8.25, 3],
			"rotation": {"angle": 0, "axis": "z", "origin": [8, 7, 2.75]},
			"faces": {
				"north": {"uv": [0, 0, 3, 3], "rotation": 270, "texture": "#0"},
				"east": {"uv": [7, 1, 4, 0], "rotation": 90, "texture": "#0"},
				"south": {"uv": [0, 3, 3, 6], "rotation": 90, "texture": "#0"},
				"west": {"uv": [7, 1, 4, 2], "rotation": 90, "texture": "#0"},
				"up": {"uv": [3, 3, 4, 6], "rotation": 90, "texture": "#0"},
				"down": {"uv": [3, 0, 4, 3], "rotation": 90, "texture": "#0"}
			}
		},
		{
			"from": [7.61595, 6.42177, 2.49],
			"to": [8.91595, 6.92177, 2.99],
			"rotation": {"angle": 22.5, "axis": "z", "origin": [8, 7, 2.75]},
			"faces": {
				"north": {"uv": [4, 2, 5, 3], "rotation": 270, "texture": "#0"},
				"east": {"uv": [6, 4, 5, 3], "rotation": 90, "texture": "#0"},
				"south": {"uv": [4, 4, 5, 5], "rotation": 90, "texture": "#0"},
				"west": {"uv": [5, 5, 4, 6], "rotation": 90, "texture": "#0"},
				"up": {"uv": [5, 2, 6, 3], "rotation": 90, "texture": "#0"},
				"down": {"uv": [4, 3, 5, 4], "rotation": 90, "texture": "#0"}
			}
		},
		{
			"from": [7.61595, 7.07823, 2.48],
			"to": [8.91595, 7.57823, 2.98],
			"rotation": {"angle": -22.5, "axis": "z", "origin": [8, 7, 2.75]},
			"faces": {
				"north": {"uv": [5, 4, 6, 5], "rotation": 270, "texture": "#0"},
				"east": {"uv": [3, 7, 2, 6], "rotation": 90, "texture": "#0"},
				"south": {"uv": [0, 6, 1, 7], "rotation": 90, "texture": "#0"},
				"west": {"uv": [7, 2, 6, 3], "rotation": 90, "texture": "#0"},
				"up": {"uv": [1, 6, 2, 7], "rotation": 90, "texture": "#0"},
				"down": {"uv": [5, 5, 6, 6], "rotation": 90, "texture": "#0"}
			}
		},
		{
			"from": [6, 8.25, 2.5],
			"to": [6.5, 8.75, 3],
			"rotation": {"angle": 0, "axis": "z", "origin": [8, 7, 2.75]},
			"faces": {
				"north": {"uv": [3, 6, 4, 7], "rotation": 270, "texture": "#0"},
				"east": {"uv": [6, 7, 5, 6], "rotation": 90, "texture": "#0"},
				"south": {"uv": [4, 6, 5, 7], "rotation": 90, "texture": "#0"},
				"west": {"uv": [7, 5, 6, 6], "rotation": 90, "texture": "#0"},
				"up": {"uv": [6, 4, 7, 5], "rotation": 90, "texture": "#0"},
				"down": {"uv": [6, 3, 7, 4], "rotation": 90, "texture": "#0"}
			}
		},
		{
			"from": [5.5, 8.1, 2.51],
			"to": [5.85, 8.6, 3.01],
			"rotation": {"angle": 0, "axis": "z", "origin": [8, 7, 2.75]},
			"faces": {
				"north": {"uv": [6, 6, 7, 7], "rotation": 270, "texture": "#0"},
				"east": {"uv": [8, 2, 7, 1], "rotation": 90, "texture": "#0"},
				"south": {"uv": [7, 0, 8, 1], "rotation": 90, "texture": "#0"},
				"west": {"uv": [3, 7, 2, 8], "rotation": 90, "texture": "#0"},
				"up": {"uv": [1, 7, 2, 8], "rotation": 90, "texture": "#0"},
				"down": {"uv": [0, 7, 1, 8], "rotation": 90, "texture": "#0"}
			}
		},
		{
			"from": [5.3, 7.75, 2.51],
			"to": [5.8, 8, 3.01],
			"rotation": {"angle": 0, "axis": "z", "origin": [8, 7, 2.75]},
			"faces": {
				"north": {"uv": [7, 2, 8, 3], "rotation": 270, "texture": "#0"},
				"east": {"uv": [8, 5, 7, 4], "rotation": 90, "texture": "#0"},
				"south": {"uv": [7, 3, 8, 4], "rotation": 90, "texture": "#0"},
				"west": {"uv": [6, 7, 5, 8], "rotation": 90, "texture": "#0"},
				"up": {"uv": [4, 7, 5, 8], "rotation": 90, "texture": "#0"},
				"down": {"uv": [3, 7, 4, 8], "rotation": 90, "texture": "#0"}
			}
		},
		{
			"from": [5.3, 8.6, 2.51],
			"to": [5.65, 9.1, 3.01],
			"rotation": {"angle": 0, "axis": "z", "origin": [8, 7, 2.75]},
			"faces": {
				"north": {"uv": [7, 5, 8, 6], "rotation": 270, "texture": "#0"},
				"east": {"uv": [1, 9, 0, 8], "rotation": 90, "texture": "#0"},
				"south": {"uv": [7, 6, 8, 7], "rotation": 90, "texture": "#0"},
				"west": {"uv": [9, 0, 8, 1], "rotation": 90, "texture": "#0"},
				"up": {"uv": [7, 7, 8, 8], "rotation": 90, "texture": "#0"},
				"down": {"uv": [6, 7, 7, 8], "rotation": 90, "texture": "#0"}
			}
		},
		{
			"from": [5.1, 7.95, 2.52],
			"to": [5.35, 8.2, 3.02],
			"rotation": {"angle": 0, "axis": "z", "origin": [8, 7, 2.75]},
			"faces": {
				"north": {"uv": [1, 8, 2, 9], "rotation": 270, "texture": "#0"},
				"east": {"uv": [4, 9, 3, 8], "rotation": 90, "texture": "#0"},
				"south": {"uv": [2, 8, 3, 9], "rotation": 90, "texture": "#0"},
				"west": {"uv": [9, 3, 8, 4], "rotation": 90, "texture": "#0"},
				"up": {"uv": [8, 2, 9, 3], "rotation": 90, "texture": "#0"},
				"down": {"uv": [8, 1, 9, 2], "rotation": 90, "texture": "#0"}
			}
		},
		{
			"from": [5.75, 8.75, 2.5],
			"to": [6.25, 9.25, 3],
			"rotation": {"angle": 0, "axis": "z", "origin": [8, 7, 2.75]},
			"faces": {
				"north": {"uv": [4, 8, 5, 9], "rotation": 270, "texture": "#0"},
				"east": {"uv": [7, 9, 6, 8], "rotation": 90, "texture": "#0"},
				"south": {"uv": [5, 8, 6, 9], "rotation": 90, "texture": "#0"},
				"west": {"uv": [9, 6, 8, 7], "rotation": 90, "texture": "#0"},
				"up": {"uv": [8, 5, 9, 6], "rotation": 90, "texture": "#0"},
				"down": {"uv": [8, 4, 9, 5], "rotation": 90, "texture": "#0"}
			}
		},
		{
			"from": [6, 5.25, 2.5],
			"to": [6.5, 5.75, 3],
			"rotation": {"angle": 0, "axis": "z", "origin": [8, 7, 2.75]},
			"faces": {
				"north": {"uv": [7, 8, 8, 9], "rotation": 270, "texture": "#0"},
				"east": {"uv": [10, 1, 9, 0], "rotation": 90, "texture": "#0"},
				"south": {"uv": [8, 8, 9, 9], "rotation": 90, "texture": "#0"},
				"west": {"uv": [2, 9, 1, 10], "rotation": 90, "texture": "#0"},
				"up": {"uv": [0, 9, 1, 10], "rotation": 90, "texture": "#0"},
				"down": {"uv": [8, 7, 9, 8], "rotation": 90, "texture": "#0"}
			}
		},
		{
			"from": [5.5, 5.4, 2.51],
			"to": [5.85, 5.9, 3.01],
			"rotation": {"angle": 0, "axis": "z", "origin": [8, 7, 2.75]},
			"faces": {
				"north": {"uv": [9, 1, 10, 2], "rotation": 270, "texture": "#0"},
				"east": {"uv": [10, 4, 9, 3], "rotation": 90, "texture": "#0"},
				"south": {"uv": [9, 2, 10, 3], "rotation": 90, "texture": "#0"},
				"west": {"uv": [5, 9, 4, 10], "rotation": 90, "texture": "#0"},
				"up": {"uv": [3, 9, 4, 10], "rotation": 90, "texture": "#0"},
				"down": {"uv": [2, 9, 3, 10], "rotation": 90, "texture": "#0"}
			}
		},
		{
			"from": [5.3, 6, 2.51],
			"to": [5.8, 6.25, 3.01],
			"rotation": {"angle": 0, "axis": "z", "origin": [8, 7, 2.75]},
			"faces": {
				"north": {"uv": [9, 4, 10, 5], "rotation": 270, "texture": "#0"},
				"east": {"uv": [10, 7, 9, 6], "rotation": 90, "texture": "#0"},
				"south": {"uv": [9, 5, 10, 6], "rotation": 90, "texture": "#0"},
				"west": {"uv": [8, 9, 7, 10], "rotation": 90, "texture": "#0"},
				"up": {"uv": [6, 9, 7, 10], "rotation": 90, "texture": "#0"},
				"down": {"uv": [5, 9, 6, 10], "rotation": 90, "texture": "#0"}
			}
		},
		{
			"from": [5.3, 4.9, 2.51],
			"to": [5.65, 5.4, 3.01],
			"rotation": {"angle": 0, "axis": "z", "origin": [8, 7, 2.75]},
			"faces": {
				"north": {"uv": [9, 7, 10, 8], "rotation": 270, "texture": "#0"},
				"east": {"uv": [1, 11, 0, 10], "rotation": 90, "texture": "#0"},
				"south": {"uv": [9, 8, 10, 9], "rotation": 90, "texture": "#0"},
				"west": {"uv": [11, 0, 10, 1], "rotation": 90, "texture": "#0"},
				"up": {"uv": [9, 9, 10, 10], "rotation": 90, "texture": "#0"},
				"down": {"uv": [8, 9, 9, 10], "rotation": 90, "texture": "#0"}
			}
		},
		{
			"from": [5.1, 5.8, 2.52],
			"to": [5.35, 6.05, 3.02],
			"rotation": {"angle": 0, "axis": "z", "origin": [8, 7, 2.75]},
			"faces": {
				"north": {"uv": [1, 10, 2, 11], "rotation": 270, "texture": "#0"},
				"east": {"uv": [4, 11, 3, 10], "rotation": 90, "texture": "#0"},
				"south": {"uv": [2, 10, 3, 11], "rotation": 90, "texture": "#0"},
				"west": {"uv": [11, 3, 10, 4], "rotation": 90, "texture": "#0"},
				"up": {"uv": [10, 2, 11, 3], "rotation": 90, "texture": "#0"},
				"down": {"uv": [10, 1, 11, 2], "rotation": 90, "texture": "#0"}
			}
		},
		{
			"from": [5.75, 4.75, 2.5],
			"to": [6.25, 5.25, 3],
			"rotation": {"angle": 0, "axis": "z", "origin": [8, 7, 2.75]},
			"faces": {
				"north": {"uv": [4, 10, 5, 11], "rotation": 270, "texture": "#0"},
				"east": {"uv": [7, 11, 6, 10], "rotation": 90, "texture": "#0"},
				"south": {"uv": [5, 10, 6, 11], "rotation": 90, "texture": "#0"},
				"west": {"uv": [11, 6, 10, 7], "rotation": 90, "texture": "#0"},
				"up": {"uv": [10, 5, 11, 6], "rotation": 90, "texture": "#0"},
				"down": {"uv": [10, 4, 11, 5], "rotation": 90, "texture": "#0"}
			}
		},
		{
			"from": [5.1, 6.7, 2.67],
			"to": [5.7, 7.2, 2.87],
			"rotation": {"angle": 0, "axis": "z", "origin": [8, 7, 2.75]},
			"faces": {
				"north": {"uv": [11, 2, 12, 3], "rotation": 270, "texture": "#0"},
				"east": {"uv": [12, 5, 11, 4], "rotation": 90, "texture": "#0"},
				"south": {"uv": [11, 3, 12, 4], "rotation": 90, "texture": "#0"},
				"west": {"uv": [6, 11, 5, 12], "rotation": 90, "texture": "#0"},
				"up": {"uv": [4, 11, 5, 12], "rotation": 90, "texture": "#0"},
				"down": {"uv": [3, 11, 4, 12], "rotation": 90, "texture": "#0"}
			}
		},
		{
			"from": [5.36595, 6.07823, 2.56],
			"to": [6.16595, 6.57823, 2.96],
			"rotation": {"angle": -22.5, "axis": "z", "origin": [8, 7, 2.75]},
			"faces": {
				"north": {"uv": [11, 5, 12, 6], "rotation": 270, "texture": "#0"},
				"east": {"uv": [12, 8, 11, 7], "rotation": 90, "texture": "#0"},
				"south": {"uv": [11, 6, 12, 7], "rotation": 90, "texture": "#0"},
				"west": {"uv": [9, 11, 8, 12], "rotation": 90, "texture": "#0"},
				"up": {"uv": [7, 11, 8, 12], "rotation": 90, "texture": "#0"},
				"down": {"uv": [6, 11, 7, 12], "rotation": 90, "texture": "#0"}
			}
		},
		{
			"from": [5.11595, 5.92823, 2.56],
			"to": [5.36595, 6.57823, 2.96],
			"rotation": {"angle": -22.5, "axis": "z", "origin": [8, 7, 2.75]},
			"faces": {
				"north": {"uv": [11, 8, 12, 9], "rotation": 270, "texture": "#0"},
				"east": {"uv": [12, 11, 11, 10], "rotation": 90, "texture": "#0"},
				"south": {"uv": [11, 9, 12, 10], "rotation": 90, "texture": "#0"},
				"west": {"uv": [12, 11, 11, 12], "rotation": 90, "texture": "#0"},
				"up": {"uv": [10, 11, 11, 12], "rotation": 90, "texture": "#0"},
				"down": {"uv": [9, 11, 10, 12], "rotation": 90, "texture": "#0"}
			}
		},
		{
			"from": [5.11595, 7.42177, 2.56],
			"to": [5.36595, 8.07177, 2.96],
			"rotation": {"angle": 22.5, "axis": "z", "origin": [8, 7, 2.75]},
			"faces": {
				"north": {"uv": [0, 12, 1, 13], "rotation": 270, "texture": "#0"},
				"east": {"uv": [3, 13, 2, 12], "rotation": 90, "texture": "#0"},
				"south": {"uv": [1, 12, 2, 13], "rotation": 90, "texture": "#0"},
				"west": {"uv": [13, 2, 12, 3], "rotation": 90, "texture": "#0"},
				"up": {"uv": [12, 1, 13, 2], "rotation": 90, "texture": "#0"},
				"down": {"uv": [12, 0, 13, 1], "rotation": 90, "texture": "#0"}
			}
		},
		{
			"from": [5.71472, 4.70843, 2.61],
			"to": [6.01472, 5.00843, 2.91],
			"rotation": {"angle": -45, "axis": "z", "origin": [8, 7, 2.75]},
			"faces": {
				"north": {"uv": [3, 12, 4, 13], "texture": "#0"},
				"east": {"uv": [12, 3, 13, 4], "texture": "#0"},
				"south": {"uv": [4, 12, 5, 13], "texture": "#0"},
				"west": {"uv": [12, 4, 13, 5], "texture": "#0"},
				"up": {"uv": [6, 13, 5, 12], "texture": "#0"},
				"down": {"uv": [13, 5, 12, 6], "texture": "#0"}
			}
		},
		{
			"from": [5.36595, 7.42177, 2.55],
			"to": [6.16595, 7.92177, 2.95],
			"rotation": {"angle": 22.5, "axis": "z", "origin": [8, 7, 2.75]},
			"faces": {
				"north": {"uv": [6, 12, 7, 13], "rotation": 270, "texture": "#0"},
				"east": {"uv": [9, 13, 8, 12], "rotation": 90, "texture": "#0"},
				"south": {"uv": [7, 12, 8, 13], "rotation": 90, "texture": "#0"},
				"west": {"uv": [13, 8, 12, 9], "rotation": 90, "texture": "#0"},
				"up": {"uv": [12, 7, 13, 8], "rotation": 90, "texture": "#0"},
				"down": {"uv": [12, 6, 13, 7], "rotation": 90, "texture": "#0"}
			}
		},
		{
			"from": [5.3, 3.35, 3.4],
			"to": [10.4, 10.65, 3.8],
			"rotation": {"angle": 0, "axis": "y", "origin": [8, 7, 2.75]},
			"faces": {
				"north": {"uv": [6, 0, 8.5, 3.75], "texture": "#2"},
				"east": {"uv": [4, 8, 4.5, 11.75], "texture": "#2"},
				"south": {"uv": [6, 4, 8.5, 7.75], "texture": "#2"},
				"west": {"uv": [4.5, 8, 5, 11.75], "texture": "#2"},
				"up": {"uv": [11, 1.5, 8.5, 1], "texture": "#2"},
				"down": {"uv": [11, 1.5, 8.5, 2], "texture": "#2"}
			}
		},
		{
			"from": [8, 6.5, 2.51],
			"to": [11.3, 7.5, 3.01],
			"rotation": {"angle": 0, "axis": "y", "origin": [8, 7, 2.75]},
			"faces": {
				"north": {"uv": [10, 10, 11.75, 10.5], "texture": "#2"},
				"east": {"uv": [13.5, 2, 13.75, 2.5], "texture": "#2"},
				"south": {"uv": [10.5, 2, 12.25, 2.5], "texture": "#2"},
				"west": {"uv": [2.5, 13.5, 2.75, 14], "texture": "#2"},
				"up": {"uv": [13.25, 8.25, 11.5, 8], "texture": "#2"},
				"down": {"uv": [13.25, 8.5, 11.5, 8.75], "texture": "#2"}
			}
		},
		{
			"from": [4.75, 10, 2.7],
			"to": [6.25, 11, 3.2],
			"rotation": {"angle": 0, "axis": "y", "origin": [8, 7, 2.75]},
			"faces": {
				"north": {"uv": [0, 12, 0.75, 12.5], "texture": "#2"},
				"east": {"uv": [13, 13, 13.25, 13.5], "texture": "#2"},
				"south": {"uv": [12, 0, 12.75, 0.5], "texture": "#2"},
				"west": {"uv": [13.5, 0, 13.75, 0.5], "texture": "#2"},
				"up": {"uv": [13.25, 9.75, 12.5, 9.5], "texture": "#2"},
				"down": {"uv": [13.25, 11, 12.5, 11.25], "texture": "#2"}
			}
		},
		{
			"from": [5.76, 9, 2.71],
			"to": [7.26, 10.3, 3.21],
			"rotation": {"angle": 0, "axis": "y", "origin": [8, 7, 2.75]},
			"faces": {
				"north": {"uv": [5, 11, 5.75, 11.75], "texture": "#2"},
				"east": {"uv": [12.5, 5.5, 12.75, 6.25], "texture": "#2"},
				"south": {"uv": [11, 5, 11.75, 5.75], "texture": "#2"},
				"west": {"uv": [12.5, 6.5, 12.75, 7.25], "texture": "#2"},
				"up": {"uv": [13.25, 7.75, 12.5, 7.5], "texture": "#2"},
				"down": {"uv": [13.25, 9, 12.5, 9.25], "texture": "#2"}
			}
		},
		{
			"from": [4.7, 6, 2.75],
			"to": [5.9, 8, 3.25],
			"rotation": {"angle": 0, "axis": "y", "origin": [8, 7, 2.75]},
			"faces": {
				"north": {"uv": [11, 8, 11.5, 9], "texture": "#2"},
				"east": {"uv": [7.5, 12, 7.75, 13], "texture": "#2"},
				"south": {"uv": [11, 9, 11.5, 10], "texture": "#2"},
				"west": {"uv": [9, 12, 9.25, 13], "texture": "#2"},
				"up": {"uv": [12.5, 13.25, 12, 13], "texture": "#2"},
				"down": {"uv": [13.5, 12, 13, 12.25], "texture": "#2"}
			}
		},
		{
			"from": [5.76, 3.7, 2.71],
			"to": [7.26, 5, 3.21],
			"rotation": {"angle": 0, "axis": "y", "origin": [8, 7, 2.75]},
			"faces": {
				"north": {"uv": [10, 10.5, 10.75, 11.25], "texture": "#2"},
				"east": {"uv": [4, 12.5, 4.25, 13.25], "texture": "#2"},
				"south": {"uv": [11, 1, 11.75, 1.75], "texture": "#2"},
				"west": {"uv": [4.5, 12.5, 4.75, 13.25], "texture": "#2"},
				"up": {"uv": [5.75, 12.75, 5, 12.5], "texture": "#2"},
				"down": {"uv": [13.25, 5, 12.5, 5.25], "texture": "#2"}
			}
		},
		{
			"from": [8.25, 5.4, 2.7],
			"to": [8.75, 8.4, 3.2],
			"rotation": {"angle": 0, "axis": "y", "origin": [8, 7, 2.75]},
			"faces": {
				"north": {"uv": [10, 11.5, 10.25, 13], "texture": "#2"},
				"east": {"uv": [10.5, 11.5, 10.75, 13], "texture": "#2"},
				"south": {"uv": [11.5, 10.5, 11.75, 12], "texture": "#2"},
				"west": {"uv": [11, 11.5, 11.25, 13], "texture": "#2"},
				"up": {"uv": [13.75, 4.75, 13.5, 4.5], "texture": "#2"},
				"down": {"uv": [5.25, 13.5, 5, 13.75], "texture": "#2"}
			}
		},
		{
			"from": [6.75, 4.4, 2.7],
			"to": [8.25, 9.4, 3.2],
			"rotation": {"angle": 0, "axis": "y", "origin": [8, 7, 2.75]},
			"faces": {
				"north": {"uv": [5, 8, 5.75, 10.5], "texture": "#2"},
				"east": {"uv": [10.5, 5, 10.75, 7.5], "texture": "#2"},
				"south": {"uv": [6, 8, 6.75, 10.5], "texture": "#2"},
				"west": {"uv": [10.5, 7.5, 10.75, 10], "texture": "#2"},
				"up": {"uv": [1.75, 12.75, 1, 12.5], "texture": "#2"},
				"down": {"uv": [13.25, 2, 12.5, 2.25], "texture": "#2"}
			}
		},
		{
			"from": [4.75, 3, 2.7],
			"to": [6.25, 4, 3.2],
			"rotation": {"angle": 0, "axis": "y", "origin": [8, 7, 2.75]},
			"faces": {
				"north": {"uv": [11.5, 9, 12.25, 9.5], "texture": "#2"},
				"east": {"uv": [11, 13, 11.25, 13.5], "texture": "#2"},
				"south": {"uv": [11.5, 9.5, 12.25, 10], "texture": "#2"},
				"west": {"uv": [11.5, 13, 11.75, 13.5], "texture": "#2"},
				"up": {"uv": [12.75, 12.25, 12, 12], "texture": "#2"},
				"down": {"uv": [0.75, 12.5, 0, 12.75], "texture": "#2"}
			}
		},
		{
			"from": [5, 3.25, 2.8],
			"to": [10.4, 10.85, 3.4],
			"rotation": {"angle": 0, "axis": "y", "origin": [8, 7, 2.75]},
			"faces": {
				"north": {"uv": [0, 0, 2.75, 3.75], "texture": "#2"},
				"east": {"uv": [8.5, 4, 8.75, 7.75], "texture": "#2"},
				"south": {"uv": [3, 0, 5.75, 3.75], "texture": "#2"},
				"west": {"uv": [9, 4, 9.25, 7.75], "texture": "#2"},
				"up": {"uv": [13.25, 2.75, 10.5, 2.5], "texture": "#2"},
				"down": {"uv": [13.25, 3, 10.5, 3.25], "texture": "#2"}
			}
		}
	],
	"display": {
		"thirdperson_righthand": {
			"rotation": [74, -15, 0],
			"translation": [-0.5, -2.5, 2.5],
			"scale": [0.7, 0.7, 0.7]
		},
		"thirdperson_lefthand": {
			"rotation": [85, -10, 0],
			"translation": [-3.25, -3.75, 3.5],
			"scale": [0.7, 0.7, 0.7]
		},
		"firstperson_righthand": {
			"rotation": [0, 137, 0],
			"translation": [4.5, 5.75, -3.5]
		},
		"firstperson_lefthand": {
			"rotation": [0, 137, 0],
			"translation": [4.5, 5.75, -3.5]
		},
		"ground": {
			"translation": [0, 3.75, 3.25]
		},
		"gui": {
			"rotation": [13, 168, 0],
			"translation": [1.25, 3.25, 0],
			"scale": [1.7, 1.7, 1.7]
		},
		"head": {
			"rotation": [0, -180, 0],
			"translation": [0, 7, 2]
		},
		"fixed": {
			"translation": [0, 2.5, 8.75],
			"scale": [2.5, 2.5, 2.5]
		}
	},
	"groups": [
		{
			"name": "book",
			"origin": [0, 0, 0],
			"color": 0,
			"children": [0, 1, 2, 3, 4, 5, 6, 7, 8, 9, 10, 11, 12, 13]
		},
		{
			"name": "front",
			"origin": [8, 8, 8],
			"color": 0,
			"children": [
				{
					"name": "barbaravision",
					"origin": [8, 8, 8],
					"color": 0,
					"children": [
						{
							"name": "vision",
							"origin": [0, 0, 0],
							"color": 0,
							"children": [14]
						},
						{
							"name": "visionframe",
							"origin": [0, 0, 0],
							"color": 0,
							"children": [15, 16, 17, 18, 19, 20, 21, 22, 23, 24, 25, 26, 27, 28, 29, 30, 31, 32, 33, 34, 35]
						}
					]
				},
				36,
				37,
				38,
				39,
				40,
				41,
				42,
				43,
				44,
				45
			]
		}
	]
}