{
	"credit": "Made with Blockbench,Made by NightEpiphany",
	"textures": {
		"1": "item/engulfing_lightning",
		"3": "item/engulfing_lightning",
		"particle": "item/engulfing_lightning"
	},
	"elements": [
		{
			"name": "polearm_model",
			"from": [7.5, -13.5, 6.5],
			"to": [9.5, -11.5, 8.5],
			"faces": {
				"north": {"uv": [0, 11, 0.5, 11.5], "texture": "#1"},
				"east": {"uv": [0.5, 11, 1, 11.5], "texture": "#1"},
				"south": {"uv": [0, 11, 0.5, 11.5], "texture": "#1"},
				"west": {"uv": [0.5, 11, 1, 11.5], "texture": "#1"},
				"up": {"uv": [0.5, 11, 1, 11.5], "texture": "#3"},
				"down": {"uv": [0, 11, 0.5, 11.5], "texture": "#1"}
			}
		},
		{
			"name": "polearm_model",
			"from": [7.5, 9.5, 6.5],
			"to": [9.5, 13.5, 6.5],
			"faces": {
				"north": {"uv": [1.25, 0.25, 2.25, 2.75], "texture": "#1"},
				"east": {"uv": [0.5, 11, 1, 11.5], "texture": "#3"},
				"south": {"uv": [2.25, 0.25, 1.25, 2.75], "texture": "#1"},
				"west": {"uv": [0.5, 11, 1, 11.5], "texture": "#3"},
				"up": {"uv": [0.5, 11, 1, 11.5], "texture": "#3"},
				"down": {"uv": [0, 11, 0.5, 11.5], "texture": "#3"}
			}
		},
		{
			"name": "polearm_model",
			"from": [7.5, 9.5, 8.5],
			"to": [9.5, 13.5, 8.5],
			"faces": {
				"north": {"uv": [1.25, 0.25, 2.25, 2.75], "texture": "#1"},
				"east": {"uv": [0.5, 11, 1, 11.5], "texture": "#3"},
				"south": {"uv": [2.25, 0.25, 1.25, 2.75], "texture": "#1"},
				"west": {"uv": [0.5, 11, 1, 11.5], "texture": "#3"},
				"up": {"uv": [0.5, 11, 1, 11.5], "texture": "#3"},
				"down": {"uv": [0, 11, 0.5, 11.5], "texture": "#3"}
			}
		},
		{
			"name": "polearm_model",
			"from": [3.5, 12.5, 7.5],
			"to": [13.5, 32, 7.5],
			"faces": {
				"north": {"uv": [7, 4, 11, 13.75], "texture": "#1"},
				"east": {"uv": [0.5, 11, 1, 11.5], "texture": "#3"},
				"south": {"uv": [11, 4, 7, 13.75], "texture": "#1"},
				"west": {"uv": [0.5, 11, 1, 11.5], "texture": "#3"},
				"up": {"uv": [0.5, 11, 1, 11.5], "texture": "#3"},
				"down": {"uv": [0, 11, 0.5, 11.5], "texture": "#3"}
			}
		},
		{
			"name": "polearm_model",
			"from": [7.5, 9.5, 6.5],
			"to": [7.5, 13.5, 8.5],
			"faces": {
				"north": {"uv": [0.5, 11, 1, 11.5], "texture": "#3"},
				"east": {"uv": [2.75, 0.25, 3.75, 2.75], "texture": "#1"},
				"south": {"uv": [0.5, 11, 1, 11.5], "texture": "#3"},
				"west": {"uv": [3.75, 0.25, 2.75, 2.75], "texture": "#1"},
				"up": {"uv": [0.5, 11, 1, 11.5], "rotation": 90, "texture": "#3"},
				"down": {"uv": [0, 11, 0.5, 11.5], "rotation": 270, "texture": "#3"}
			}
		},
		{
			"name": "polearm_model",
			"from": [8, -16, 7],
			"to": [9, 15, 8],
			"rotation": {"angle": 0, "axis": "y", "origin": [9, 8, 7]},
			"faces": {
				"north": {"uv": [1, 0, 0.5, 14.5], "texture": "#1"},
				"east": {"uv": [0, 0, 0.5, 14.5], "texture": "#1"},
				"south": {"uv": [0.5, 0, 1, 14.5], "texture": "#1"},
				"west": {"uv": [12.5, 0, 13, 14.5], "texture": "#1"},
				"up": {"uv": [0, 0, 0.5, 0.5], "texture": "#1"},
				"down": {"uv": [0, 14, 0.5, 14.5], "texture": "#1"}
			}
		},
		{
			"name": "polearm_model",
			"from": [7, -12, 6],
			"to": [10, -11, 9],
			"rotation": {"angle": 0, "axis": "y", "origin": [9, 8, 7]},
			"faces": {
				"north": {"uv": [1.25, 12.5, 2, 12.75], "texture": "#3"},
				"east": {"uv": [1.25, 12.5, 2, 12.75], "texture": "#3"},
				"south": {"uv": [1.25, 12.5, 2, 12.75], "texture": "#3"},
				"west": {"uv": [1.25, 13, 2, 13.25], "texture": "#3"},
				"up": {"uv": [1.25, 12.5, 2, 13.25], "texture": "#3"},
				"down": {"uv": [1.25, 12.5, 2, 13.25], "texture": "#3"}
			}
		}
	],
	"gui_light": "front",
	"display": {
		"thirdperson_righthand": {
			"rotation": [10, 93, 2],
			"translation": [0.75, 1.75, 2],
			"scale": [0.8, 0.9, 0.8]
		},
		"thirdperson_lefthand": {
			"rotation": [10, -93, 2],
			"translation": [0.75, 2, 2],
			"scale": [0.8, 0.9, 0.8]
		},
		"firstperson_righthand": {
			"rotation": [1, 84, 0],
			"translation": [1.13, 5.2, 1.13],
			"scale": [0.51, 0.6, 0.51]
		},
		"firstperson_lefthand": {
			"rotation": [1, -84, 0],
			"translation": [1.13, 4.45, 1.13],
			"scale": [0.51, 0.6, 0.51]
		},
		"ground": {
			"rotation": [-86, 0, 0],
			"scale": [0.45, 0.56, 0.45]
		},
		"gui": {
			"rotation": [13, -22, 0],
			"scale": [0.45, 0.5, 0.45]
		},
		"head": {
			"rotation": [1, 3, 46],
			"translation": [-3.75, -13, 7.25],
			"scale": [0.88, 0.98, 0.88]
		},
		"fixed": {
			"rotation": [4, 0, 0],
			"translation": [0, 0, -2.25],
			"scale": [1, 1.12, 1]
		}
	},
	"groups": [
		{
			"name": "polearm_model",
			"origin": [0, 0, 0],
			"color": 0,
			"children": [0, 1, 2, 3, 4, 5, 6]
		}
	]
}