{
	"credit": "Made with Blockbench",
	"textures": {
		"1": "block/kokomi2",
		"2": "block/kokomi",
		"3": "block/tassels"
	},
	"elements": [
		{
			"from": [7, 4, 4],
			"to": [9, 5.5, 5],
			"rotation": {"angle": -22.5, "axis": "y", "origin": [8, 7, 4.5]},
			"faces": {
				"north": {"uv": [0, 0, 2, 1.5], "texture": "#2"},
				"east": {"uv": [4, 6, 5, 7.5], "texture": "#2"},
				"south": {"uv": [0, 2, 2, 3.5], "texture": "#2"},
				"west": {"uv": [5, 6, 6, 7.5], "texture": "#2"},
				"up": {"uv": [6, 5, 4, 4], "texture": "#2"},
				"down": {"uv": [6, 5, 4, 6], "texture": "#2"}
			}
		},
		{
			"from": [9, 4.5, 4],
			"to": [10, 5.5, 5],
			"rotation": {"angle": -22.5, "axis": "y", "origin": [8, 7, 4.5]},
			"faces": {
				"north": {"uv": [1, 7, 2, 8], "texture": "#2"},
				"east": {"uv": [9, 5, 10, 6], "texture": "#2"},
				"south": {"uv": [6, 9, 7, 10], "texture": "#2"},
				"west": {"uv": [9, 6, 10, 7], "texture": "#2"},
				"up": {"uv": [8, 10, 7, 9], "texture": "#2"},
				"down": {"uv": [9, 9, 8, 10], "texture": "#2"}
			}
		},
		{
			"from": [6, 4.5, 4],
			"to": [7, 5.5, 5],
			"rotation": {"angle": -22.5, "axis": "y", "origin": [8, 7, 4.5]},
			"faces": {
				"north": {"uv": [9, 8, 10, 9], "texture": "#2"},
				"east": {"uv": [9, 9, 10, 10], "texture": "#2"},
				"south": {"uv": [0, 10, 1, 11], "texture": "#2"},
				"west": {"uv": [10, 0, 11, 1], "texture": "#2"},
				"up": {"uv": [2, 11, 1, 10], "texture": "#2"},
				"down": {"uv": [3, 10, 2, 11], "texture": "#2"}
			}
		},
		{
			"from": [7, 8.5, 4],
			"to": [9, 10, 5],
			"rotation": {"angle": -22.5, "axis": "y", "origin": [8, 7, 4.5]},
			"faces": {
				"north": {"uv": [2, 0, 4, 1.5], "texture": "#2"},
				"east": {"uv": [6, 5, 7, 6.5], "texture": "#2"},
				"south": {"uv": [2, 2, 4, 3.5], "texture": "#2"},
				"west": {"uv": [0, 7, 1, 8.5], "texture": "#2"},
				"up": {"uv": [2, 7, 0, 6], "texture": "#2"},
				"down": {"uv": [8, 0, 6, 1], "texture": "#2"}
			}
		},
		{
			"from": [9, 8.5, 3.99],
			"to": [10, 9.5, 4.99],
			"rotation": {"angle": -22.5, "axis": "y", "origin": [8, 7, 4.5]},
			"faces": {
				"north": {"uv": [3, 10, 4, 11], "texture": "#2"},
				"east": {"uv": [4, 10, 5, 11], "texture": "#2"},
				"south": {"uv": [5, 10, 6, 11], "texture": "#2"},
				"west": {"uv": [10, 5, 11, 6], "texture": "#2"},
				"up": {"uv": [7, 11, 6, 10], "texture": "#2"},
				"down": {"uv": [11, 6, 10, 7], "texture": "#2"}
			}
		},
		{
			"from": [6, 8.5, 3.99],
			"to": [7, 9.5, 4.99],
			"rotation": {"angle": -22.5, "axis": "y", "origin": [8, 7, 4.5]},
			"faces": {
				"north": {"uv": [7, 10, 8, 11], "texture": "#2"},
				"east": {"uv": [10, 7, 11, 8], "texture": "#2"},
				"south": {"uv": [8, 10, 9, 11], "texture": "#2"},
				"west": {"uv": [10, 8, 11, 9], "texture": "#2"},
				"up": {"uv": [10, 11, 9, 10], "texture": "#2"},
				"down": {"uv": [11, 9, 10, 10], "texture": "#2"}
			}
		},
		{
			"from": [9.5, 6, 4],
			"to": [11, 8, 5],
			"rotation": {"angle": -22.5, "axis": "y", "origin": [8, 7, 4.5]},
			"faces": {
				"north": {"uv": [0, 4, 1.5, 6], "texture": "#2"},
				"east": {"uv": [6, 1, 7, 3], "texture": "#2"},
				"south": {"uv": [4, 0, 5.5, 2], "texture": "#2"},
				"west": {"uv": [2, 6, 3, 8], "texture": "#2"},
				"up": {"uv": [8.5, 2, 7, 1], "texture": "#2"},
				"down": {"uv": [8.5, 2, 7, 3], "texture": "#2"}
			}
		},
		{
			"from": [9, 5, 3.99],
			"to": [10.5, 6, 4.99],
			"rotation": {"angle": -22.5, "axis": "y", "origin": [8, 7, 4.5]},
			"faces": {
				"north": {"uv": [7, 3, 8.5, 4], "texture": "#2"},
				"east": {"uv": [10, 10, 11, 11], "texture": "#2"},
				"south": {"uv": [7, 4, 8.5, 5], "texture": "#2"},
				"west": {"uv": [0, 11, 1, 12], "texture": "#2"},
				"up": {"uv": [8.5, 6, 7, 5], "texture": "#2"},
				"down": {"uv": [7.5, 7, 6, 8], "texture": "#2"}
			}
		},
		{
			"from": [9, 8, 4],
			"to": [10.5, 9, 5],
			"rotation": {"angle": -22.5, "axis": "y", "origin": [8, 7, 4.5]},
			"faces": {
				"north": {"uv": [7, 6, 8.5, 7], "texture": "#2"},
				"east": {"uv": [11, 0, 12, 1], "texture": "#2"},
				"south": {"uv": [8, 0, 9.5, 1], "texture": "#2"},
				"west": {"uv": [1, 11, 2, 12], "texture": "#2"},
				"up": {"uv": [2.5, 9, 1, 8], "texture": "#2"},
				"down": {"uv": [4.5, 8, 3, 9], "texture": "#2"}
			}
		},
		{
			"from": [5, 6, 4],
			"to": [6.5, 8, 5],
			"rotation": {"angle": -22.5, "axis": "y", "origin": [8, 7, 4.5]},
			"faces": {
				"north": {"uv": [2, 4, 3.5, 6], "texture": "#2"},
				"east": {"uv": [3, 6, 4, 8], "texture": "#2"},
				"south": {"uv": [4, 2, 5.5, 4], "texture": "#2"},
				"west": {"uv": [6, 3, 7, 5], "texture": "#2"},
				"up": {"uv": [6.5, 9, 5, 8], "texture": "#2"},
				"down": {"uv": [8.5, 8, 7, 9], "texture": "#2"}
			}
		},
		{
			"from": [5.5, 5, 3.99],
			"to": [7, 6, 4.99],
			"rotation": {"angle": -22.5, "axis": "y", "origin": [8, 7, 4.5]},
			"faces": {
				"north": {"uv": [8, 7, 9.5, 8], "texture": "#2"},
				"east": {"uv": [11, 1, 12, 2], "texture": "#2"},
				"south": {"uv": [0, 9, 1.5, 10], "texture": "#2"},
				"west": {"uv": [2, 11, 3, 12], "texture": "#2"},
				"up": {"uv": [10.5, 2, 9, 1], "texture": "#2"},
				"down": {"uv": [3.5, 9, 2, 10], "texture": "#2"}
			}
		},
		{
			"from": [5.5, 8, 4],
			"to": [7, 9, 5],
			"rotation": {"angle": -22.5, "axis": "y", "origin": [8, 7, 4.5]},
			"faces": {
				"north": {"uv": [9, 2, 10.5, 3], "texture": "#2"},
				"east": {"uv": [11, 2, 12, 3], "texture": "#2"},
				"south": {"uv": [9, 3, 10.5, 4], "texture": "#2"},
				"west": {"uv": [3, 11, 4, 12], "texture": "#2"},
				"up": {"uv": [5.5, 10, 4, 9], "texture": "#2"},
				"down": {"uv": [10.5, 4, 9, 5], "texture": "#2"}
			}
		},
		{
			"from": [6, 2, 3.75],
			"to": [10, 3, 5.25],
			"faces": {
				"north": {"uv": [6, 1.5, 8, 2], "texture": "#1"},
				"east": {"uv": [7.5, 0.5, 8.5, 1], "texture": "#1"},
				"south": {"uv": [6, 2, 8, 2.5], "texture": "#1"},
				"west": {"uv": [8, 2.5, 9, 3], "texture": "#1"},
				"up": {"uv": [6, 2, 4, 1], "texture": "#1"},
				"down": {"uv": [6, 2, 4, 3], "texture": "#1"}
			}
		},
		{
			"from": [6, 11.5, 3.75],
			"to": [10, 12.5, 5.25],
			"faces": {
				"north": {"uv": [6, 2.5, 8, 3], "texture": "#1"},
				"east": {"uv": [6.5, 9, 7.5, 9.5], "texture": "#1"},
				"south": {"uv": [6, 4.5, 8, 5], "texture": "#1"},
				"west": {"uv": [9, 7.5, 10, 8], "texture": "#1"},
				"up": {"uv": [4, 5.5, 2, 4.5], "texture": "#1"},
				"down": {"uv": [6.5, 3, 4.5, 4], "texture": "#1"}
			}
		},
		{
			"from": [2, 4, 3.75],
			"to": [3.5, 10.5, 5.25],
			"faces": {
				"north": {"uv": [0, 0, 1, 3.5], "texture": "#1"},
				"east": {"uv": [1, 0, 2, 3.5], "texture": "#1"},
				"south": {"uv": [2, 0, 3, 3.5], "texture": "#1"},
				"west": {"uv": [3, 0, 4, 3.5], "texture": "#1"},
				"up": {"uv": [2, 7, 1, 6], "texture": "#1"},
				"down": {"uv": [7, 5, 6, 6], "texture": "#1"}
			}
		},
		{
			"from": [1.5, 4.5, 3.75],
			"to": [2, 9.5, 5.25],
			"faces": {
				"north": {"uv": [0, 6, 0.5, 8.5], "texture": "#1"},
				"east": {"uv": [0, 3.5, 1, 6], "texture": "#1"},
				"south": {"uv": [0.5, 6, 1, 8.5], "texture": "#1"},
				"west": {"uv": [1, 3.5, 2, 6], "texture": "#1"},
				"up": {"uv": [9, 4, 8.5, 3], "texture": "#1"},
				"down": {"uv": [8, 9, 7.5, 10], "texture": "#1"}
			}
		},
		{
			"from": [10, 2.25, 3.75],
			"to": [11, 3.5, 5.25],
			"faces": {
				"north": {"uv": [4, 3, 4.5, 3.5], "texture": "#1"},
				"east": {"uv": [9, 8, 10, 8.5], "texture": "#1"},
				"south": {"uv": [11, 4.5, 11.5, 5], "texture": "#1"},
				"west": {"uv": [9, 8.5, 10, 9], "texture": "#1"},
				"up": {"uv": [9.5, 10, 9, 9], "texture": "#1"},
				"down": {"uv": [0.5, 9.5, 0, 10.5], "texture": "#1"}
			}
		},
		{
			"from": [10, 11.25, 3.75],
			"to": [11, 12.05, 5.25],
			"faces": {
				"north": {"uv": [11, 5, 11.5, 5.5], "texture": "#1"},
				"east": {"uv": [9.5, 0, 10.5, 0.5], "texture": "#1"},
				"south": {"uv": [11, 5.5, 11.5, 6], "texture": "#1"},
				"west": {"uv": [9.5, 0.5, 10.5, 1], "texture": "#1"},
				"up": {"uv": [1, 10.5, 0.5, 9.5], "texture": "#1"},
				"down": {"uv": [10, 1, 9.5, 2], "texture": "#1"}
			}
		},
		{
			"from": [11, 2.75, 3.75],
			"to": [12, 4.25, 5.25],
			"faces": {
				"north": {"uv": [2, 9.5, 2.5, 10.5], "texture": "#1"},
				"east": {"uv": [6, 6, 7, 7], "texture": "#1"},
				"south": {"uv": [9.5, 2, 10, 3], "texture": "#1"},
				"west": {"uv": [6.5, 0, 7.5, 1], "texture": "#1"},
				"up": {"uv": [3, 10.5, 2.5, 9.5], "texture": "#1"},
				"down": {"uv": [10, 3, 9.5, 4], "texture": "#1"}
			}
		},
		{
			"from": [12, 5, 3.75],
			"to": [13.5, 5.5, 5.25],
			"faces": {
				"north": {"uv": [9.5, 4, 10.5, 4.5], "texture": "#1"},
				"east": {"uv": [9.5, 4.5, 10.5, 5], "texture": "#1"},
				"south": {"uv": [9.5, 5, 10.5, 5.5], "texture": "#1"},
				"west": {"uv": [9.5, 5.5, 10.5, 6], "texture": "#1"},
				"up": {"uv": [3, 7.5, 2, 6.5], "texture": "#1"},
				"down": {"uv": [4, 6.5, 3, 7.5], "texture": "#1"}
			}
		},
		{
			"from": [12.5, 5.5, 3.75],
			"to": [14, 7, 5.25],
			"faces": {
				"north": {"uv": [6.5, 3, 7.5, 4], "texture": "#1"},
				"east": {"uv": [1, 7, 2, 8], "texture": "#1"},
				"south": {"uv": [7, 5, 8, 6], "texture": "#1"},
				"west": {"uv": [6, 7, 7, 8], "texture": "#1"},
				"up": {"uv": [8, 7, 7, 6], "texture": "#1"},
				"down": {"uv": [8, 7, 7, 8], "texture": "#1"}
			}
		},
		{
			"from": [14, 6.5, 3.75],
			"to": [14.5, 7, 5.25],
			"faces": {
				"north": {"uv": [6, 11, 6.5, 11.5], "texture": "#1"},
				"east": {"uv": [9.5, 6, 10.5, 6.5], "texture": "#1"},
				"south": {"uv": [6.5, 11, 7, 11.5], "texture": "#1"},
				"west": {"uv": [6.5, 9.5, 7.5, 10], "texture": "#1"},
				"up": {"uv": [10, 7.5, 9.5, 6.5], "texture": "#1"},
				"down": {"uv": [10, 9, 9.5, 10], "texture": "#1"}
			}
		},
		{
			"from": [12, 6, 3.75],
			"to": [12.5, 6.5, 5.25],
			"faces": {
				"north": {"uv": [11, 6.5, 11.5, 7], "texture": "#1"},
				"east": {"uv": [10, 1, 11, 1.5], "texture": "#1"},
				"south": {"uv": [7, 11, 7.5, 11.5], "texture": "#1"},
				"west": {"uv": [10, 1.5, 11, 2], "texture": "#1"},
				"up": {"uv": [10.5, 3, 10, 2], "texture": "#1"},
				"down": {"uv": [10.5, 3, 10, 4], "texture": "#1"}
			}
		},
		{
			"from": [11, 10.95, 3.75],
			"to": [11.7, 11.55, 5.25],
			"faces": {
				"north": {"uv": [11, 7, 11.5, 7.5], "texture": "#1"},
				"east": {"uv": [6.5, 10, 7.5, 10.5], "texture": "#1"},
				"south": {"uv": [7.5, 11, 8, 11.5], "texture": "#1"},
				"west": {"uv": [10, 6.5, 11, 7], "texture": "#1"},
				"up": {"uv": [10.5, 8, 10, 7], "texture": "#1"},
				"down": {"uv": [8, 10, 7.5, 11], "texture": "#1"}
			}
		},
		{
			"from": [3.7, 2.75, 3.75],
			"to": [5, 3.75, 5.25],
			"faces": {
				"north": {"uv": [11, 7.5, 11.5, 8], "texture": "#1"},
				"east": {"uv": [10, 8, 11, 8.5], "texture": "#1"},
				"south": {"uv": [11, 8, 11.5, 8.5], "texture": "#1"},
				"west": {"uv": [10, 8.5, 11, 9], "texture": "#1"},
				"up": {"uv": [9.5, 11, 9, 10], "texture": "#1"},
				"down": {"uv": [10.5, 9, 10, 10], "texture": "#1"}
			}
		},
		{
			"from": [4, 3.75, 3.77],
			"to": [7.75, 4.25, 5.27],
			"rotation": {"angle": -22.5, "axis": "z", "origin": [0, 0, 0]},
			"faces": {
				"north": {"uv": [7, 4, 9, 4.5], "texture": "#1"},
				"east": {"uv": [9.5, 10, 10.5, 10.5], "texture": "#1"},
				"south": {"uv": [7.5, 0, 9.5, 0.5], "texture": "#1"},
				"west": {"uv": [0, 10.5, 1, 11], "texture": "#1"},
				"up": {"uv": [6, 5.5, 4, 4.5], "texture": "#1"},
				"down": {"uv": [4, 5.5, 2, 6.5], "texture": "#1"}
			}
		},
		{
			"from": [-2.3, 5, 3.78],
			"to": [2.25, 5.5, 5.28],
			"rotation": {"angle": -45, "axis": "z", "origin": [0, 0, 0]},
			"faces": {
				"north": {"uv": [4.5, 4, 7, 4.5], "texture": "#1"},
				"east": {"uv": [10.5, 0, 11.5, 0.5], "texture": "#1"},
				"south": {"uv": [6, 1, 8.5, 1.5], "texture": "#1"},
				"west": {"uv": [10.5, 0.5, 11.5, 1], "texture": "#1"},
				"up": {"uv": [4.5, 4.5, 2, 3.5], "texture": "#1"},
				"down": {"uv": [6.5, 0, 4, 1], "texture": "#1"}
			}
		},
		{
			"from": [7.7, 3.75, 3.76],
			"to": [9.2, 4.5, 5.26],
			"rotation": {"angle": -22.5, "axis": "z", "origin": [0, 0, 0]},
			"faces": {
				"north": {"uv": [2, 10.5, 3, 11], "texture": "#1"},
				"east": {"uv": [10.5, 2, 11.5, 2.5], "texture": "#1"},
				"south": {"uv": [10.5, 2.5, 11.5, 3], "texture": "#1"},
				"west": {"uv": [3, 10.5, 4, 11], "texture": "#1"},
				"up": {"uv": [3, 8.5, 2, 7.5], "texture": "#1"},
				"down": {"uv": [4, 7.5, 3, 8.5], "texture": "#1"}
			}
		},
		{
			"from": [9.2, 4.25, 3.76],
			"to": [9.7, 4.5, 5.26],
			"rotation": {"angle": -22.5, "axis": "z", "origin": [0, 0, 0]},
			"faces": {
				"north": {"uv": [11, 8.5, 11.5, 9], "texture": "#1"},
				"east": {"uv": [10.5, 3, 11.5, 3.5], "texture": "#1"},
				"south": {"uv": [9, 11, 9.5, 11.5], "texture": "#1"},
				"west": {"uv": [10.5, 3.5, 11.5, 4], "texture": "#1"},
				"up": {"uv": [4.5, 11.5, 4, 10.5], "texture": "#1"},
				"down": {"uv": [11, 4, 10.5, 5], "texture": "#1"}
			}
		},
		{
			"from": [4, 9.75, 3.75],
			"to": [5, 11.75, 5.25],
			"faces": {
				"north": {"uv": [4.5, 10.5, 5, 11.5], "texture": "#1"},
				"east": {"uv": [7.5, 3, 8.5, 4], "texture": "#1"},
				"south": {"uv": [5, 10.5, 5.5, 11.5], "texture": "#1"},
				"west": {"uv": [4, 7.5, 5, 8.5], "texture": "#1"},
				"up": {"uv": [11, 6, 10.5, 5], "texture": "#1"},
				"down": {"uv": [6, 10.5, 5.5, 11.5], "texture": "#1"}
			}
		},
		{
			"from": [5, 2.25, 3.75],
			"to": [6, 3.25, 5.25],
			"faces": {
				"north": {"uv": [11, 9, 11.5, 9.5], "texture": "#1"},
				"east": {"uv": [10.5, 6, 11.5, 6.5], "texture": "#1"},
				"south": {"uv": [11, 9.5, 11.5, 10], "texture": "#1"},
				"west": {"uv": [6.5, 10.5, 7.5, 11], "texture": "#1"},
				"up": {"uv": [11, 8, 10.5, 7], "texture": "#1"},
				"down": {"uv": [8.5, 10.5, 8, 11.5], "texture": "#1"}
			}
		},
		{
			"from": [5, 10.75, 3.75],
			"to": [6, 12.25, 5.25],
			"faces": {
				"north": {"uv": [8.5, 10.5, 9, 11.5], "texture": "#1"},
				"east": {"uv": [5, 7.5, 6, 8.5], "texture": "#1"},
				"south": {"uv": [10.5, 9, 11, 10], "texture": "#1"},
				"west": {"uv": [1, 8, 2, 9], "texture": "#1"},
				"up": {"uv": [10, 11.5, 9.5, 10.5], "texture": "#1"},
				"down": {"uv": [10.5, 10.5, 10, 11.5], "texture": "#1"}
			}
		},
		{
			"from": [2.5, 3.25, 3.76],
			"to": [4, 5.25, 5.26],
			"faces": {
				"north": {"uv": [8, 1.5, 9, 2.5], "texture": "#1"},
				"east": {"uv": [8, 4.5, 9, 5.5], "texture": "#1"},
				"south": {"uv": [8, 5.5, 9, 6.5], "texture": "#1"},
				"west": {"uv": [6, 8, 7, 9], "texture": "#1"},
				"up": {"uv": [9, 7.5, 8, 6.5], "texture": "#1"},
				"down": {"uv": [8, 8, 7, 9], "texture": "#1"}
			}
		},
		{
			"from": [11.5, 3.75, 3.76],
			"to": [12.75, 5.25, 5.26],
			"faces": {
				"north": {"uv": [10.5, 10, 11, 11], "texture": "#1"},
				"east": {"uv": [8, 7.5, 9, 8.5], "texture": "#1"},
				"south": {"uv": [0, 11, 0.5, 12], "texture": "#1"},
				"west": {"uv": [0, 8.5, 1, 9.5], "texture": "#1"},
				"up": {"uv": [1, 12, 0.5, 11], "texture": "#1"},
				"down": {"uv": [1.5, 11, 1, 12], "texture": "#1"}
			}
		},
		{
			"from": [3, 9.25, 3.76],
			"to": [4, 11.25, 5.26],
			"faces": {
				"north": {"uv": [11, 1, 11.5, 2], "texture": "#1"},
				"east": {"uv": [8.5, 0.5, 9.5, 1.5], "texture": "#1"},
				"south": {"uv": [1.5, 11, 2, 12], "texture": "#1"},
				"west": {"uv": [2, 8.5, 3, 9.5], "texture": "#1"},
				"up": {"uv": [2.5, 12, 2, 11], "texture": "#1"},
				"down": {"uv": [3, 11, 2.5, 12], "texture": "#1"}
			}
		},
		{
			"from": [1, 7, 4],
			"to": [3, 11, 5],
			"rotation": {"angle": 22.5, "axis": "y", "origin": [-1, -2, 0]},
			"faces": {
				"north": {"uv": [4, 5.5, 5, 7.5], "texture": "#1"},
				"east": {"uv": [3, 8.5, 3.5, 10.5], "texture": "#1"},
				"south": {"uv": [5, 5.5, 6, 7.5], "texture": "#1"},
				"west": {"uv": [3.5, 8.5, 4, 10.5], "texture": "#1"},
				"up": {"uv": [4, 11.5, 3, 11], "texture": "#1"},
				"down": {"uv": [12, 4, 11, 4.5], "texture": "#1"}
			}
		},
		{
			"from": [1.01, 9, 5],
			"to": [2.01, 13, 6],
			"rotation": {"angle": 22.5, "axis": "y", "origin": [-1, -2, 0]},
			"faces": {
				"north": {"uv": [4, 8.5, 4.5, 10.5], "texture": "#1"},
				"east": {"uv": [4.5, 8.5, 5, 10.5], "texture": "#1"},
				"south": {"uv": [5, 8.5, 5.5, 10.5], "texture": "#1"},
				"west": {"uv": [5.5, 8.5, 6, 10.5], "texture": "#1"},
				"up": {"uv": [11.5, 10.5, 11, 10], "texture": "#1"},
				"down": {"uv": [11, 11, 10.5, 11.5], "texture": "#1"}
			}
		},
		{
			"from": [3.01, 8, 3],
			"to": [4.01, 12, 4],
			"rotation": {"angle": 0, "axis": "y", "origin": [-1, -2, 0]},
			"faces": {
				"north": {"uv": [8, 8.5, 8.5, 10.5], "texture": "#1"},
				"east": {"uv": [8.5, 8.5, 9, 10.5], "texture": "#1"},
				"south": {"uv": [1, 9, 1.5, 11], "texture": "#1"},
				"west": {"uv": [1.5, 9, 2, 11], "texture": "#1"},
				"up": {"uv": [11.5, 11, 11, 10.5], "texture": "#1"},
				"down": {"uv": [11.5, 11, 11, 11.5], "texture": "#1"}
			}
		},
		{
			"from": [2.01, 6, 3],
			"to": [3.01, 10, 4],
			"rotation": {"angle": 0, "axis": "y", "origin": [-1, -2, 0]},
			"faces": {
				"north": {"uv": [9, 1.5, 9.5, 3.5], "texture": "#1"},
				"east": {"uv": [9, 3.5, 9.5, 5.5], "texture": "#1"},
				"south": {"uv": [9, 5.5, 9.5, 7.5], "texture": "#1"},
				"west": {"uv": [6, 9, 6.5, 11], "texture": "#1"},
				"up": {"uv": [12, 0.5, 11.5, 0], "texture": "#1"},
				"down": {"uv": [12, 0.5, 11.5, 1], "texture": "#1"}
			}
		},
		{
			"from": [4, 1.1, 4.15],
			"to": [4.7, 1.8, 4.85],
			"faces": {
				"north": {"uv": [4, 4, 4.5, 4.5], "texture": "#3"},
				"east": {"uv": [0, 5, 0.5, 5.5], "texture": "#3"},
				"south": {"uv": [5, 0, 5.5, 0.5], "texture": "#3"},
				"west": {"uv": [1, 5, 1.5, 5.5], "texture": "#3"},
				"up": {"uv": [5.5, 1.5, 5, 1], "texture": "#3"},
				"down": {"uv": [2.5, 5, 2, 5.5], "texture": "#3"}
			}
		},
		{
			"from": [4.1, -0.1, 4.25],
			"to": [4.6, 0.9, 4.75],
			"faces": {
				"north": {"uv": [0, 0, 0.5, 1], "texture": "#3"},
				"east": {"uv": [0, 1, 0.5, 2], "texture": "#3"},
				"south": {"uv": [1, 0, 1.5, 1], "texture": "#3"},
				"west": {"uv": [1, 1, 1.5, 2], "texture": "#3"},
				"up": {"uv": [5.5, 2.5, 5, 2], "texture": "#3"},
				"down": {"uv": [3.5, 5, 3, 5.5], "texture": "#3"}
			}
		},
		{
			"from": [4.23, 0.9, 4.38],
			"to": [4.48, 1.9, 4.63],
			"faces": {
				"north": {"uv": [0, 2, 0.5, 3], "texture": "#3"},
				"east": {"uv": [2, 0, 2.5, 1], "texture": "#3"},
				"south": {"uv": [1, 2, 1.5, 3], "texture": "#3"},
				"west": {"uv": [2, 1, 2.5, 2], "texture": "#3"},
				"up": {"uv": [5.5, 3.5, 5, 3], "texture": "#3"},
				"down": {"uv": [4.5, 5, 4, 5.5], "texture": "#3"}
			}
		},
		{
			"from": [11, 10.1, 4.15],
			"to": [11.7, 10.8, 4.85],
			"faces": {
				"north": {"uv": [5, 4, 5.5, 4.5], "texture": "#3"},
				"east": {"uv": [5, 5, 5.5, 5.5], "texture": "#3"},
				"south": {"uv": [0, 6, 0.5, 6.5], "texture": "#3"},
				"west": {"uv": [6, 0, 6.5, 0.5], "texture": "#3"},
				"up": {"uv": [1.5, 6.5, 1, 6], "texture": "#3"},
				"down": {"uv": [6.5, 1, 6, 1.5], "texture": "#3"}
			}
		},
		{
			"from": [11.1, 8.9, 4.25],
			"to": [11.6, 9.9, 4.75],
			"faces": {
				"north": {"uv": [2, 2, 2.5, 3], "texture": "#3"},
				"east": {"uv": [0, 3, 0.5, 4], "texture": "#3"},
				"south": {"uv": [3, 0, 3.5, 1], "texture": "#3"},
				"west": {"uv": [1, 3, 1.5, 4], "texture": "#3"},
				"up": {"uv": [2.5, 6.5, 2, 6], "texture": "#3"},
				"down": {"uv": [6.5, 2, 6, 2.5], "texture": "#3"}
			}
		},
		{
			"from": [11.23, 9.9, 4.38],
			"to": [11.48, 10.9, 4.63],
			"faces": {
				"north": {"uv": [3, 1, 3.5, 2], "texture": "#3"},
				"east": {"uv": [2, 3, 2.5, 4], "texture": "#3"},
				"south": {"uv": [3, 2, 3.5, 3], "texture": "#3"},
				"west": {"uv": [3, 3, 3.5, 4], "texture": "#3"},
				"up": {"uv": [3.5, 6.5, 3, 6], "texture": "#3"},
				"down": {"uv": [6.5, 3, 6, 3.5], "texture": "#3"}
			}
		},
		{
			"from": [13, 4.1, 4.15],
			"to": [13.7, 4.8, 4.85],
			"faces": {
				"north": {"uv": [4, 6, 4.5, 6.5], "texture": "#3"},
				"east": {"uv": [6, 4, 6.5, 4.5], "texture": "#3"},
				"south": {"uv": [5, 6, 5.5, 6.5], "texture": "#3"},
				"west": {"uv": [6, 5, 6.5, 5.5], "texture": "#3"},
				"up": {"uv": [6.5, 6.5, 6, 6], "texture": "#3"},
				"down": {"uv": [0.5, 7, 0, 7.5], "texture": "#3"}
			}
		},
		{
			"from": [13.1, 2.9, 4.25],
			"to": [13.6, 3.9, 4.75],
			"faces": {
				"north": {"uv": [0, 4, 0.5, 5], "texture": "#3"},
				"east": {"uv": [4, 0, 4.5, 1], "texture": "#3"},
				"south": {"uv": [1, 4, 1.5, 5], "texture": "#3"},
				"west": {"uv": [4, 1, 4.5, 2], "texture": "#3"},
				"up": {"uv": [7.5, 0.5, 7, 0], "texture": "#3"},
				"down": {"uv": [1.5, 7, 1, 7.5], "texture": "#3"}
			}
		},
		{
			"from": [13.23, 3.9, 4.38],
			"to": [13.48, 4.9, 4.63],
			"faces": {
				"north": {"uv": [2, 4, 2.5, 5], "texture": "#3"},
				"east": {"uv": [4, 2, 4.5, 3], "texture": "#3"},
				"south": {"uv": [3, 4, 3.5, 5], "texture": "#3"},
				"west": {"uv": [4, 3, 4.5, 4], "texture": "#3"},
				"up": {"uv": [7.5, 1.5, 7, 1], "texture": "#3"},
				"down": {"uv": [2.5, 7, 2, 7.5], "texture": "#3"}
			}
		}
	],
	"display": {
		"thirdperson_righthand": {
			"rotation": [68, -5, 0],
			"translation": [0, 2.5, 4],
			"scale": [0.6, 0.6, 0.6]
		},
		"thirdperson_lefthand": {
			"rotation": [68, -5, 0],
			"translation": [0, 2.5, 4],
			"scale": [0.6, 0.6, 0.6]
		},
		"firstperson_righthand": {
			"rotation": [0, 155, 0],
			"translation": [5, 5.5, -7]
		},
		"firstperson_lefthand": {
			"rotation": [0, 155, 0],
			"translation": [5, 5.5, -7]
		},
		"ground": {
			"translation": [0, 4.5, 2.75],
			"scale": [0.7, 0.7, 0.7]
		},
		"gui": {
			"rotation": [17, -157, 0],
			"translation": [-1.75, 2.5, 0],
			"scale": [1.1, 1.1, 1.1]
		},
		"head": {
			"translation": [14.25, 4.25, 11.75]
		},
		"fixed": {
			"translation": [0, 2, 4.25],
			"scale": [1.5, 1.5, 1.5]
		}
	},
	"groups": [
		{
			"name": "donut",
			"origin": [16, 0, 0],
			"color": 0,
			"children": [0, 1, 2, 3, 4, 5, 6, 7, 8, 9, 10, 11]
		},
		{
			"name": "ring",
			"origin": [0, 0, 0],
			"color": 0,
			"children": [12, 13, 14, 15, 16, 17, 18, 19, 20, 21, 22, 23, 24, 25, 26, 27, 28, 29, 30, 31, 32, 33, 34, 35, 36, 37, 38]
		},
		{
			"name": "tassels",
			"origin": [8, 8, 8],
			"color": 0,
			"children": [
				{
					"name": "tassels",
					"origin": [8, 8, 8],
					"color": 0,
					"children": [39, 40, 41]
				},
				{
					"name": "tassels",
					"origin": [8, 8, 8],
					"color": 0,
					"children": [42, 43, 44]
				},
				45,
				46,
				47
			]
		}
	]
}