{
	"credit": "Made with Blockbench",
	"texture_size": [32, 32],
	"textures": {
		"0": "block/freedomsworn",
		"particle": "block/freedomsworn"
	},
	"elements": [
		{
			"from": [7, 3, 5.12],
			"to": [9, 15, 5.87],
			"faces": {
				"north": {"uv": [0, 0, 1, 6], "texture": "#0"},
				"east": {"uv": [2, 0, 2.5, 6], "texture": "#0"},
				"south": {"uv": [1, 0, 2, 6], "texture": "#0"},
				"west": {"uv": [2.5, 0, 3, 6], "texture": "#0"},
				"up": {"uv": [7.5, 3, 6.5, 2.5], "texture": "#0"},
				"down": {"uv": [8, 0, 7, 0.5], "texture": "#0"}
			}
		},
		{
			"from": [7.25, 1, 5.12],
			"to": [8.75, 3, 5.87],
			"faces": {
				"north": {"uv": [5.5, 5, 6.25, 6], "texture": "#0"},
				"east": {"uv": [0.5, 7, 1, 8], "texture": "#0"},
				"south": {"uv": [0, 6, 0.75, 7], "texture": "#0"},
				"west": {"uv": [7, 0.5, 7.5, 1.5], "texture": "#0"},
				"up": {"uv": [8.75, 6.5, 8, 6], "texture": "#0"},
				"down": {"uv": [8.75, 6.5, 8, 7], "texture": "#0"}
			}
		},
		{
			"from": [7.5, 0, 5.12],
			"to": [8.5, 1, 5.87],
			"faces": {
				"north": {"uv": [6, 4.5, 6.5, 5], "texture": "#0"},
				"east": {"uv": [7, 8.5, 7.5, 9], "texture": "#0"},
				"south": {"uv": [7.5, 8.5, 8, 9], "texture": "#0"},
				"west": {"uv": [9, 2, 9.5, 2.5], "texture": "#0"},
				"up": {"uv": [9.5, 3, 9, 2.5], "texture": "#0"},
				"down": {"uv": [3.5, 9, 3, 9.5], "texture": "#0"}
			}
		},
		{
			"from": [6.78, 12, 5.11],
			"to": [9.28, 14, 5.88],
			"faces": {
				"north": {"uv": [4.5, 0, 5.75, 1], "texture": "#0"},
				"east": {"uv": [7, 1.5, 7.5, 2.5], "texture": "#0"},
				"south": {"uv": [4.5, 1, 5.75, 2], "texture": "#0"},
				"west": {"uv": [4.5, 7, 5, 8], "texture": "#0"},
				"up": {"uv": [4.25, 6.5, 3, 6], "texture": "#0"},
				"down": {"uv": [7.25, 3, 6, 3.5], "texture": "#0"}
			}
		},
		{
			"from": [6.78, 14.5, 5.11],
			"to": [9.28, 17.5, 5.88],
			"faces": {
				"north": {"uv": [3, 0, 4.25, 1.5], "texture": "#0"},
				"east": {"uv": [6, 0, 6.5, 1.5], "texture": "#0"},
				"south": {"uv": [3, 1.5, 4.25, 3], "texture": "#0"},
				"west": {"uv": [1, 6, 1.5, 7.5], "texture": "#0"},
				"up": {"uv": [7.25, 4, 6, 3.5], "texture": "#0"},
				"down": {"uv": [7.25, 4, 6, 4.5], "texture": "#0"}
			}
		},
		{
			"from": [6.3, 15, 5.25],
			"to": [6.8, 18.5, 5.75],
			"faces": {
				"north": {"uv": [5, 7, 5.25, 8.75], "texture": "#0"},
				"east": {"uv": [6.5, 7, 6.75, 8.75], "texture": "#0"},
				"south": {"uv": [7, 6.5, 7.25, 8.25], "texture": "#0"},
				"west": {"uv": [7.5, 0.5, 7.75, 2.25], "texture": "#0"},
				"up": {"uv": [1.25, 10.25, 1, 10], "texture": "#0"},
				"down": {"uv": [1.75, 10, 1.5, 10.25], "texture": "#0"}
			}
		},
		{
			"from": [7.25, 17, 5.25],
			"to": [8.75, 20.5, 5.75],
			"faces": {
				"north": {"uv": [3, 3, 3.75, 4.75], "texture": "#0"},
				"east": {"uv": [7.5, 2.5, 7.75, 4.25], "texture": "#0"},
				"south": {"uv": [4, 3, 4.75, 4.75], "texture": "#0"},
				"west": {"uv": [7.5, 6.5, 7.75, 8.25], "texture": "#0"},
				"up": {"uv": [9.75, 6.75, 9, 6.5], "texture": "#0"},
				"down": {"uv": [9.75, 7, 9, 7.25], "texture": "#0"}
			}
		},
		{
			"from": [7.38, 17.75, 5.75],
			"to": [8.63, 20.25, 5.95],
			"faces": {
				"north": {"uv": [3, 3.25, 3.75, 4.5], "texture": "#0"},
				"east": {"uv": [7.5, 2.75, 7.75, 4], "texture": "#0"},
				"south": {"uv": [4, 3.25, 4.75, 4.5], "texture": "#0"},
				"west": {"uv": [13, 6.75, 13.1, 8], "texture": "#0"},
				"up": {"uv": [13, 6.5, 12.25, 6.25], "texture": "#0"},
				"down": {"uv": [11.25, 7.5, 10.5, 7.75], "texture": "#0"}
			}
		},
		{
			"from": [7.38, 17.75, 5],
			"to": [8.63, 20.25, 5.2],
			"faces": {
				"north": {"uv": [3, 3.25, 3.75, 4.5], "texture": "#0"},
				"east": {"uv": [7.5, 2.75, 7.75, 4], "texture": "#0"},
				"south": {"uv": [4, 3.25, 4.75, 4.5], "texture": "#0"},
				"west": {"uv": [13, 6.75, 13.1, 8], "texture": "#0"},
				"up": {"uv": [13, 5.75, 12.25, 5.5], "texture": "#0"},
				"down": {"uv": [11.25, 7.5, 10.5, 7.75], "texture": "#0"}
			}
		},
		{
			"from": [6.75, 17.5, 5.28],
			"to": [9.25, 18, 5.68],
			"faces": {
				"north": {"uv": [8.5, 8, 9.75, 8.25], "texture": "#0"},
				"east": {"uv": [4.5, 10, 4.75, 10.25], "texture": "#0"},
				"south": {"uv": [8.5, 8.5, 9.75, 8.75], "texture": "#0"},
				"west": {"uv": [10, 4.5, 10.25, 4.75], "texture": "#0"},
				"up": {"uv": [10.25, 0.25, 9, 0], "texture": "#0"},
				"down": {"uv": [10.25, 0.5, 9, 0.75], "texture": "#0"}
			}
		},
		{
			"from": [7.6, 20.5, 5.29],
			"to": [8.35, 23, 5.69],
			"faces": {
				"north": {"uv": [5, 3, 5.5, 4.75], "texture": "#0"},
				"east": {"uv": [8, 0, 8.25, 1.75], "texture": "#0"},
				"south": {"uv": [4.5, 5, 5, 6.75], "texture": "#0"},
				"west": {"uv": [0.5, 8, 0.75, 9.75], "texture": "#0"},
				"up": {"uv": [10, 9.25, 9.5, 9], "texture": "#0"},
				"down": {"uv": [10, 9.5, 9.5, 9.75], "texture": "#0"}
			}
		},
		{
			"from": [7.75, 12.7, 4.9],
			"to": [8.25, 16.2, 6.1],
			"faces": {
				"north": {"uv": [8, 2, 8.25, 3.75], "texture": "#0"},
				"east": {"uv": [5, 5, 5.5, 6.75], "texture": "#0"},
				"south": {"uv": [8, 4, 8.25, 5.75], "texture": "#0"},
				"west": {"uv": [5.5, 3, 6, 4.75], "texture": "#0"},
				"up": {"uv": [0.25, 10.5, 0, 10], "texture": "#0"},
				"down": {"uv": [0.75, 10, 0.5, 10.5], "texture": "#0"}
			}
		},
		{
			"from": [6.75, 14.7, 4.85],
			"to": [9.25, 15.2, 6.15],
			"faces": {
				"north": {"uv": [9, 1, 10.25, 1.25], "texture": "#0"},
				"east": {"uv": [1, 9.5, 1.75, 9.75], "texture": "#0"},
				"south": {"uv": [9, 1.5, 10.25, 1.75], "texture": "#0"},
				"west": {"uv": [2, 9.5, 2.75, 9.75], "texture": "#0"},
				"up": {"uv": [5.75, 2.75, 4.5, 2], "texture": "#0"},
				"down": {"uv": [4.25, 5, 3, 5.75], "texture": "#0"}
			}
		},
		{
			"from": [7.49, 23, 5.12],
			"to": [8.49, 24.5, 5.87],
			"faces": {
				"north": {"uv": [8.5, 4, 9, 4.75], "texture": "#0"},
				"east": {"uv": [8.5, 5, 9, 5.75], "texture": "#0"},
				"south": {"uv": [5.5, 8.5, 6, 9.25], "texture": "#0"},
				"west": {"uv": [6, 8.5, 6.5, 9.25], "texture": "#0"},
				"up": {"uv": [5.5, 9.5, 5, 9], "texture": "#0"},
				"down": {"uv": [9.5, 5.5, 9, 6], "texture": "#0"}
			}
		},
		{
			"from": [9.2, 15, 5.25],
			"to": [9.7, 18.5, 5.75],
			"rotation": {"angle": 0, "axis": "y", "origin": [16, 0, 0]},
			"faces": {
				"north": {"uv": [1, 7.5, 1.25, 9.25], "texture": "#0"},
				"east": {"uv": [1.5, 7.5, 1.75, 9.25], "texture": "#0"},
				"south": {"uv": [2, 7.5, 2.25, 9.25], "texture": "#0"},
				"west": {"uv": [2.5, 7.5, 2.75, 9.25], "texture": "#0"},
				"up": {"uv": [2.25, 10.25, 2, 10], "texture": "#0"},
				"down": {"uv": [10.25, 2, 10, 2.25], "texture": "#0"}
			}
		},
		{
			"from": [3, 13.35, 5.23],
			"to": [3.5, 14.35, 5.73],
			"rotation": {"angle": -22.5, "axis": "z", "origin": [16, 0, 0]},
			"faces": {
				"north": {"uv": [3, 9.5, 3.25, 10], "texture": "#0"},
				"east": {"uv": [9.5, 3, 9.75, 3.5], "texture": "#0"},
				"south": {"uv": [3.5, 9.5, 3.75, 10], "texture": "#0"},
				"west": {"uv": [9.5, 3.5, 9.75, 4], "texture": "#0"},
				"up": {"uv": [2.75, 10.25, 2.5, 10], "texture": "#0"},
				"down": {"uv": [10.25, 2.5, 10, 2.75], "texture": "#0"}
			}
		},
		{
			"from": [16.8, 19, 5.241],
			"to": [17.3, 23.3, 5.741],
			"rotation": {"angle": 22.5, "axis": "z", "origin": [16, 0, 0]},
			"faces": {
				"north": {"uv": [5.5, 6, 5.75, 8.25], "texture": "#0"},
				"east": {"uv": [6, 6, 6.25, 8.25], "texture": "#0"},
				"south": {"uv": [6.5, 0, 6.75, 2.25], "texture": "#0"},
				"west": {"uv": [3, 6.5, 3.25, 8.75], "texture": "#0"},
				"up": {"uv": [3.25, 10.25, 3, 10], "texture": "#0"},
				"down": {"uv": [10.25, 3, 10, 3.25], "texture": "#0"}
			}
		},
		{
			"from": [12.5, 13.35, 5.23],
			"to": [13, 14.35, 5.73],
			"rotation": {"angle": 22.5, "axis": "z", "origin": [0, 0, 0]},
			"faces": {
				"north": {"uv": [4, 9.5, 4.25, 10], "texture": "#0"},
				"east": {"uv": [4.5, 9.5, 4.75, 10], "texture": "#0"},
				"south": {"uv": [5, 9.5, 5.25, 10], "texture": "#0"},
				"west": {"uv": [5.5, 9.5, 5.75, 10], "texture": "#0"},
				"up": {"uv": [4.25, 10.25, 4, 10], "texture": "#0"},
				"down": {"uv": [10.25, 4, 10, 4.25], "texture": "#0"}
			}
		},
		{
			"from": [-1.3, 19, 5.24],
			"to": [-0.8, 23.3, 5.74],
			"rotation": {"angle": -22.5, "axis": "z", "origin": [0, 0, 0]},
			"faces": {
				"north": {"uv": [3.5, 6.5, 3.75, 8.75], "texture": "#0"},
				"east": {"uv": [4, 6.5, 4.25, 8.75], "texture": "#0"},
				"south": {"uv": [6.5, 4.5, 6.75, 6.75], "texture": "#0"},
				"west": {"uv": [0, 7, 0.25, 9.25], "texture": "#0"},
				"up": {"uv": [3.75, 10.25, 3.5, 10], "texture": "#0"},
				"down": {"uv": [10.25, 3.5, 10, 3.75], "texture": "#0"}
			}
		},
		{
			"from": [9.80779, 15.15236, 5.3],
			"to": [10.80779, 18.15236, 5.7],
			"rotation": {"angle": -22.5, "axis": "z", "origin": [10.30779, 16.65236, 5.5]},
			"faces": {
				"north": {"uv": [1.5, 6, 2, 7.5], "texture": "#0"},
				"east": {"uv": [4.5, 8, 4.75, 9.5], "texture": "#0"},
				"south": {"uv": [6, 1.5, 6.5, 3], "texture": "#0"},
				"west": {"uv": [8, 8, 8.25, 9.5], "texture": "#0"},
				"up": {"uv": [10, 2.25, 9.5, 2], "texture": "#0"},
				"down": {"uv": [10, 2.5, 9.5, 2.75], "texture": "#0"}
			}
		},
		{
			"from": [11.10272, 18.2, 5.31],
			"to": [12.60272, 19, 5.69],
			"rotation": {"angle": 45, "axis": "z", "origin": [11.85272, 17.85179, 5.5]},
			"faces": {
				"north": {"uv": [8, 7, 8.75, 7.5], "texture": "#0"},
				"east": {"uv": [7.5, 9, 7.75, 9.5], "texture": "#0"},
				"south": {"uv": [8, 7.5, 8.75, 8], "texture": "#0"},
				"west": {"uv": [0, 9.5, 0.25, 10], "texture": "#0"},
				"up": {"uv": [9.75, 6.25, 9, 6], "texture": "#0"},
				"down": {"uv": [7.25, 9, 6.5, 9.25], "texture": "#0"}
			}
		},
		{
			"from": [7, 17.08, 5.31],
			"to": [8.75, 17.88, 5.69],
			"rotation": {"angle": 45, "axis": "z", "origin": [11.85272, 17.85179, 5.5]},
			"faces": {
				"north": {"uv": [7, 4.5, 8, 5], "texture": "#0"},
				"east": {"uv": [9.5, 5.5, 9.75, 6], "texture": "#0"},
				"south": {"uv": [7, 5, 8, 5.5], "texture": "#0"},
				"west": {"uv": [6, 9.5, 6.25, 10], "texture": "#0"},
				"up": {"uv": [4.5, 9.25, 3.5, 9], "texture": "#0"},
				"down": {"uv": [10, 4, 9, 4.25], "texture": "#0"}
			}
		},
		{
			"from": [3.39728, 18.2, 5.31],
			"to": [4.89728, 19, 5.69],
			"rotation": {"angle": -45, "axis": "z", "origin": [4.14728, 17.85179, 5.5]},
			"faces": {
				"north": {"uv": [8.5, 3, 9.25, 3.5], "texture": "#0"},
				"east": {"uv": [8.5, 9.5, 8.75, 10], "texture": "#0"},
				"south": {"uv": [8.5, 3.5, 9.25, 4], "texture": "#0"},
				"west": {"uv": [9, 9.5, 9.25, 10], "texture": "#0"},
				"up": {"uv": [9.75, 7.75, 9, 7.5], "texture": "#0"},
				"down": {"uv": [9.25, 9, 8.5, 9.25], "texture": "#0"}
			}
		},
		{
			"from": [5.19221, 15.15236, 5.3],
			"to": [6.19221, 18.15236, 5.7],
			"rotation": {"angle": 22.5, "axis": "z", "origin": [5.69221, 16.65236, 5.5]},
			"faces": {
				"north": {"uv": [2, 6, 2.5, 7.5], "texture": "#0"},
				"east": {"uv": [8.5, 0, 8.75, 1.5], "texture": "#0"},
				"south": {"uv": [2.5, 6, 3, 7.5], "texture": "#0"},
				"west": {"uv": [8.5, 1.5, 8.75, 3], "texture": "#0"},
				"up": {"uv": [8, 9.75, 7.5, 9.5], "texture": "#0"},
				"down": {"uv": [8.5, 9.5, 8, 9.75], "texture": "#0"}
			}
		},
		{
			"from": [7.25, 17.08, 5.31],
			"to": [9, 17.88, 5.69],
			"rotation": {"angle": -45, "axis": "z", "origin": [4.14728, 17.85179, 5.5]},
			"faces": {
				"north": {"uv": [7, 5.5, 8, 6], "texture": "#0"},
				"east": {"uv": [6.5, 9.5, 6.75, 10], "texture": "#0"},
				"south": {"uv": [7, 6, 8, 6.5], "texture": "#0"},
				"west": {"uv": [7, 9.5, 7.25, 10], "texture": "#0"},
				"up": {"uv": [10, 4.75, 9, 4.5], "texture": "#0"},
				"down": {"uv": [10, 5, 9, 5.25], "texture": "#0"}
			}
		}
	],
	"display": {
		"thirdperson_righthand": {
			"rotation": [-177, 90, 0],
			"translation": [2, 8.25, 1.75],
			"scale": [0.8, 0.8, 0.8]
		},
		"thirdperson_lefthand": {
			"rotation": [0, 90, 0],
			"translation": [0.5, -7.25, 2.5],
			"scale": [0.8, 0.8, 0.8]
		},
		"firstperson_righthand": {
			"rotation": [169, 69, -3],
			"translation": [4.25, 9, -1],
			"scale": [0.8, 0.8, 0.8]
		},
		"firstperson_lefthand": {
			"rotation": [169, 69, -3],
			"translation": [4.25, 9, -1],
			"scale": [0.8, 0.8, 0.8]
		},
		"ground": {
			"rotation": [49, 69, 0],
			"translation": [1.75, 0.25, -0.5],
			"scale": [0.7, 0.7, 0.7]
		},
		"gui": {
			"rotation": [-9, 151, -130],
			"translation": [3.75, 2.5, 0],
			"scale": [0.9, 0.9, 0.9]
		},
		"head": {
			"rotation": [0, 0, -42],
			"translation": [-2.5, -19.75, 7],
			"scale": [1.2, 1.2, 1.2]
		},
		"fixed": {
			"translation": [0, -4.75, 6.5],
			"scale": [2.8, 2.8, 2.8]
		}
	},
	"groups": [
		0,
		1,
		2,
		3,
		4,
		{
			"name": "group",
			"origin": [16, 0, 0],
			"color": 0,
			"children": [5, 6, 7, 8, 9, 10, 11, 12, 13, 14, 15, 16, 17, 18, 19, 20, 21, 22, 23, 24]
		}
	]
}