{
	"credit": "Made with Blockbench",
	"texture_size": [32, 32],
	"textures": {
		"0": "block/ganyu",
		"particle": "block/ganyu"
	},
	"elements": [
		{
			"from": [-4, 2, 2],
			"to": [-1, 5, 7],
			"rotation": {"angle": 0, "axis": "y", "origin": [16, 0, 0]},
			"faces": {
				"north": {"uv": [6.5, 5, 5, 6.5], "texture": "#0"},
				"east": {"uv": [2.5, 1.5, 0, 3], "texture": "#0"},
				"south": {"uv": [1.5, 5.5, 0, 7], "texture": "#0"},
				"west": {"uv": [2.5, 0, 0, 1.5], "texture": "#0"},
				"up": {"uv": [2.5, 2.5, 4, 0], "texture": "#0"},
				"down": {"uv": [2.5, 2.5, 4, 5], "texture": "#0"}
			}
		},
		{
			"from": [-3, 1, 0],
			"to": [0, 4, 3],
			"rotation": {"angle": 0, "axis": "y", "origin": [16, 0, 0]},
			"faces": {
				"north": {"uv": [7.5, 2.5, 6, 4], "texture": "#0"},
				"east": {"uv": [8, 4, 6.5, 5.5], "texture": "#0"},
				"south": {"uv": [5, 6.5, 3.5, 8], "texture": "#0"},
				"west": {"uv": [8, 0, 6.5, 1.5], "texture": "#0"},
				"up": {"uv": [5, 8, 6.5, 6.5], "texture": "#0"},
				"down": {"uv": [6.5, 5.5, 8, 7], "texture": "#0"}
			}
		},
		{
			"from": [-4.5, 1, 5],
			"to": [-2.5, 4, 10],
			"rotation": {"angle": 0, "axis": "y", "origin": [16, 0, 0]},
			"faces": {
				"north": {"uv": [2.5, 5.5, 1.5, 7], "texture": "#0"},
				"east": {"uv": [6.5, 0, 4, 1.5], "texture": "#0"},
				"south": {"uv": [1, 7, 0, 8.5], "texture": "#0"},
				"west": {"uv": [2.5, 3, 0, 4.5], "texture": "#0"},
				"up": {"uv": [4, 4, 5, 1.5], "texture": "#0"},
				"down": {"uv": [4, 4, 5, 6.5], "texture": "#0"}
			}
		},
		{
			"from": [-4.5, 1, 12],
			"to": [-2.5, 3, 14],
			"rotation": {"angle": 0, "axis": "y", "origin": [16, 0, 0]},
			"faces": {
				"north": {"uv": [8.5, 1.5, 7.5, 2.5], "texture": "#0"},
				"east": {"uv": [8.5, 7, 7.5, 8], "texture": "#0"},
				"south": {"uv": [8.5, 2.5, 7.5, 3.5], "texture": "#0"},
				"west": {"uv": [3, 7.5, 2, 8.5], "texture": "#0"},
				"up": {"uv": [8, 1, 9, 0], "texture": "#0"},
				"down": {"uv": [1, 8, 2, 9], "texture": "#0"}
			}
		},
		{
			"from": [-2, 3, 14.75],
			"to": [-1, 4, 15.75],
			"rotation": {"angle": 0, "axis": "y", "origin": [16, 0, 0]},
			"faces": {
				"north": {"uv": [4, 5, 3.5, 5.5], "texture": "#0"},
				"east": {"uv": [6.5, 4, 6, 4.5], "texture": "#0"},
				"south": {"uv": [4, 6, 3.5, 6.5], "texture": "#0"},
				"west": {"uv": [4, 5.5, 3.5, 6], "texture": "#0"},
				"up": {"uv": [6, 5, 6.5, 4.5], "texture": "#0"},
				"down": {"uv": [2, 7, 2.5, 7.5], "texture": "#0"}
			}
		},
		{
			"from": [-3, 2, 13],
			"to": [-1.5, 3.5, 15],
			"rotation": {"angle": 0, "axis": "y", "origin": [16, 0, 0]},
			"faces": {
				"north": {"uv": [4, 8, 3, 9], "texture": "#0"},
				"east": {"uv": [9, 4.5, 8, 5.5], "texture": "#0"},
				"south": {"uv": [5, 8, 4, 9], "texture": "#0"},
				"west": {"uv": [9, 3.5, 8, 4.5], "texture": "#0"},
				"up": {"uv": [5, 9, 6, 8], "texture": "#0"},
				"down": {"uv": [8, 5.5, 9, 6.5], "texture": "#0"}
			}
		},
		{
			"from": [-5, 0.5, 8],
			"to": [-3, 2.5, 13],
			"rotation": {"angle": 0, "axis": "y", "origin": [16, 0, 0]},
			"faces": {
				"north": {"uv": [2, 7, 1, 8], "texture": "#0"},
				"east": {"uv": [7.5, 1.5, 5, 2.5], "texture": "#0"},
				"south": {"uv": [7.5, 7, 6.5, 8], "texture": "#0"},
				"west": {"uv": [2.5, 4.5, 0, 5.5], "texture": "#0"},
				"up": {"uv": [2.5, 7.5, 3.5, 5], "texture": "#0"},
				"down": {"uv": [5, 2.5, 6, 5], "texture": "#0"}
			}
		},
		{
			"from": [17, 2, 2],
			"to": [20, 5, 7],
			"faces": {
				"north": {"uv": [5, 5, 6.5, 6.5], "texture": "#0"},
				"east": {"uv": [0, 0, 2.5, 1.5], "texture": "#0"},
				"south": {"uv": [0, 5.5, 1.5, 7], "texture": "#0"},
				"west": {"uv": [0, 1.5, 2.5, 3], "texture": "#0"},
				"up": {"uv": [4, 2.5, 2.5, 0], "texture": "#0"},
				"down": {"uv": [4, 2.5, 2.5, 5], "texture": "#0"}
			}
		},
		{
			"from": [16, 1, 0],
			"to": [19, 4, 3],
			"faces": {
				"north": {"uv": [6, 2.5, 7.5, 4], "texture": "#0"},
				"east": {"uv": [6.5, 0, 8, 1.5], "texture": "#0"},
				"south": {"uv": [3.5, 6.5, 5, 8], "texture": "#0"},
				"west": {"uv": [6.5, 4, 8, 5.5], "texture": "#0"},
				"up": {"uv": [6.5, 8, 5, 6.5], "texture": "#0"},
				"down": {"uv": [8, 5.5, 6.5, 7], "texture": "#0"}
			}
		},
		{
			"from": [18.5, 1, 5],
			"to": [20.5, 4, 10],
			"faces": {
				"north": {"uv": [1.5, 5.5, 2.5, 7], "texture": "#0"},
				"east": {"uv": [0, 3, 2.5, 4.5], "texture": "#0"},
				"south": {"uv": [0, 7, 1, 8.5], "texture": "#0"},
				"west": {"uv": [4, 0, 6.5, 1.5], "texture": "#0"},
				"up": {"uv": [5, 4, 4, 1.5], "texture": "#0"},
				"down": {"uv": [5, 4, 4, 6.5], "texture": "#0"}
			}
		},
		{
			"from": [18.5, 1, 12],
			"to": [20.5, 3, 14],
			"faces": {
				"north": {"uv": [7.5, 1.5, 8.5, 2.5], "texture": "#0"},
				"east": {"uv": [2, 7.5, 3, 8.5], "texture": "#0"},
				"south": {"uv": [7.5, 2.5, 8.5, 3.5], "texture": "#0"},
				"west": {"uv": [7.5, 7, 8.5, 8], "texture": "#0"},
				"up": {"uv": [9, 1, 8, 0], "texture": "#0"},
				"down": {"uv": [2, 8, 1, 9], "texture": "#0"}
			}
		},
		{
			"from": [17, 3, 14.75],
			"to": [18, 4, 15.75],
			"faces": {
				"north": {"uv": [3.5, 5, 4, 5.5], "texture": "#0"},
				"east": {"uv": [3.5, 5.5, 4, 6], "texture": "#0"},
				"south": {"uv": [3.5, 6, 4, 6.5], "texture": "#0"},
				"west": {"uv": [6, 4, 6.5, 4.5], "texture": "#0"},
				"up": {"uv": [6.5, 5, 6, 4.5], "texture": "#0"},
				"down": {"uv": [2.5, 7, 2, 7.5], "texture": "#0"}
			}
		},
		{
			"from": [17.5, 2, 13],
			"to": [19, 3.5, 15],
			"faces": {
				"north": {"uv": [3, 8, 4, 9], "texture": "#0"},
				"east": {"uv": [8, 3.5, 9, 4.5], "texture": "#0"},
				"south": {"uv": [4, 8, 5, 9], "texture": "#0"},
				"west": {"uv": [8, 4.5, 9, 5.5], "texture": "#0"},
				"up": {"uv": [6, 9, 5, 8], "texture": "#0"},
				"down": {"uv": [9, 5.5, 8, 6.5], "texture": "#0"}
			}
		},
		{
			"from": [19, 0.5, 8],
			"to": [21, 2.5, 13],
			"faces": {
				"north": {"uv": [1, 7, 2, 8], "texture": "#0"},
				"east": {"uv": [0, 4.5, 2.5, 5.5], "texture": "#0"},
				"south": {"uv": [6.5, 7, 7.5, 8], "texture": "#0"},
				"west": {"uv": [5, 1.5, 7.5, 2.5], "texture": "#0"},
				"up": {"uv": [3.5, 7.5, 2.5, 5], "texture": "#0"},
				"down": {"uv": [6, 2.5, 5, 5], "texture": "#0"}
			}
		}
	],
	"display": {
		"thirdperson_righthand": {
			"translation": [0, 2.25, 1.25],
			"scale": [0.21, 0.32, 0.3]
		},
		"thirdperson_lefthand": {
			"translation": [0, 2.25, 1.25],
			"scale": [0.21, 0.32, 0.3]
		},
		"firstperson_righthand": {
			"translation": [3.5, 5.75, 0],
			"scale": [0.53, 1, 1]
		},
		"firstperson_lefthand": {
			"translation": [3.5, 5.75, 0],
			"scale": [0.53, 1, 1]
		},
		"ground": {
			"translation": [0, 3.5, 0],
			"scale": [0.4, 0.5, 0.5]
		},
		"gui": {
			"rotation": [17, -133, 0],
			"translation": [-0.25, 4.5, 0],
			"scale": [0.56, 0.99, 0.79]
		},
		"head": {
			"rotation": [7, 0, 0],
			"translation": [0, 9, 1.5],
			"scale": [0.7, 1, 0.85]
		},
		"fixed": {
			"rotation": [-90, 0, 0],
			"translation": [0, 0.5, -6.5],
			"scale": [0.64, 1, 1]
		}
	},
	"groups": [
		{
			"name": "group",
			"origin": [16, 0, 0],
			"color": 0,
			"children": [0, 1, 2, 3, 4, 5, 6]
		},
		{
			"name": "group",
			"origin": [0, 0, 0],
			"color": 0,
			"children": [7, 8, 9, 10, 11, 12, 13]
		}
	]
}