{
	"credit": "Made with Blockbench",
	"texture_size": [64, 64],
	"textures": {
		"0": "block/hutao",
		"particle": "block/hutao"
	},
	"elements": [
		{
			"from": [3.5, 1, 2],
			"to": [12.5, 1.5, 14],
			"faces": {
				"north": {"uv": [0.75, 8.25, 3, 8.375], "texture": "#0"},
				"east": {"uv": [8, 4.75, 11, 4.875], "texture": "#0"},
				"south": {"uv": [8.25, 2.75, 10.5, 2.875], "texture": "#0"},
				"west": {"uv": [7.5, 8, 10.5, 8.125], "texture": "#0"},
				"up": {"uv": [2.25, 3, 0, 0], "texture": "#0"},
				"down": {"uv": [4.5, 0, 2.25, 3], "texture": "#0"}
			}
		},
		{
			"from": [3.5, 1.5, 3],
			"to": [12.5, 5, 13],
			"faces": {
				"north": {"uv": [2.5, 6, 4.75, 6.875], "texture": "#0"},
				"east": {"uv": [4.5, 5, 7, 5.875], "texture": "#0"},
				"south": {"uv": [4.75, 6, 7, 6.875], "texture": "#0"},
				"west": {"uv": [0, 5.5, 2.5, 6.375], "texture": "#0"},
				"up": {"uv": [2.25, 5.5, 0, 3], "texture": "#0"},
				"down": {"uv": [4.5, 3, 2.25, 5.5], "texture": "#0"}
			}
		},
		{
			"from": [12.5, 1.5, 4],
			"to": [13.5, 5, 12],
			"faces": {
				"north": {"uv": [3, 8.25, 3.25, 9.125], "texture": "#0"},
				"east": {"uv": [0, 6.5, 2, 7.375], "texture": "#0"},
				"south": {"uv": [3.25, 8.25, 3.5, 9.125], "texture": "#0"},
				"west": {"uv": [2, 7, 4, 7.875], "texture": "#0"},
				"up": {"uv": [8.25, 4.75, 8, 2.75], "texture": "#0"},
				"down": {"uv": [3.75, 8, 3.5, 10], "texture": "#0"}
			}
		},
		{
			"from": [2.5, 1.5, 4],
			"to": [3.5, 5, 12],
			"faces": {
				"north": {"uv": [7.5, 8.25, 7.75, 9.125], "texture": "#0"},
				"east": {"uv": [4, 7, 6, 7.875], "texture": "#0"},
				"south": {"uv": [7.75, 8.25, 8, 9.125], "texture": "#0"},
				"west": {"uv": [7, 5, 9, 5.875], "texture": "#0"},
				"up": {"uv": [4, 10, 3.75, 8], "texture": "#0"},
				"down": {"uv": [4.25, 8, 4, 10], "texture": "#0"}
			}
		},
		{
			"from": [12.5, 1, 3.5],
			"to": [14, 1.5, 12.5],
			"faces": {
				"north": {"uv": [9.75, 9.5, 10.125, 9.625], "texture": "#0"},
				"east": {"uv": [8.25, 3, 10.5, 3.125], "texture": "#0"},
				"south": {"uv": [9.75, 9.75, 10.125, 9.875], "texture": "#0"},
				"west": {"uv": [8.25, 3.25, 10.5, 3.375], "texture": "#0"},
				"up": {"uv": [6.375, 9.5, 6, 7.25], "texture": "#0"},
				"down": {"uv": [6.875, 7.25, 6.5, 9.5], "texture": "#0"}
			}
		},
		{
			"from": [2, 1, 3.5],
			"to": [3.5, 1.5, 12.5],
			"faces": {
				"north": {"uv": [0, 10, 0.375, 10.125], "texture": "#0"},
				"east": {"uv": [8.25, 3.5, 10.5, 3.625], "texture": "#0"},
				"south": {"uv": [0.5, 10, 0.875, 10.125], "texture": "#0"},
				"west": {"uv": [8.25, 3.75, 10.5, 3.875], "texture": "#0"},
				"up": {"uv": [7.375, 9.5, 7, 7.25], "texture": "#0"},
				"down": {"uv": [0.375, 7.5, 0, 9.75], "texture": "#0"}
			}
		},
		{
			"from": [3, 0, 1],
			"to": [13, 1, 2],
			"faces": {
				"north": {"uv": [8, 0.75, 10.5, 1], "texture": "#0"},
				"east": {"uv": [4.25, 5.5, 4.5, 5.75], "texture": "#0"},
				"south": {"uv": [8, 1, 10.5, 1.25], "texture": "#0"},
				"west": {"uv": [4.25, 5.75, 4.5, 6], "texture": "#0"},
				"up": {"uv": [10.5, 1.5, 8, 1.25], "texture": "#0"},
				"down": {"uv": [10.5, 1.5, 8, 1.75], "texture": "#0"}
			}
		},
		{
			"from": [2, 0, 2],
			"to": [14, 1, 3],
			"faces": {
				"north": {"uv": [7, 6.75, 10, 7], "texture": "#0"},
				"east": {"uv": [1.75, 7.5, 2, 7.75], "texture": "#0"},
				"south": {"uv": [7.5, 7.25, 10.5, 7.5], "texture": "#0"},
				"west": {"uv": [1.75, 7.75, 2, 8], "texture": "#0"},
				"up": {"uv": [10.5, 7.75, 7.5, 7.5], "texture": "#0"},
				"down": {"uv": [10.5, 7.75, 7.5, 8], "texture": "#0"}
			}
		},
		{
			"from": [1, 0, 3],
			"to": [15, 1, 8],
			"faces": {
				"north": {"uv": [6, 7, 9.5, 7.25], "texture": "#0"},
				"east": {"uv": [2.5, 5.5, 3.75, 5.75], "texture": "#0"},
				"south": {"uv": [7, 6, 10.5, 6.25], "texture": "#0"},
				"west": {"uv": [2.5, 5.75, 3.75, 6], "texture": "#0"},
				"up": {"uv": [8, 1.25, 4.5, 0], "texture": "#0"},
				"down": {"uv": [8, 1.25, 4.5, 2.5], "texture": "#0"}
			}
		},
		{
			"from": [1, 0, 8],
			"to": [15, 1, 13],
			"rotation": {"angle": 0, "axis": "y", "origin": [0, 0, 16]},
			"faces": {
				"north": {"uv": [7, 6.25, 10.5, 6.5], "texture": "#0"},
				"east": {"uv": [0.5, 7.5, 1.75, 7.75], "texture": "#0"},
				"south": {"uv": [7, 6.5, 10.5, 6.75], "texture": "#0"},
				"west": {"uv": [0.5, 7.75, 1.75, 8], "texture": "#0"},
				"up": {"uv": [8, 3.75, 4.5, 2.5], "texture": "#0"},
				"down": {"uv": [8, 3.75, 4.5, 5], "texture": "#0"}
			}
		},
		{
			"from": [2, 0, 13],
			"to": [14, 1, 14],
			"rotation": {"angle": 0, "axis": "y", "origin": [0, 0, 16]},
			"faces": {
				"north": {"uv": [8, 0, 11, 0.25], "texture": "#0"},
				"east": {"uv": [9.5, 7, 9.75, 7.25], "texture": "#0"},
				"south": {"uv": [8, 0.25, 11, 0.5], "texture": "#0"},
				"west": {"uv": [9.5, 9, 9.75, 9.25], "texture": "#0"},
				"up": {"uv": [3.5, 8.25, 0.5, 8], "texture": "#0"},
				"down": {"uv": [11, 0.5, 8, 0.75], "texture": "#0"}
			}
		},
		{
			"from": [2.5, 1, 12],
			"to": [3.5, 4, 13],
			"faces": {
				"north": {"uv": [8, 8.25, 8.25, 9], "texture": "#0"},
				"east": {"uv": [8.25, 8.25, 8.5, 9], "texture": "#0"},
				"south": {"uv": [0.75, 8.5, 1, 9.25], "texture": "#0"},
				"west": {"uv": [1, 8.5, 1.25, 9.25], "texture": "#0"},
				"up": {"uv": [0.25, 10, 0, 9.75], "texture": "#0"},
				"down": {"uv": [0.5, 9.75, 0.25, 10], "texture": "#0"}
			}
		},
		{
			"from": [2.5, 1, 3],
			"to": [3.5, 4, 4],
			"faces": {
				"north": {"uv": [1.25, 8.5, 1.5, 9.25], "texture": "#0"},
				"east": {"uv": [1.5, 8.5, 1.75, 9.25], "texture": "#0"},
				"south": {"uv": [1.75, 8.5, 2, 9.25], "texture": "#0"},
				"west": {"uv": [2, 8.5, 2.25, 9.25], "texture": "#0"},
				"up": {"uv": [0.75, 10, 0.5, 9.75], "texture": "#0"},
				"down": {"uv": [1, 9.75, 0.75, 10], "texture": "#0"}
			}
		},
		{
			"from": [12.5, 1, 3],
			"to": [13.5, 4, 4],
			"faces": {
				"north": {"uv": [2.25, 8.5, 2.5, 9.25], "texture": "#0"},
				"east": {"uv": [2.5, 8.5, 2.75, 9.25], "texture": "#0"},
				"south": {"uv": [2.75, 8.5, 3, 9.25], "texture": "#0"},
				"west": {"uv": [8.5, 8.25, 8.75, 9], "texture": "#0"},
				"up": {"uv": [1.25, 10, 1, 9.75], "texture": "#0"},
				"down": {"uv": [1.5, 9.75, 1.25, 10], "texture": "#0"}
			}
		},
		{
			"from": [12.5, 1, 12],
			"to": [13.5, 4, 13],
			"faces": {
				"north": {"uv": [8.75, 8.25, 9, 9], "texture": "#0"},
				"east": {"uv": [4.25, 9, 4.5, 9.75], "texture": "#0"},
				"south": {"uv": [4.5, 9, 4.75, 9.75], "texture": "#0"},
				"west": {"uv": [4.75, 9, 5, 9.75], "texture": "#0"},
				"up": {"uv": [1.75, 10, 1.5, 9.75], "texture": "#0"},
				"down": {"uv": [2, 9.75, 1.75, 10], "texture": "#0"}
			}
		},
		{
			"from": [3, 0, 14],
			"to": [13, 1, 15],
			"rotation": {"angle": 0, "axis": "y", "origin": [0, 0, 16]},
			"faces": {
				"north": {"uv": [8, 1.75, 10.5, 2], "texture": "#0"},
				"east": {"uv": [9.5, 5.5, 9.75, 5.75], "texture": "#0"},
				"south": {"uv": [8, 2, 10.5, 2.25], "texture": "#0"},
				"west": {"uv": [9.5, 5.75, 9.75, 6], "texture": "#0"},
				"up": {"uv": [10.5, 2.5, 8, 2.25], "texture": "#0"},
				"down": {"uv": [10.5, 2.5, 8, 2.75], "texture": "#0"}
			}
		},
		{
			"from": [7, 1.5, 2.5],
			"to": [9, 5.5, 3],
			"faces": {
				"north": {"uv": [3.375, 12.25, 4.25, 14.25], "texture": "#0"},
				"east": {"uv": [3.25, 9.25, 3.375, 10.25], "texture": "#0"},
				"south": {"uv": [4.75, 8, 5.25, 9], "texture": "#0"},
				"west": {"uv": [9.25, 8.25, 9.375, 9.25], "texture": "#0"},
				"up": {"uv": [2.5, 9.875, 2, 9.75], "texture": "#0"},
				"down": {"uv": [3, 9.75, 2.5, 9.875], "texture": "#0"}
			}
		},
		{
			"from": [9, 1.5, 2.5],
			"to": [9.5, 4.5, 3],
			"faces": {
				"north": {"uv": [5.75, 9.5, 5.875, 10.25], "texture": "#0"},
				"east": {"uv": [6, 9.5, 6.125, 10.25], "texture": "#0"},
				"south": {"uv": [6.25, 9.5, 6.375, 10.25], "texture": "#0"},
				"west": {"uv": [6.5, 9.5, 6.625, 10.25], "texture": "#0"},
				"up": {"uv": [10.875, 6.125, 10.75, 6], "texture": "#0"},
				"down": {"uv": [6.375, 10.75, 6.25, 10.875], "texture": "#0"}
			}
		},
		{
			"from": [6.5, 1.5, 2.5],
			"to": [7, 4.6, 3],
			"faces": {
				"north": {"uv": [6.75, 9.5, 6.875, 10.25], "texture": "#0"},
				"east": {"uv": [7, 9.5, 7.125, 10.25], "texture": "#0"},
				"south": {"uv": [7.25, 9.5, 7.375, 10.25], "texture": "#0"},
				"west": {"uv": [9.5, 8.25, 9.625, 9], "texture": "#0"},
				"up": {"uv": [10.875, 6.375, 10.75, 6.25], "texture": "#0"},
				"down": {"uv": [6.625, 10.75, 6.5, 10.875], "texture": "#0"}
			}
		},
		{
			"from": [4.3, 6.65, 2.51],
			"to": [4.8, 7.75, 3.01],
			"rotation": {"angle": -22.5, "axis": "z", "origin": [0, 0, 0]},
			"faces": {
				"north": {"uv": [3.25, 10.25, 3.375, 10.5], "texture": "#0"},
				"east": {"uv": [10.25, 6.75, 10.375, 7], "texture": "#0"},
				"south": {"uv": [10.25, 7, 10.375, 7.25], "texture": "#0"},
				"west": {"uv": [7.25, 10.25, 7.375, 10.5], "texture": "#0"},
				"up": {"uv": [10.875, 6.625, 10.75, 6.5], "texture": "#0"},
				"down": {"uv": [6.875, 10.75, 6.75, 10.875], "texture": "#0"}
			}
		},
		{
			"from": [11.2, 6.65, 2.51],
			"to": [11.7, 7.75, 3.01],
			"rotation": {"angle": 22.5, "axis": "z", "origin": [16, 0, 0]},
			"faces": {
				"north": {"uv": [8.5, 10.25, 8.625, 10.5], "texture": "#0"},
				"east": {"uv": [10.25, 8.5, 10.375, 8.75], "texture": "#0"},
				"south": {"uv": [8.75, 10.25, 8.875, 10.5], "texture": "#0"},
				"west": {"uv": [10.25, 8.75, 10.375, 9], "texture": "#0"},
				"up": {"uv": [10.875, 6.875, 10.75, 6.75], "texture": "#0"},
				"down": {"uv": [7.125, 10.75, 7, 10.875], "texture": "#0"}
			}
		},
		{
			"from": [1.5, 3.5, 11],
			"to": [2, 4, 11.5],
			"faces": {
				"north": {"uv": [10.75, 7, 10.875, 7.125], "texture": "#0"},
				"east": {"uv": [7.25, 10.75, 7.375, 10.875], "texture": "#0"},
				"south": {"uv": [10.75, 7.25, 10.875, 7.375], "texture": "#0"},
				"west": {"uv": [7.5, 10.75, 7.625, 10.875], "texture": "#0"},
				"up": {"uv": [10.875, 7.625, 10.75, 7.5], "texture": "#0"},
				"down": {"uv": [7.875, 10.75, 7.75, 10.875], "texture": "#0"}
			}
		},
		{
			"from": [1.5, 3.5, 12],
			"to": [2, 4, 12.5],
			"faces": {
				"north": {"uv": [10.75, 7.75, 10.875, 7.875], "texture": "#0"},
				"east": {"uv": [8, 10.75, 8.125, 10.875], "texture": "#0"},
				"south": {"uv": [10.75, 8, 10.875, 8.125], "texture": "#0"},
				"west": {"uv": [8.25, 10.75, 8.375, 10.875], "texture": "#0"},
				"up": {"uv": [10.875, 8.375, 10.75, 8.25], "texture": "#0"},
				"down": {"uv": [8.625, 10.75, 8.5, 10.875], "texture": "#0"}
			}
		},
		{
			"from": [1.8, 5, 12.3],
			"to": [2.3, 5.5, 12.8],
			"faces": {
				"north": {"uv": [6.25, 11, 6.375, 11.125], "texture": "#0"},
				"east": {"uv": [11, 6.25, 11.125, 6.375], "texture": "#0"},
				"south": {"uv": [6.5, 11, 6.625, 11.125], "texture": "#0"},
				"west": {"uv": [11, 6.5, 11.125, 6.625], "texture": "#0"},
				"up": {"uv": [6.875, 11.125, 6.75, 11], "texture": "#0"},
				"down": {"uv": [11.125, 6.75, 11, 6.875], "texture": "#0"}
			}
		},
		{
			"from": [1.8, 2.2, 11.3],
			"to": [2.3, 2.7, 11.8],
			"faces": {
				"north": {"uv": [7, 11, 7.125, 11.125], "texture": "#0"},
				"east": {"uv": [11, 7, 11.125, 7.125], "texture": "#0"},
				"south": {"uv": [7.25, 11, 7.375, 11.125], "texture": "#0"},
				"west": {"uv": [11, 7.25, 11.125, 7.375], "texture": "#0"},
				"up": {"uv": [7.625, 11.125, 7.5, 11], "texture": "#0"},
				"down": {"uv": [11.125, 7.5, 11, 7.625], "texture": "#0"}
			}
		},
		{
			"from": [1.5, 4, 11.5],
			"to": [2, 4.5, 12],
			"faces": {
				"north": {"uv": [10.75, 9.25, 10.875, 9.375], "texture": "#0"},
				"east": {"uv": [9.5, 10.75, 9.625, 10.875], "texture": "#0"},
				"south": {"uv": [10.75, 9.5, 10.875, 9.625], "texture": "#0"},
				"west": {"uv": [9.75, 10.75, 9.875, 10.875], "texture": "#0"},
				"up": {"uv": [10.875, 9.875, 10.75, 9.75], "texture": "#0"},
				"down": {"uv": [10.125, 10.75, 10, 10.875], "texture": "#0"}
			}
		},
		{
			"from": [1.5, 3, 11.5],
			"to": [2, 3.5, 12],
			"faces": {
				"north": {"uv": [10.75, 10, 10.875, 10.125], "texture": "#0"},
				"east": {"uv": [10.25, 10.75, 10.375, 10.875], "texture": "#0"},
				"south": {"uv": [10.75, 10.25, 10.875, 10.375], "texture": "#0"},
				"west": {"uv": [10.5, 10.75, 10.625, 10.875], "texture": "#0"},
				"up": {"uv": [10.875, 10.625, 10.75, 10.5], "texture": "#0"},
				"down": {"uv": [10.875, 10.75, 10.75, 10.875], "texture": "#0"}
			}
		},
		{
			"from": [1.75, 3.5, 11.5],
			"to": [2.25, 4, 12],
			"faces": {
				"north": {"uv": [10.75, 8.5, 10.875, 8.625], "texture": "#0"},
				"east": {"uv": [8.75, 10.75, 8.875, 10.875], "texture": "#0"},
				"south": {"uv": [10.75, 8.75, 10.875, 8.875], "texture": "#0"},
				"west": {"uv": [9, 10.75, 9.125, 10.875], "texture": "#0"},
				"up": {"uv": [10.875, 9.125, 10.75, 9], "texture": "#0"},
				"down": {"uv": [9.375, 10.75, 9.25, 10.875], "texture": "#0"}
			}
		},
		{
			"from": [1.8, 4, 9],
			"to": [2.3, 5, 10],
			"faces": {
				"north": {"uv": [5, 10.5, 5.125, 10.75], "texture": "#0"},
				"east": {"uv": [3, 9.75, 3.25, 10], "texture": "#0"},
				"south": {"uv": [5.25, 10.5, 5.375, 10.75], "texture": "#0"},
				"west": {"uv": [9.75, 4, 10, 4.25], "texture": "#0"},
				"up": {"uv": [5.625, 10.75, 5.5, 10.5], "texture": "#0"},
				"down": {"uv": [5.875, 10.5, 5.75, 10.75], "texture": "#0"}
			}
		},
		{
			"from": [1.69, 3.1, 9],
			"to": [2.19, 4, 10],
			"faces": {
				"north": {"uv": [8, 10.5, 8.125, 10.75], "texture": "#0"},
				"east": {"uv": [9.75, 7, 10, 7.25], "texture": "#0"},
				"south": {"uv": [10.5, 8, 10.625, 8.25], "texture": "#0"},
				"west": {"uv": [7.5, 9.75, 7.75, 10], "texture": "#0"},
				"up": {"uv": [8.375, 10.75, 8.25, 10.5], "texture": "#0"},
				"down": {"uv": [10.625, 8.25, 10.5, 8.5], "texture": "#0"}
			}
		},
		{
			"from": [1.8, 2.4, 9.6],
			"to": [2.3, 3.4, 10.6],
			"faces": {
				"north": {"uv": [7, 10.5, 7.125, 10.75], "texture": "#0"},
				"east": {"uv": [5.25, 9.75, 5.5, 10], "texture": "#0"},
				"south": {"uv": [10.5, 7, 10.625, 7.25], "texture": "#0"},
				"west": {"uv": [5.5, 9.75, 5.75, 10], "texture": "#0"},
				"up": {"uv": [7.375, 10.75, 7.25, 10.5], "texture": "#0"},
				"down": {"uv": [10.625, 7.25, 10.5, 7.5], "texture": "#0"}
			}
		},
		{
			"from": [1.8, 2.4, 8.4],
			"to": [2.3, 3.4, 9.4],
			"faces": {
				"north": {"uv": [7.5, 10.5, 7.625, 10.75], "texture": "#0"},
				"east": {"uv": [9.75, 5.5, 10, 5.75], "texture": "#0"},
				"south": {"uv": [10.5, 7.5, 10.625, 7.75], "texture": "#0"},
				"west": {"uv": [9.75, 5.75, 10, 6], "texture": "#0"},
				"up": {"uv": [7.875, 10.75, 7.75, 10.5], "texture": "#0"},
				"down": {"uv": [10.625, 7.75, 10.5, 8], "texture": "#0"}
			}
		},
		{
			"from": [1.7, 3.4, 9.8],
			"to": [2.2, 4.4, 10.8],
			"faces": {
				"north": {"uv": [6, 10.5, 6.125, 10.75], "texture": "#0"},
				"east": {"uv": [4.25, 9.75, 4.5, 10], "texture": "#0"},
				"south": {"uv": [10.5, 6, 10.625, 6.25], "texture": "#0"},
				"west": {"uv": [9.75, 4.25, 10, 4.5], "texture": "#0"},
				"up": {"uv": [6.375, 10.75, 6.25, 10.5], "texture": "#0"},
				"down": {"uv": [10.625, 6.25, 10.5, 6.5], "texture": "#0"}
			}
		},
		{
			"from": [1.7, 3.4, 8.2],
			"to": [2.2, 4.4, 9.2],
			"faces": {
				"north": {"uv": [6.5, 10.5, 6.625, 10.75], "texture": "#0"},
				"east": {"uv": [4.5, 9.75, 4.75, 10], "texture": "#0"},
				"south": {"uv": [10.5, 6.5, 10.625, 6.75], "texture": "#0"},
				"west": {"uv": [4.75, 9.75, 5, 10], "texture": "#0"},
				"up": {"uv": [6.875, 10.75, 6.75, 10.5], "texture": "#0"},
				"down": {"uv": [10.625, 6.75, 10.5, 7], "texture": "#0"}
			}
		},
		{
			"from": [1.5, 3, 5],
			"to": [2, 4.5, 6.5],
			"faces": {
				"north": {"uv": [4, 10, 4.125, 10.375], "texture": "#0"},
				"east": {"uv": [3.75, 5.5, 4.125, 5.875], "texture": "#0"},
				"south": {"uv": [10, 4, 10.125, 4.375], "texture": "#0"},
				"west": {"uv": [2, 6.5, 2.375, 6.875], "texture": "#0"},
				"up": {"uv": [4.375, 10.375, 4.25, 10], "texture": "#0"},
				"down": {"uv": [4.625, 10, 4.5, 10.375], "texture": "#0"}
			}
		},
		{
			"from": [1.49, 1.8, 5.01],
			"to": [1.99, 3.3, 6.51],
			"faces": {
				"north": {"uv": [1.5, 10.25, 1.625, 10.625], "texture": "#0"},
				"east": {"uv": [9.25, 4, 9.625, 4.375], "texture": "#0"},
				"south": {"uv": [1.75, 10.25, 1.875, 10.625], "texture": "#0"},
				"west": {"uv": [7.5, 9.25, 7.875, 9.625], "texture": "#0"},
				"up": {"uv": [2.375, 10.625, 2.25, 10.25], "texture": "#0"},
				"down": {"uv": [2.625, 10.25, 2.5, 10.625], "texture": "#0"}
			}
		},
		{
			"from": [1.4, 2, 3.8],
			"to": [1.9, 3.5, 5.3],
			"faces": {
				"north": {"uv": [4.75, 10, 4.875, 10.375], "texture": "#0"},
				"east": {"uv": [9, 5, 9.375, 5.375], "texture": "#0"},
				"south": {"uv": [10, 5, 10.125, 5.375], "texture": "#0"},
				"west": {"uv": [9, 5.5, 9.375, 5.875], "texture": "#0"},
				"up": {"uv": [5.375, 10.375, 5.25, 10], "texture": "#0"},
				"down": {"uv": [5.625, 10, 5.5, 10.375], "texture": "#0"}
			}
		},
		{
			"from": [1.7, 1, 4.2],
			"to": [2.2, 2.5, 5.7],
			"faces": {
				"north": {"uv": [9.75, 10, 9.875, 10.375], "texture": "#0"},
				"east": {"uv": [1.25, 9.25, 1.625, 9.625], "texture": "#0"},
				"south": {"uv": [10, 10, 10.125, 10.375], "texture": "#0"},
				"west": {"uv": [1.75, 9.25, 2.125, 9.625], "texture": "#0"},
				"up": {"uv": [0.125, 10.625, 0, 10.25], "texture": "#0"},
				"down": {"uv": [0.375, 10.25, 0.25, 10.625], "texture": "#0"}
			}
		},
		{
			"from": [1.7, 1, 5.8],
			"to": [2.2, 2.5, 7.3],
			"faces": {
				"north": {"uv": [0.5, 10.25, 0.625, 10.625], "texture": "#0"},
				"east": {"uv": [2.25, 9.25, 2.625, 9.625], "texture": "#0"},
				"south": {"uv": [0.75, 10.25, 0.875, 10.625], "texture": "#0"},
				"west": {"uv": [2.75, 9.25, 3.125, 9.625], "texture": "#0"},
				"up": {"uv": [1.125, 10.625, 1, 10.25], "texture": "#0"},
				"down": {"uv": [1.375, 10.25, 1.25, 10.625], "texture": "#0"}
			}
		},
		{
			"from": [1.4, 2, 6.2],
			"to": [1.9, 3.5, 7.7],
			"faces": {
				"north": {"uv": [10, 5.5, 10.125, 5.875], "texture": "#0"},
				"east": {"uv": [8.5, 9, 8.875, 9.375], "texture": "#0"},
				"south": {"uv": [10, 6.75, 10.125, 7.125], "texture": "#0"},
				"west": {"uv": [0.75, 9.25, 1.125, 9.625], "texture": "#0"},
				"up": {"uv": [7.625, 10.375, 7.5, 10], "texture": "#0"},
				"down": {"uv": [7.875, 10, 7.75, 10.375], "texture": "#0"}
			}
		},
		{
			"from": [2, 2, 8],
			"to": [2.5, 2.5, 9.5],
			"faces": {
				"north": {"uv": [0, 11, 0.125, 11.125], "texture": "#0"},
				"east": {"uv": [1, 10, 1.375, 10.125], "texture": "#0"},
				"south": {"uv": [11, 0, 11.125, 0.125], "texture": "#0"},
				"west": {"uv": [1.5, 10, 1.875, 10.125], "texture": "#0"},
				"up": {"uv": [9.125, 10.125, 9, 9.75], "texture": "#0"},
				"down": {"uv": [2.125, 10, 2, 10.375], "texture": "#0"}
			}
		},
		{
			"from": [2, 1.5, 7],
			"to": [2.5, 2, 8],
			"faces": {
				"north": {"uv": [3.5, 11, 3.625, 11.125], "texture": "#0"},
				"east": {"uv": [10.5, 2.25, 10.75, 2.375], "texture": "#0"},
				"south": {"uv": [11, 3.5, 11.125, 3.625], "texture": "#0"},
				"west": {"uv": [10.5, 2.5, 10.75, 2.625], "texture": "#0"},
				"up": {"uv": [2.875, 10.75, 2.75, 10.5], "texture": "#0"},
				"down": {"uv": [10.625, 2.75, 10.5, 3], "texture": "#0"}
			}
		},
		{
			"from": [1.75, 1.25, 6.5],
			"to": [2.25, 1.75, 7],
			"faces": {
				"north": {"uv": [3.75, 11, 3.875, 11.125], "texture": "#0"},
				"east": {"uv": [11, 3.75, 11.125, 3.875], "texture": "#0"},
				"south": {"uv": [4, 11, 4.125, 11.125], "texture": "#0"},
				"west": {"uv": [11, 4, 11.125, 4.125], "texture": "#0"},
				"up": {"uv": [4.375, 11.125, 4.25, 11], "texture": "#0"},
				"down": {"uv": [11.125, 4.25, 11, 4.375], "texture": "#0"}
			}
		},
		{
			"from": [2, 3, 10.5],
			"to": [2.5, 3.5, 11],
			"faces": {
				"north": {"uv": [0.5, 11, 0.625, 11.125], "texture": "#0"},
				"east": {"uv": [11, 0.5, 11.125, 0.625], "texture": "#0"},
				"south": {"uv": [0.75, 11, 0.875, 11.125], "texture": "#0"},
				"west": {"uv": [11, 0.75, 11.125, 0.875], "texture": "#0"},
				"up": {"uv": [1.125, 11.125, 1, 11], "texture": "#0"},
				"down": {"uv": [11.125, 1, 11, 1.125], "texture": "#0"}
			}
		},
		{
			"from": [2, 4.5, 11.5],
			"to": [2.5, 5.5, 12],
			"faces": {
				"north": {"uv": [10.25, 10.25, 10.375, 10.5], "texture": "#0"},
				"east": {"uv": [10.5, 0.75, 10.625, 1], "texture": "#0"},
				"south": {"uv": [10.5, 1, 10.625, 1.25], "texture": "#0"},
				"west": {"uv": [10.5, 1.25, 10.625, 1.5], "texture": "#0"},
				"up": {"uv": [1.625, 11.125, 1.5, 11], "texture": "#0"},
				"down": {"uv": [11.125, 1.5, 11, 1.625], "texture": "#0"}
			}
		},
		{
			"from": [2, 2.5, 9.5],
			"to": [2.5, 3, 10.5],
			"faces": {
				"north": {"uv": [0.25, 11, 0.375, 11.125], "texture": "#0"},
				"east": {"uv": [9, 10.25, 9.25, 10.375], "texture": "#0"},
				"south": {"uv": [11, 0.25, 11.125, 0.375], "texture": "#0"},
				"west": {"uv": [10.25, 9, 10.5, 9.125], "texture": "#0"},
				"up": {"uv": [9.375, 10.5, 9.25, 10.25], "texture": "#0"},
				"down": {"uv": [10.375, 9.25, 10.25, 9.5], "texture": "#0"}
			}
		},
		{
			"from": [2, 3.5, 11],
			"to": [2.5, 4.5, 11.5],
			"faces": {
				"north": {"uv": [9.5, 10.25, 9.625, 10.5], "texture": "#0"},
				"east": {"uv": [10.25, 9.5, 10.375, 9.75], "texture": "#0"},
				"south": {"uv": [10.25, 9.75, 10.375, 10], "texture": "#0"},
				"west": {"uv": [10.25, 10, 10.375, 10.25], "texture": "#0"},
				"up": {"uv": [1.375, 11.125, 1.25, 11], "texture": "#0"},
				"down": {"uv": [11.125, 1.25, 11, 1.375], "texture": "#0"}
			}
		},
		{
			"from": [2, 5.5, 12],
			"to": [2.5, 6, 12.5],
			"faces": {
				"north": {"uv": [1.75, 11, 1.875, 11.125], "texture": "#0"},
				"east": {"uv": [11, 1.75, 11.125, 1.875], "texture": "#0"},
				"south": {"uv": [2, 11, 2.125, 11.125], "texture": "#0"},
				"west": {"uv": [11, 2, 11.125, 2.125], "texture": "#0"},
				"up": {"uv": [2.375, 11.125, 2.25, 11], "texture": "#0"},
				"down": {"uv": [11.125, 2.25, 11, 2.375], "texture": "#0"}
			}
		},
		{
			"from": [2.5, 4.75, 13],
			"to": [3, 5.25, 13.5],
			"faces": {
				"north": {"uv": [2.75, 11, 2.875, 11.125], "texture": "#0"},
				"east": {"uv": [11, 2.75, 11.125, 2.875], "texture": "#0"},
				"south": {"uv": [3, 11, 3.125, 11.125], "texture": "#0"},
				"west": {"uv": [11, 3, 11.125, 3.125], "texture": "#0"},
				"up": {"uv": [3.375, 11.125, 3.25, 11], "texture": "#0"},
				"down": {"uv": [11.125, 3.25, 11, 3.375], "texture": "#0"}
			}
		},
		{
			"from": [2.25, 4.5, 12],
			"to": [2.75, 5, 13],
			"faces": {
				"north": {"uv": [2.5, 11, 2.625, 11.125], "texture": "#0"},
				"east": {"uv": [10.5, 1.5, 10.75, 1.625], "texture": "#0"},
				"south": {"uv": [11, 2.5, 11.125, 2.625], "texture": "#0"},
				"west": {"uv": [10.5, 1.75, 10.75, 1.875], "texture": "#0"},
				"up": {"uv": [2.125, 10.75, 2, 10.5], "texture": "#0"},
				"down": {"uv": [10.625, 2, 10.5, 2.25], "texture": "#0"}
			}
		},
		{
			"from": [2.25, 2.5, 10.5],
			"to": [2.75, 3, 12],
			"faces": {
				"north": {"uv": [4.5, 11, 4.625, 11.125], "texture": "#0"},
				"east": {"uv": [2.25, 10, 2.625, 10.125], "texture": "#0"},
				"south": {"uv": [11, 4.5, 11.125, 4.625], "texture": "#0"},
				"west": {"uv": [2.75, 10, 3.125, 10.125], "texture": "#0"},
				"up": {"uv": [3.625, 10.375, 3.5, 10], "texture": "#0"},
				"down": {"uv": [3.875, 10, 3.75, 10.375], "texture": "#0"}
			}
		},
		{
			"from": [2, 2.2, 12],
			"to": [2.5, 2.7, 13],
			"faces": {
				"north": {"uv": [4.75, 11, 4.875, 11.125], "texture": "#0"},
				"east": {"uv": [3, 10.5, 3.25, 10.625], "texture": "#0"},
				"south": {"uv": [11, 4.75, 11.125, 4.875], "texture": "#0"},
				"west": {"uv": [10.5, 3, 10.75, 3.125], "texture": "#0"},
				"up": {"uv": [3.375, 10.75, 3.25, 10.5], "texture": "#0"},
				"down": {"uv": [10.625, 3.25, 10.5, 3.5], "texture": "#0"}
			}
		},
		{
			"from": [2, 3.2, 12.5],
			"to": [2.5, 3.7, 13.5],
			"faces": {
				"north": {"uv": [5, 11, 5.125, 11.125], "texture": "#0"},
				"east": {"uv": [3.5, 10.5, 3.75, 10.625], "texture": "#0"},
				"south": {"uv": [11, 5, 11.125, 5.125], "texture": "#0"},
				"west": {"uv": [10.5, 3.5, 10.75, 3.625], "texture": "#0"},
				"up": {"uv": [3.875, 10.75, 3.75, 10.5], "texture": "#0"},
				"down": {"uv": [10.625, 3.75, 10.5, 4], "texture": "#0"}
			}
		},
		{
			"from": [2.3, 3.5, 13.5],
			"to": [2.8, 4, 14],
			"faces": {
				"north": {"uv": [5.5, 11, 5.625, 11.125], "texture": "#0"},
				"east": {"uv": [11, 5.5, 11.125, 5.625], "texture": "#0"},
				"south": {"uv": [5.75, 11, 5.875, 11.125], "texture": "#0"},
				"west": {"uv": [11, 5.75, 11.125, 5.875], "texture": "#0"},
				"up": {"uv": [6.125, 11.125, 6, 11], "texture": "#0"},
				"down": {"uv": [11.125, 6, 11, 6.125], "texture": "#0"}
			}
		},
		{
			"from": [2, 2.9, 11.75],
			"to": [2.5, 3.4, 12.5],
			"faces": {
				"north": {"uv": [5.25, 11, 5.375, 11.125], "texture": "#0"},
				"east": {"uv": [4, 10.5, 4.25, 10.625], "texture": "#0"},
				"south": {"uv": [11, 5.25, 11.125, 5.375], "texture": "#0"},
				"west": {"uv": [4.25, 10.5, 4.5, 10.625], "texture": "#0"},
				"up": {"uv": [4.625, 10.75, 4.5, 10.5], "texture": "#0"},
				"down": {"uv": [4.875, 10.5, 4.75, 10.75], "texture": "#0"}
			}
		},
		{
			"from": [0.75, 1, 7],
			"to": [2.25, 1.5, 7.5],
			"faces": {
				"north": {"uv": [10, 8.25, 10.375, 8.375], "texture": "#0"},
				"east": {"uv": [7.75, 11, 7.875, 11.125], "texture": "#0"},
				"south": {"uv": [2.75, 10.25, 3.125, 10.375], "texture": "#0"},
				"west": {"uv": [11, 7.75, 11.125, 7.875], "texture": "#0"},
				"up": {"uv": [10.625, 4.125, 10.25, 4], "texture": "#0"},
				"down": {"uv": [10.625, 4.25, 10.25, 4.375], "texture": "#0"}
			}
		},
		{
			"from": [0.75, 1, 8],
			"to": [1.25, 1.5, 8.5],
			"faces": {
				"north": {"uv": [9.5, 11, 9.625, 11.125], "texture": "#0"},
				"east": {"uv": [11, 9.5, 11.125, 9.625], "texture": "#0"},
				"south": {"uv": [9.75, 11, 9.875, 11.125], "texture": "#0"},
				"west": {"uv": [11, 9.75, 11.125, 9.875], "texture": "#0"},
				"up": {"uv": [10.125, 11.125, 10, 11], "texture": "#0"},
				"down": {"uv": [11.125, 10, 11, 10.125], "texture": "#0"}
			}
		},
		{
			"from": [1.25, 1, 7.5],
			"to": [1.75, 1.5, 8],
			"faces": {
				"north": {"uv": [10.25, 11, 10.375, 11.125], "texture": "#0"},
				"east": {"uv": [11, 10.25, 11.125, 10.375], "texture": "#0"},
				"south": {"uv": [10.5, 11, 10.625, 11.125], "texture": "#0"},
				"west": {"uv": [11, 10.5, 11.125, 10.625], "texture": "#0"},
				"up": {"uv": [10.875, 11.125, 10.75, 11], "texture": "#0"},
				"down": {"uv": [11.125, 10.75, 11, 10.875], "texture": "#0"}
			}
		},
		{
			"from": [0.5, -0.5, 7],
			"to": [1, 0, 7.5],
			"faces": {
				"north": {"uv": [8.5, 11, 8.625, 11.125], "texture": "#0"},
				"east": {"uv": [11, 8.5, 11.125, 8.625], "texture": "#0"},
				"south": {"uv": [8.75, 11, 8.875, 11.125], "texture": "#0"},
				"west": {"uv": [11, 8.75, 11.125, 8.875], "texture": "#0"},
				"up": {"uv": [9.125, 11.125, 9, 11], "texture": "#0"},
				"down": {"uv": [11.125, 9, 11, 9.125], "texture": "#0"}
			}
		},
		{
			"from": [0.5, -1.5, 8],
			"to": [1, 1, 8.5],
			"faces": {
				"north": {"uv": [8.5, 9.5, 8.625, 10.125], "texture": "#0"},
				"east": {"uv": [8.75, 9.5, 8.875, 10.125], "texture": "#0"},
				"south": {"uv": [9.25, 9.5, 9.375, 10.125], "texture": "#0"},
				"west": {"uv": [9.5, 9.5, 9.625, 10.125], "texture": "#0"},
				"up": {"uv": [9.375, 11.125, 9.25, 11], "texture": "#0"},
				"down": {"uv": [11.125, 9.25, 11, 9.375], "texture": "#0"}
			}
		},
		{
			"from": [0.35, -0.5, 7.85],
			"to": [1.1, 0, 8.6],
			"faces": {
				"north": {"uv": [9.5, 10.5, 9.75, 10.625], "texture": "#0"},
				"east": {"uv": [10.5, 9.5, 10.75, 9.625], "texture": "#0"},
				"south": {"uv": [9.75, 10.5, 10, 10.625], "texture": "#0"},
				"west": {"uv": [10.5, 9.75, 10.75, 9.875], "texture": "#0"},
				"up": {"uv": [8, 10, 7.75, 9.75], "texture": "#0"},
				"down": {"uv": [10, 8.25, 9.75, 8.5], "texture": "#0"}
			}
		},
		{
			"from": [0.5, 0, 6.6],
			"to": [1, 1, 7.1],
			"faces": {
				"north": {"uv": [8.5, 10.5, 8.625, 10.75], "texture": "#0"},
				"east": {"uv": [10.5, 8.5, 10.625, 8.75], "texture": "#0"},
				"south": {"uv": [8.75, 10.5, 8.875, 10.75], "texture": "#0"},
				"west": {"uv": [10.5, 8.75, 10.625, 9], "texture": "#0"},
				"up": {"uv": [8.125, 11.125, 8, 11], "texture": "#0"},
				"down": {"uv": [11.125, 8, 11, 8.125], "texture": "#0"}
			}
		},
		{
			"from": [0.5, 0, 7.4],
			"to": [1, 1, 7.9],
			"faces": {
				"north": {"uv": [9, 10.5, 9.125, 10.75], "texture": "#0"},
				"east": {"uv": [10.5, 9, 10.625, 9.25], "texture": "#0"},
				"south": {"uv": [9.25, 10.5, 9.375, 10.75], "texture": "#0"},
				"west": {"uv": [10.5, 9.25, 10.625, 9.5], "texture": "#0"},
				"up": {"uv": [8.375, 11.125, 8.25, 11], "texture": "#0"},
				"down": {"uv": [11.125, 8.25, 11, 8.375], "texture": "#0"}
			}
		},
		{
			"from": [6, 1.5, 13],
			"to": [10, 2.5, 13.5],
			"faces": {
				"north": {"uv": [8.25, 4, 9.25, 4.25], "texture": "#0"},
				"east": {"uv": [10, 10.5, 10.125, 10.75], "texture": "#0"},
				"south": {"uv": [8.25, 4.25, 9.25, 4.5], "texture": "#0"},
				"west": {"uv": [10.5, 10, 10.625, 10.25], "texture": "#0"},
				"up": {"uv": [9.25, 4.625, 8.25, 4.5], "texture": "#0"},
				"down": {"uv": [10.25, 4.5, 9.25, 4.625], "texture": "#0"}
			}
		},
		{
			"from": [7, 2.5, 13],
			"to": [9, 3.5, 13.5],
			"faces": {
				"north": {"uv": [9.25, 9.25, 9.75, 9.5], "texture": "#0"},
				"east": {"uv": [10.25, 10.5, 10.375, 10.75], "texture": "#0"},
				"south": {"uv": [9.5, 5, 10, 5.25], "texture": "#0"},
				"west": {"uv": [10.5, 10.25, 10.625, 10.5], "texture": "#0"},
				"up": {"uv": [10.25, 8.625, 9.75, 8.5], "texture": "#0"},
				"down": {"uv": [10.25, 8.75, 9.75, 8.875], "texture": "#0"}
			}
		},
		{
			"from": [6.5, 1.5, 13.5],
			"to": [7, 2, 14],
			"faces": {
				"north": {"uv": [11, 11, 11.125, 11.125], "texture": "#0"},
				"east": {"uv": [0, 11.25, 0.125, 11.375], "texture": "#0"},
				"south": {"uv": [11.25, 0, 11.375, 0.125], "texture": "#0"},
				"west": {"uv": [0.25, 11.25, 0.375, 11.375], "texture": "#0"},
				"up": {"uv": [11.375, 0.375, 11.25, 0.25], "texture": "#0"},
				"down": {"uv": [0.625, 11.25, 0.5, 11.375], "texture": "#0"}
			}
		},
		{
			"from": [9, 1.5, 13.5],
			"to": [9.5, 2, 14],
			"faces": {
				"north": {"uv": [11.25, 0.5, 11.375, 0.625], "texture": "#0"},
				"east": {"uv": [0.75, 11.25, 0.875, 11.375], "texture": "#0"},
				"south": {"uv": [11.25, 0.75, 11.375, 0.875], "texture": "#0"},
				"west": {"uv": [1, 11.25, 1.125, 11.375], "texture": "#0"},
				"up": {"uv": [11.375, 1.125, 11.25, 1], "texture": "#0"},
				"down": {"uv": [1.375, 11.25, 1.25, 11.375], "texture": "#0"}
			}
		},
		{
			"from": [7, 1.5, 13.5],
			"to": [9, 2.5, 14],
			"faces": {
				"north": {"uv": [5.25, 9.5, 5.75, 9.75], "texture": "#0"},
				"east": {"uv": [10.5, 10.5, 10.625, 10.75], "texture": "#0"},
				"south": {"uv": [9.5, 5.25, 10, 5.5], "texture": "#0"},
				"west": {"uv": [0, 10.75, 0.125, 11], "texture": "#0"},
				"up": {"uv": [10.25, 9.125, 9.75, 9], "texture": "#0"},
				"down": {"uv": [10.25, 9.25, 9.75, 9.375], "texture": "#0"}
			}
		},
		{
			"from": [10, 1.5, 13],
			"to": [11, 2, 13.5],
			"rotation": {"angle": 0, "axis": "y", "origin": [16, 0, 0]},
			"faces": {
				"north": {"uv": [3, 10.75, 3.25, 10.875], "texture": "#0"},
				"east": {"uv": [11.25, 3.5, 11.375, 3.625], "texture": "#0"},
				"south": {"uv": [10.75, 3, 11, 3.125], "texture": "#0"},
				"west": {"uv": [3.75, 11.25, 3.875, 11.375], "texture": "#0"},
				"up": {"uv": [3.5, 10.875, 3.25, 10.75], "texture": "#0"},
				"down": {"uv": [11, 3.25, 10.75, 3.375], "texture": "#0"}
			}
		},
		{
			"from": [9.5, 0, 15],
			"to": [11, 0.5, 15.5],
			"rotation": {"angle": 0, "axis": "y", "origin": [16, 0, 0]},
			"faces": {
				"north": {"uv": [5.75, 10.25, 6.125, 10.375], "texture": "#0"},
				"east": {"uv": [11.25, 3.75, 11.375, 3.875], "texture": "#0"},
				"south": {"uv": [10.25, 5.75, 10.625, 5.875], "texture": "#0"},
				"west": {"uv": [4, 11.25, 4.125, 11.375], "texture": "#0"},
				"up": {"uv": [6.625, 10.375, 6.25, 10.25], "texture": "#0"},
				"down": {"uv": [7.125, 10.25, 6.75, 10.375], "texture": "#0"}
			}
		},
		{
			"from": [11, 1.5, 13.5],
			"to": [12, 2, 14],
			"rotation": {"angle": 0, "axis": "y", "origin": [16, 0, 0]},
			"faces": {
				"north": {"uv": [3.5, 10.75, 3.75, 10.875], "texture": "#0"},
				"east": {"uv": [11.25, 4, 11.375, 4.125], "texture": "#0"},
				"south": {"uv": [10.75, 3.5, 11, 3.625], "texture": "#0"},
				"west": {"uv": [4.25, 11.25, 4.375, 11.375], "texture": "#0"},
				"up": {"uv": [4, 10.875, 3.75, 10.75], "texture": "#0"},
				"down": {"uv": [11, 3.75, 10.75, 3.875], "texture": "#0"}
			}
		},
		{
			"from": [11, 0.5, 15],
			"to": [12, 1, 15.5],
			"rotation": {"angle": 0, "axis": "y", "origin": [16, 0, 0]},
			"faces": {
				"north": {"uv": [4, 10.75, 4.25, 10.875], "texture": "#0"},
				"east": {"uv": [11.25, 4.25, 11.375, 4.375], "texture": "#0"},
				"south": {"uv": [10.75, 4, 11, 4.125], "texture": "#0"},
				"west": {"uv": [4.5, 11.25, 4.625, 11.375], "texture": "#0"},
				"up": {"uv": [4.5, 10.875, 4.25, 10.75], "texture": "#0"},
				"down": {"uv": [11, 4.25, 10.75, 4.375], "texture": "#0"}
			}
		},
		{
			"from": [9.01, 0.5, 15],
			"to": [9.51, 1, 15.5],
			"rotation": {"angle": 0, "axis": "y", "origin": [16, 0, 0]},
			"faces": {
				"north": {"uv": [11.25, 4.5, 11.375, 4.625], "texture": "#0"},
				"east": {"uv": [4.75, 11.25, 4.875, 11.375], "texture": "#0"},
				"south": {"uv": [11.25, 4.75, 11.375, 4.875], "texture": "#0"},
				"west": {"uv": [5, 11.25, 5.125, 11.375], "texture": "#0"},
				"up": {"uv": [11.375, 5.125, 11.25, 5], "texture": "#0"},
				"down": {"uv": [5.375, 11.25, 5.25, 11.375], "texture": "#0"}
			}
		},
		{
			"from": [12, 1, 14],
			"to": [12.5, 1.5, 15],
			"rotation": {"angle": 0, "axis": "y", "origin": [16, 0, 0]},
			"faces": {
				"north": {"uv": [11.25, 5.25, 11.375, 5.375], "texture": "#0"},
				"east": {"uv": [4.5, 10.75, 4.75, 10.875], "texture": "#0"},
				"south": {"uv": [5.5, 11.25, 5.625, 11.375], "texture": "#0"},
				"west": {"uv": [10.75, 4.5, 11, 4.625], "texture": "#0"},
				"up": {"uv": [4.875, 11, 4.75, 10.75], "texture": "#0"},
				"down": {"uv": [5.125, 10.75, 5, 11], "texture": "#0"}
			}
		},
		{
			"from": [8.5, 1, 14],
			"to": [9, 1.5, 15],
			"rotation": {"angle": 0, "axis": "y", "origin": [16, 0, 0]},
			"faces": {
				"north": {"uv": [11.25, 5.5, 11.375, 5.625], "texture": "#0"},
				"east": {"uv": [10.75, 5, 11, 5.125], "texture": "#0"},
				"south": {"uv": [5.75, 11.25, 5.875, 11.375], "texture": "#0"},
				"west": {"uv": [5.25, 10.75, 5.5, 10.875], "texture": "#0"},
				"up": {"uv": [10.875, 5.5, 10.75, 5.25], "texture": "#0"},
				"down": {"uv": [5.625, 10.75, 5.5, 11], "texture": "#0"}
			}
		},
		{
			"from": [5, 1.5, 13],
			"to": [6, 2, 13.5],
			"faces": {
				"north": {"uv": [0.25, 10.75, 0.5, 10.875], "texture": "#0"},
				"east": {"uv": [11.25, 1.25, 11.375, 1.375], "texture": "#0"},
				"south": {"uv": [0.5, 10.75, 0.75, 10.875], "texture": "#0"},
				"west": {"uv": [1.5, 11.25, 1.625, 11.375], "texture": "#0"},
				"up": {"uv": [1, 10.875, 0.75, 10.75], "texture": "#0"},
				"down": {"uv": [11, 0.75, 10.75, 0.875], "texture": "#0"}
			}
		},
		{
			"from": [5, 0, 15],
			"to": [6.5, 0.5, 15.5],
			"faces": {
				"north": {"uv": [10.25, 4.5, 10.625, 4.625], "texture": "#0"},
				"east": {"uv": [11.25, 2.25, 11.375, 2.375], "texture": "#0"},
				"south": {"uv": [10.25, 5, 10.625, 5.125], "texture": "#0"},
				"west": {"uv": [2.5, 11.25, 2.625, 11.375], "texture": "#0"},
				"up": {"uv": [10.625, 5.375, 10.25, 5.25], "texture": "#0"},
				"down": {"uv": [10.625, 5.5, 10.25, 5.625], "texture": "#0"}
			}
		},
		{
			"from": [4, 1.5, 13.5],
			"to": [5, 2, 14],
			"faces": {
				"north": {"uv": [1, 10.75, 1.25, 10.875], "texture": "#0"},
				"east": {"uv": [11.25, 1.5, 11.375, 1.625], "texture": "#0"},
				"south": {"uv": [10.75, 1, 11, 1.125], "texture": "#0"},
				"west": {"uv": [1.75, 11.25, 1.875, 11.375], "texture": "#0"},
				"up": {"uv": [1.5, 10.875, 1.25, 10.75], "texture": "#0"},
				"down": {"uv": [11, 1.25, 10.75, 1.375], "texture": "#0"}
			}
		},
		{
			"from": [4, 0.5, 15],
			"to": [5, 1, 15.5],
			"faces": {
				"north": {"uv": [2, 10.75, 2.25, 10.875], "texture": "#0"},
				"east": {"uv": [11.25, 2, 11.375, 2.125], "texture": "#0"},
				"south": {"uv": [10.75, 2, 11, 2.125], "texture": "#0"},
				"west": {"uv": [2.25, 11.25, 2.375, 11.375], "texture": "#0"},
				"up": {"uv": [2.5, 10.875, 2.25, 10.75], "texture": "#0"},
				"down": {"uv": [11, 2.25, 10.75, 2.375], "texture": "#0"}
			}
		},
		{
			"from": [6.49, 0.5, 15],
			"to": [6.99, 1, 15.5],
			"faces": {
				"north": {"uv": [11.25, 2.5, 11.375, 2.625], "texture": "#0"},
				"east": {"uv": [2.75, 11.25, 2.875, 11.375], "texture": "#0"},
				"south": {"uv": [11.25, 2.75, 11.375, 2.875], "texture": "#0"},
				"west": {"uv": [3, 11.25, 3.125, 11.375], "texture": "#0"},
				"up": {"uv": [11.375, 3.125, 11.25, 3], "texture": "#0"},
				"down": {"uv": [3.375, 11.25, 3.25, 11.375], "texture": "#0"}
			}
		},
		{
			"from": [3.5, 1, 14],
			"to": [4, 1.5, 15],
			"faces": {
				"north": {"uv": [11.25, 1.75, 11.375, 1.875], "texture": "#0"},
				"east": {"uv": [1.5, 10.75, 1.75, 10.875], "texture": "#0"},
				"south": {"uv": [2, 11.25, 2.125, 11.375], "texture": "#0"},
				"west": {"uv": [10.75, 1.5, 11, 1.625], "texture": "#0"},
				"up": {"uv": [1.875, 11, 1.75, 10.75], "texture": "#0"},
				"down": {"uv": [10.875, 1.75, 10.75, 2], "texture": "#0"}
			}
		},
		{
			"from": [7, 1, 14],
			"to": [7.5, 1.5, 15],
			"faces": {
				"north": {"uv": [11.25, 3.25, 11.375, 3.375], "texture": "#0"},
				"east": {"uv": [2.5, 10.75, 2.75, 10.875], "texture": "#0"},
				"south": {"uv": [3.5, 11.25, 3.625, 11.375], "texture": "#0"},
				"west": {"uv": [10.75, 2.5, 11, 2.625], "texture": "#0"},
				"up": {"uv": [2.875, 11, 2.75, 10.75], "texture": "#0"},
				"down": {"uv": [10.875, 2.75, 10.75, 3], "texture": "#0"}
			}
		},
		{
			"from": [6.5, -5.1, 14.9],
			"to": [7.5, 0.9, 15.4],
			"faces": {
				"north": {"uv": [5.25, 8, 5.5, 9.5], "texture": "#0"},
				"east": {"uv": [5, 9, 5.125, 10.5], "texture": "#0"},
				"south": {"uv": [5.5, 8, 5.75, 9.5], "texture": "#0"},
				"west": {"uv": [8, 9, 8.125, 10.5], "texture": "#0"},
				"up": {"uv": [11, 5.625, 10.75, 5.5], "texture": "#0"},
				"down": {"uv": [6, 10.75, 5.75, 10.875], "texture": "#0"}
			}
		},
		{
			"from": [8.5, -5.1, 14.9],
			"to": [9.5, 0.9, 15.4],
			"faces": {
				"north": {"uv": [5.75, 8, 6, 9.5], "texture": "#0"},
				"east": {"uv": [8.25, 9, 8.375, 10.5], "texture": "#0"},
				"south": {"uv": [0.5, 8.25, 0.75, 9.75], "texture": "#0"},
				"west": {"uv": [9, 8.25, 9.125, 9.75], "texture": "#0"},
				"up": {"uv": [11, 5.875, 10.75, 5.75], "texture": "#0"},
				"down": {"uv": [6.25, 10.75, 6, 10.875], "texture": "#0"}
			}
		}
	],
	"display": {
		"thirdperson_righthand": {
			"rotation": [0, 42, 0],
			"translation": [0.5, 3.75, 0],
			"scale": [0.5, 0.5, 0.5]
		},
		"thirdperson_lefthand": {
			"rotation": [0, 42, 0],
			"translation": [0.5, 3.75, 0],
			"scale": [0.5, 0.5, 0.5]
		},
		"firstperson_righthand": {
			"rotation": [0, 19, 0],
			"translation": [0.75, 6.5, 0],
			"scale": [0.7, 0.7, 0.7]
		},
		"firstperson_lefthand": {
			"rotation": [0, 19, 0],
			"translation": [0.75, 6.5, 0],
			"scale": [0.7, 0.7, 0.7]
		},
		"ground": {
			"translation": [0, 5.5, 0],
			"scale": [0.6, 0.6, 0.6]
		},
		"gui": {
			"rotation": [15, 143, 0],
			"translation": [0, 5.25, 0],
			"scale": [0.9, 0.9, 0.9]
		},
		"head": {
			"translation": [0, 12.25, 0],
			"scale": [1.33555, 1.4, 1.44297]
		},
		"fixed": {
			"rotation": [-90, 33, -20],
			"translation": [17.5, -15.25, -6.25],
			"scale": [1.3, 1.3, 1.3]
		}
	},
	"groups": [
		{
			"name": "front",
			"origin": [0, 0, 0],
			"color": 9,
			"children": [0, 1, 2, 3, 4, 5, 6, 7, 8, 9, 10, 11, 12, 13, 14, 15, 16, 17, 18, 19, 20]
		},
		{
			"name": "flowers",
			"origin": [0, 0, 0],
			"color": 3,
			"children": [
				{
					"name": "small flower",
					"origin": [0, 0, 0],
					"color": 3,
					"children": [21, 22, 23, 24, 25, 26, 27]
				},
				{
					"name": "group",
					"origin": [0, 0, 0],
					"color": 3,
					"children": [28, 29, 30, 31, 32, 33]
				},
				{
					"name": "group",
					"origin": [0, 0, 0],
					"color": 3,
					"children": [34, 35, 36, 37, 38, 39]
				}
			]
		},
		{
			"name": "sticks",
			"origin": [0, 0, 0],
			"color": 2,
			"children": [40, 41, 42, 43, 44, 45, 46, 47, 48, 49, 50, 51, 52, 53, 54]
		},
		{
			"name": "group",
			"origin": [0, 0, 0],
			"color": 0,
			"children": [55, 56, 57, 58, 59, 60, 61, 62]
		},
		{
			"name": "group",
			"origin": [0, 0, 0],
			"color": 0,
			"children": [63, 64, 65, 66, 67]
		},
		{
			"name": "group",
			"origin": [8, 8, 8],
			"color": 9,
			"children": [
				{
					"name": "group",
					"origin": [0, 0, 0],
					"color": 9,
					"children": [68, 69, 70, 71, 72, 73, 74]
				},
				{
					"name": "group",
					"origin": [0, 0, 0],
					"color": 9,
					"children": [75, 76, 77, 78, 79, 80, 81]
				},
				82,
				83
			]
		}
	]
}