{
	"credit": "Made with Blockbench",
	"textures": {
		"2": "block/inazumavisionframe",
		"4": "block/pyro_e"
	},
	"elements": [
		{
			"from": [7, 2, 2],
			"to": [9, 4, 3.5],
			"faces": {
				"north": {"uv": [0, 0, 2, 2], "texture": "#4"},
				"east": {"uv": [2, 0, 3.5, 2], "texture": "#4"},
				"south": {"uv": [0, 2, 2, 4], "texture": "#4"},
				"west": {"uv": [2, 2, 3.5, 4], "texture": "#4"},
				"up": {"uv": [2, 5.5, 0, 4], "texture": "#4"},
				"down": {"uv": [6, 0, 4, 1.5], "texture": "#4"}
			}
		},
		{
			"from": [6.75, 1.75, 2.5],
			"to": [9.25, 4.25, 3],
			"faces": {
				"north": {"uv": [0, 0, 3, 3], "texture": "#2"},
				"east": {"uv": [0, 8, 1, 11], "texture": "#2"},
				"south": {"uv": [0, 3, 3, 6], "texture": "#2"},
				"west": {"uv": [1, 8, 2, 11], "texture": "#2"},
				"up": {"uv": [5, 9, 2, 8], "texture": "#2"},
				"down": {"uv": [8, 8, 5, 9], "texture": "#2"}
			}
		},
		{
			"from": [6, 4.5, 2.65],
			"to": [6.5, 5, 2.9],
			"faces": {
				"north": {"uv": [3, 11, 4, 12], "texture": "#2"},
				"east": {"uv": [4, 11, 5, 12], "texture": "#2"},
				"south": {"uv": [11, 4, 12, 5], "texture": "#2"},
				"west": {"uv": [5, 11, 6, 12], "texture": "#2"},
				"up": {"uv": [12, 6, 11, 5], "texture": "#2"},
				"down": {"uv": [7, 11, 6, 12], "texture": "#2"}
			}
		},
		{
			"from": [6.2, 4.26, 2.4],
			"to": [6.95, 5.01, 3.15],
			"faces": {
				"north": {"uv": [11, 6, 12, 7], "texture": "#2"},
				"east": {"uv": [7, 11, 8, 12], "texture": "#2"},
				"south": {"uv": [11, 7, 12, 8], "texture": "#2"},
				"west": {"uv": [11, 8, 12, 9], "texture": "#2"},
				"up": {"uv": [12, 10, 11, 9], "texture": "#2"},
				"down": {"uv": [12, 10, 11, 11], "texture": "#2"}
			}
		},
		{
			"from": [9.05, 4.26, 2.4],
			"to": [9.8, 5.01, 3.15],
			"rotation": {"angle": 0, "axis": "y", "origin": [16, 0, 0]},
			"faces": {
				"north": {"uv": [11, 11, 12, 12], "texture": "#2"},
				"east": {"uv": [12, 0, 13, 1], "texture": "#2"},
				"south": {"uv": [12, 1, 13, 2], "texture": "#2"},
				"west": {"uv": [12, 2, 13, 3], "texture": "#2"},
				"up": {"uv": [4, 13, 3, 12], "texture": "#2"},
				"down": {"uv": [13, 3, 12, 4], "texture": "#2"}
			}
		},
		{
			"from": [7.4, 4.55, 2.4],
			"to": [8.6, 5.75, 3.15],
			"rotation": {"angle": 0, "axis": "y", "origin": [16, 0, 0]},
			"faces": {
				"north": {"uv": [4, 12, 5, 13], "texture": "#2"},
				"east": {"uv": [12, 4, 13, 5], "texture": "#2"},
				"south": {"uv": [5, 12, 6, 13], "texture": "#2"},
				"west": {"uv": [12, 5, 13, 6], "texture": "#2"},
				"up": {"uv": [7, 13, 6, 12], "texture": "#2"},
				"down": {"uv": [13, 6, 12, 7], "texture": "#2"}
			}
		},
		{
			"from": [6.3, 4.6, 2.66],
			"to": [6.8, 5.1, 2.91],
			"faces": {
				"north": {"uv": [7, 12, 8, 13], "texture": "#2"},
				"east": {"uv": [12, 7, 13, 8], "texture": "#2"},
				"south": {"uv": [8, 12, 9, 13], "texture": "#2"},
				"west": {"uv": [12, 8, 13, 9], "texture": "#2"},
				"up": {"uv": [10, 13, 9, 12], "texture": "#2"},
				"down": {"uv": [13, 9, 12, 10], "texture": "#2"}
			}
		},
		{
			"from": [9.2, 4.6, 2.66],
			"to": [9.7, 5.1, 2.91],
			"rotation": {"angle": 0, "axis": "y", "origin": [16, 0, 0]},
			"faces": {
				"north": {"uv": [10, 12, 11, 13], "texture": "#2"},
				"east": {"uv": [12, 10, 13, 11], "texture": "#2"},
				"south": {"uv": [11, 12, 12, 13], "texture": "#2"},
				"west": {"uv": [12, 11, 13, 12], "texture": "#2"},
				"up": {"uv": [13, 13, 12, 12], "texture": "#2"},
				"down": {"uv": [1, 13, 0, 14], "texture": "#2"}
			}
		},
		{
			"from": [6, 1.4, 2.65],
			"to": [6.5, 1.7, 2.9],
			"rotation": {"angle": 0, "axis": "y", "origin": [0, 16, 0]},
			"faces": {
				"north": {"uv": [13, 0, 14, 1], "texture": "#2"},
				"east": {"uv": [1, 13, 2, 14], "texture": "#2"},
				"south": {"uv": [13, 1, 14, 2], "texture": "#2"},
				"west": {"uv": [2, 13, 3, 14], "texture": "#2"},
				"up": {"uv": [14, 3, 13, 2], "texture": "#2"},
				"down": {"uv": [4, 13, 3, 14], "texture": "#2"}
			}
		},
		{
			"from": [9.5, 1.4, 2.65],
			"to": [10, 1.7, 2.9],
			"rotation": {"angle": 0, "axis": "y", "origin": [16, 16, 0]},
			"faces": {
				"north": {"uv": [13, 3, 14, 4], "texture": "#2"},
				"east": {"uv": [4, 13, 5, 14], "texture": "#2"},
				"south": {"uv": [13, 4, 14, 5], "texture": "#2"},
				"west": {"uv": [5, 13, 6, 14], "texture": "#2"},
				"up": {"uv": [14, 6, 13, 5], "texture": "#2"},
				"down": {"uv": [7, 13, 6, 14], "texture": "#2"}
			}
		},
		{
			"from": [6.3, 1.1, 2.65],
			"to": [9.7, 1.4, 2.9],
			"rotation": {"angle": 0, "axis": "y", "origin": [16, 16, 0]},
			"faces": {
				"north": {"uv": [8, 6, 11, 7], "texture": "#2"},
				"east": {"uv": [13, 6, 14, 7], "texture": "#2"},
				"south": {"uv": [8, 7, 11, 8], "texture": "#2"},
				"west": {"uv": [7, 13, 8, 14], "texture": "#2"},
				"up": {"uv": [11, 9, 8, 8], "texture": "#2"},
				"down": {"uv": [5, 9, 2, 10], "texture": "#2"}
			}
		},
		{
			"from": [9.5, 4.5, 2.65],
			"to": [10, 5, 2.9],
			"rotation": {"angle": 0, "axis": "y", "origin": [16, 0, 0]},
			"faces": {
				"north": {"uv": [13, 7, 14, 8], "texture": "#2"},
				"east": {"uv": [8, 13, 9, 14], "texture": "#2"},
				"south": {"uv": [13, 8, 14, 9], "texture": "#2"},
				"west": {"uv": [9, 13, 10, 14], "texture": "#2"},
				"up": {"uv": [14, 10, 13, 9], "texture": "#2"},
				"down": {"uv": [11, 13, 10, 14], "texture": "#2"}
			}
		},
		{
			"from": [6.63, 4.7, 2.65],
			"to": [9.38, 5.3, 2.9],
			"faces": {
				"north": {"uv": [5, 9, 8, 10], "texture": "#2"},
				"east": {"uv": [13, 10, 14, 11], "texture": "#2"},
				"south": {"uv": [8, 9, 11, 10], "texture": "#2"},
				"west": {"uv": [11, 13, 12, 14], "texture": "#2"},
				"up": {"uv": [5, 11, 2, 10], "texture": "#2"},
				"down": {"uv": [8, 10, 5, 11], "texture": "#2"}
			}
		},
		{
			"from": [9.7, 3.7, 2.65],
			"to": [10.2, 4.5, 2.9],
			"faces": {
				"north": {"uv": [13, 11, 14, 12], "texture": "#2"},
				"east": {"uv": [12, 13, 13, 14], "texture": "#2"},
				"south": {"uv": [13, 12, 14, 13], "texture": "#2"},
				"west": {"uv": [13, 13, 14, 14], "texture": "#2"},
				"up": {"uv": [1, 15, 0, 14], "texture": "#2"},
				"down": {"uv": [15, 0, 14, 1], "texture": "#2"}
			}
		},
		{
			"from": [9.9, 2, 2.66],
			"to": [10.4, 4, 2.91],
			"faces": {
				"north": {"uv": [8, 10, 9, 12], "texture": "#2"},
				"east": {"uv": [9, 10, 10, 12], "texture": "#2"},
				"south": {"uv": [10, 10, 11, 12], "texture": "#2"},
				"west": {"uv": [0, 11, 1, 13], "texture": "#2"},
				"up": {"uv": [2, 15, 1, 14], "texture": "#2"},
				"down": {"uv": [15, 1, 14, 2], "texture": "#2"}
			}
		},
		{
			"from": [5.6, 2, 2.66],
			"to": [6.1, 4, 2.91],
			"rotation": {"angle": 0, "axis": "z", "origin": [16, 0, 0]},
			"faces": {
				"north": {"uv": [11, 0, 12, 2], "texture": "#2"},
				"east": {"uv": [1, 11, 2, 13], "texture": "#2"},
				"south": {"uv": [2, 11, 3, 13], "texture": "#2"},
				"west": {"uv": [11, 2, 12, 4], "texture": "#2"},
				"up": {"uv": [3, 15, 2, 14], "texture": "#2"},
				"down": {"uv": [15, 2, 14, 3], "texture": "#2"}
			}
		},
		{
			"from": [5.8, 3.7, 2.65],
			"to": [6.3, 4.5, 2.9],
			"rotation": {"angle": 0, "axis": "z", "origin": [16, 0, 0]},
			"faces": {
				"north": {"uv": [3, 14, 4, 15], "texture": "#2"},
				"east": {"uv": [14, 3, 15, 4], "texture": "#2"},
				"south": {"uv": [4, 14, 5, 15], "texture": "#2"},
				"west": {"uv": [14, 4, 15, 5], "texture": "#2"},
				"up": {"uv": [6, 15, 5, 14], "texture": "#2"},
				"down": {"uv": [15, 5, 14, 6], "texture": "#2"}
			}
		},
		{
			"from": [5.9, 1.7, 2.65],
			"to": [6.3, 2.2, 2.9],
			"rotation": {"angle": 0, "axis": "z", "origin": [16, 0, 0]},
			"faces": {
				"north": {"uv": [6, 14, 7, 15], "texture": "#2"},
				"east": {"uv": [14, 6, 15, 7], "texture": "#2"},
				"south": {"uv": [7, 14, 8, 15], "texture": "#2"},
				"west": {"uv": [14, 7, 15, 8], "texture": "#2"},
				"up": {"uv": [9, 15, 8, 14], "texture": "#2"},
				"down": {"uv": [15, 8, 14, 9], "texture": "#2"}
			}
		},
		{
			"from": [9.7, 1.7, 2.65],
			"to": [10.1, 2.2, 2.9],
			"faces": {
				"north": {"uv": [9, 14, 10, 15], "texture": "#2"},
				"east": {"uv": [14, 9, 15, 10], "texture": "#2"},
				"south": {"uv": [10, 14, 11, 15], "texture": "#2"},
				"west": {"uv": [14, 10, 15, 11], "texture": "#2"},
				"up": {"uv": [12, 15, 11, 14], "texture": "#2"},
				"down": {"uv": [15, 11, 14, 12], "texture": "#2"}
			}
		},
		{
			"from": [11.9, -0.6, 2.51],
			"to": [16.2, -0.1, 2.71],
			"rotation": {"angle": -22.5, "axis": "z", "origin": [16, 16, 0]},
			"faces": {
				"north": {"uv": [3, 0, 7, 1], "texture": "#2"},
				"east": {"uv": [12, 14, 13, 15], "texture": "#2"},
				"south": {"uv": [3, 1, 7, 2], "texture": "#2"},
				"west": {"uv": [14, 12, 15, 13], "texture": "#2"},
				"up": {"uv": [7, 3, 3, 2], "texture": "#2"},
				"down": {"uv": [7, 3, 3, 4], "texture": "#2"}
			}
		},
		{
			"from": [-0.2, -0.6, 2.52],
			"to": [4.1, -0.1, 2.72],
			"rotation": {"angle": 22.5, "axis": "z", "origin": [0, 16, 0]},
			"faces": {
				"north": {"uv": [3, 4, 7, 5], "texture": "#2"},
				"east": {"uv": [13, 14, 14, 15], "texture": "#2"},
				"south": {"uv": [3, 5, 7, 6], "texture": "#2"},
				"west": {"uv": [14, 13, 15, 14], "texture": "#2"},
				"up": {"uv": [4, 7, 0, 6], "texture": "#2"},
				"down": {"uv": [8, 6, 4, 7], "texture": "#2"}
			}
		},
		{
			"from": [-0.2, -0.6, 2.82],
			"to": [4.1, -0.1, 3.02],
			"rotation": {"angle": 22.5, "axis": "z", "origin": [0, 16, 1]},
			"faces": {
				"north": {"uv": [0, 7, 4, 8], "texture": "#2"},
				"east": {"uv": [14, 14, 15, 15], "texture": "#2"},
				"south": {"uv": [7, 0, 11, 1], "texture": "#2"},
				"west": {"uv": [0, 15, 1, 16], "texture": "#2"},
				"up": {"uv": [11, 2, 7, 1], "texture": "#2"},
				"down": {"uv": [11, 2, 7, 3], "texture": "#2"}
			}
		},
		{
			"from": [11.9, -0.6, 2.81],
			"to": [16.2, -0.1, 3.01],
			"rotation": {"angle": -22.5, "axis": "z", "origin": [16, 16, 1]},
			"faces": {
				"north": {"uv": [7, 3, 11, 4], "texture": "#2"},
				"east": {"uv": [15, 0, 16, 1], "texture": "#2"},
				"south": {"uv": [4, 7, 8, 8], "texture": "#2"},
				"west": {"uv": [1, 15, 2, 16], "texture": "#2"},
				"up": {"uv": [11, 5, 7, 4], "texture": "#2"},
				"down": {"uv": [11, 5, 7, 6], "texture": "#2"}
			}
		}
	],
	"display": {
		"thirdperson_righthand": {
			"rotation": [90, -90, 0],
			"translation": [-0.75, -2, 4.9],
			"scale": [0.5, 0.5, 0.5]
		},
		"thirdperson_lefthand": {
			"rotation": [90, -90, 0],
			"translation": [-0.75, -2, 4.9],
			"scale": [0.5, 0.5, 0.5]
		},
		"firstperson_righthand": {
			"translation": [8, 7, 3.5],
			"scale": [1.5, 1.5, 1.5]
		},
		"firstperson_lefthand": {
			"translation": [8, 7, 3.5],
			"scale": [1.5, 1.5, 1.5]
		},
		"ground": {
			"translation": [0, 5.75, 0]
		},
		"gui": {
			"rotation": [13, 168, 0],
			"translation": [3.25, 18.25, 0],
			"scale": [3, 3, 3]
		},
		"head": {
			"rotation": [0, -180, 0],
			"translation": [0, 7, 2]
		},
		"fixed": {
			"translation": [0, 12.5, 12.5],
			"scale": [2.5, 2.5, 2.5]
		}
	},
	"groups": [
		{
			"name": "vision",
			"origin": [0, 0, 0],
			"color": 0,
			"children": [0]
		},
		{
			"name": "visionframe",
			"origin": [0, 0, 0],
			"color": 0,
			"children": [1, 2, 3, 4, 5, 6, 7, 8, 9, 10, 11, 12, 13, 14, 15, 16, 17, 18, 19, 20, 21, 22]
		}
	]
}