{
	"credit": "Made with Blockbench",
	"textures": {
		"1": "block/hydro_e",
		"2": "block/liyuevisionframe"
	},
	"elements": [
		{
			"from": [6.26, -5, 2],
			"to": [8.26, -3, 3.5],
			"rotation": {"angle": 45, "axis": "z", "origin": [0, 0, 0]},
			"faces": {
				"north": {"uv": [0, 0, 2, 2], "texture": "#1"},
				"east": {"uv": [2, 0, 3.5, 2], "texture": "#1"},
				"south": {"uv": [0, 2, 2, 4], "texture": "#1"},
				"west": {"uv": [2, 2, 3.5, 4], "texture": "#1"},
				"up": {"uv": [2, 5.5, 0, 4], "texture": "#1"},
				"down": {"uv": [6, 0, 4, 1.5], "texture": "#1"}
			}
		},
		{
			"from": [6, -5.25, 2.5],
			"to": [8.5, -2.75, 3],
			"rotation": {"angle": 45, "axis": "z", "origin": [0, 0, 5]},
			"faces": {
				"north": {"uv": [0, 0, 3, 3], "texture": "#2"},
				"east": {"uv": [0, 6, 1, 9], "texture": "#2"},
				"south": {"uv": [0, 3, 3, 6], "texture": "#2"},
				"west": {"uv": [6, 0, 7, 3], "texture": "#2"},
				"up": {"uv": [4, 7, 1, 6], "texture": "#2"},
				"down": {"uv": [9, 3, 6, 4], "texture": "#2"}
			}
		},
		{
			"from": [8.25, -3, 2.45],
			"to": [8.75, -2.5, 3.05],
			"rotation": {"angle": 45, "axis": "z", "origin": [0, 0, 0]},
			"faces": {
				"north": {"uv": [5, 6, 6, 7], "texture": "#2"},
				"east": {"uv": [7, 1, 8, 2], "texture": "#2"},
				"south": {"uv": [7, 2, 8, 3], "texture": "#2"},
				"west": {"uv": [7, 4, 8, 5], "texture": "#2"},
				"up": {"uv": [6, 8, 5, 7], "texture": "#2"},
				"down": {"uv": [8, 5, 7, 6], "texture": "#2"}
			}
		},
		{
			"from": [16.25, 10.5, 2.45],
			"to": [16.75, 11, 3.05],
			"rotation": {"angle": -45, "axis": "z", "origin": [0, 16, 0]},
			"faces": {
				"north": {"uv": [6, 7, 7, 8], "texture": "#2"},
				"east": {"uv": [7, 6, 8, 7], "texture": "#2"},
				"south": {"uv": [7, 7, 8, 8], "texture": "#2"},
				"west": {"uv": [1, 8, 2, 9], "texture": "#2"},
				"up": {"uv": [9, 2, 8, 1], "texture": "#2"},
				"down": {"uv": [3, 8, 2, 9], "texture": "#2"}
			}
		},
		{
			"from": [5.75, -3, 2.45],
			"to": [6.25, -2.5, 3.05],
			"rotation": {"angle": 45, "axis": "z", "origin": [0, 0, 0]},
			"faces": {
				"north": {"uv": [8, 2, 9, 3], "texture": "#2"},
				"east": {"uv": [3, 8, 4, 9], "texture": "#2"},
				"south": {"uv": [8, 4, 9, 5], "texture": "#2"},
				"west": {"uv": [5, 8, 6, 9], "texture": "#2"},
				"up": {"uv": [9, 6, 8, 5], "texture": "#2"},
				"down": {"uv": [7, 8, 6, 9], "texture": "#2"}
			}
		},
		{
			"from": [5.87, -5.37, 2.55],
			"to": [8.62, -2.62, 2.95],
			"rotation": {"angle": 45, "axis": "z", "origin": [0, 0, 0]},
			"faces": {
				"north": {"uv": [3, 0, 6, 3], "texture": "#2"},
				"east": {"uv": [4, 6, 5, 9], "texture": "#2"},
				"south": {"uv": [3, 3, 6, 6], "texture": "#2"},
				"west": {"uv": [6, 4, 7, 7], "texture": "#2"},
				"up": {"uv": [10, 1, 7, 0], "texture": "#2"},
				"down": {"uv": [4, 7, 1, 8], "texture": "#2"}
			}
		},
		{
			"from": [9.75, -3, 2.45],
			"to": [10.25, -2.5, 3.05],
			"rotation": {"angle": -45, "axis": "z", "origin": [16, 0, 0]},
			"faces": {
				"north": {"uv": [8, 6, 9, 7], "texture": "#2"},
				"east": {"uv": [7, 8, 8, 9], "texture": "#2"},
				"south": {"uv": [8, 7, 9, 8], "texture": "#2"},
				"west": {"uv": [8, 8, 9, 9], "texture": "#2"},
				"up": {"uv": [1, 10, 0, 9], "texture": "#2"},
				"down": {"uv": [2, 9, 1, 10], "texture": "#2"}
			}
		},
		{
			"from": [6.98, 0.7, 2.6],
			"to": [7.73, 0.95, 2.9],
			"faces": {
				"north": {"uv": [9, 1, 10, 2], "texture": "#2"},
				"east": {"uv": [2, 9, 3, 10], "texture": "#2"},
				"south": {"uv": [9, 2, 10, 3], "texture": "#2"},
				"west": {"uv": [3, 9, 4, 10], "texture": "#2"},
				"up": {"uv": [10, 4, 9, 3], "texture": "#2"},
				"down": {"uv": [5, 9, 4, 10], "texture": "#2"}
			}
		},
		{
			"from": [6.34, 1.34, 2.6],
			"to": [6.59, 2.09, 2.9],
			"faces": {
				"north": {"uv": [9, 4, 10, 5], "texture": "#2"},
				"east": {"uv": [5, 9, 6, 10], "texture": "#2"},
				"south": {"uv": [9, 5, 10, 6], "texture": "#2"},
				"west": {"uv": [6, 9, 7, 10], "texture": "#2"},
				"up": {"uv": [10, 7, 9, 6], "texture": "#2"},
				"down": {"uv": [8, 9, 7, 10], "texture": "#2"}
			}
		},
		{
			"from": [5.43, -4.45, 2.61],
			"to": [5.68, -3.55, 2.91],
			"rotation": {"angle": 45, "axis": "z", "origin": [0, 0, 0]},
			"faces": {
				"north": {"uv": [9, 7, 10, 8], "texture": "#2"},
				"east": {"uv": [8, 9, 9, 10], "texture": "#2"},
				"south": {"uv": [9, 8, 10, 9], "texture": "#2"},
				"west": {"uv": [9, 9, 10, 10], "texture": "#2"},
				"up": {"uv": [1, 11, 0, 10], "texture": "#2"},
				"down": {"uv": [11, 0, 10, 1], "texture": "#2"}
			}
		},
		{
			"from": [8.25, 0.7, 2.6],
			"to": [9, 0.95, 2.9],
			"rotation": {"angle": 0, "axis": "y", "origin": [16, 0, 0]},
			"faces": {
				"north": {"uv": [1, 10, 2, 11], "texture": "#2"},
				"east": {"uv": [10, 1, 11, 2], "texture": "#2"},
				"south": {"uv": [2, 10, 3, 11], "texture": "#2"},
				"west": {"uv": [10, 2, 11, 3], "texture": "#2"},
				"up": {"uv": [4, 11, 3, 10], "texture": "#2"},
				"down": {"uv": [11, 3, 10, 4], "texture": "#2"}
			}
		},
		{
			"from": [9.38, 1.34, 2.6],
			"to": [9.63, 2.09, 2.9],
			"rotation": {"angle": 0, "axis": "y", "origin": [16, 0, 0]},
			"faces": {
				"north": {"uv": [4, 10, 5, 11], "texture": "#2"},
				"east": {"uv": [10, 4, 11, 5], "texture": "#2"},
				"south": {"uv": [5, 10, 6, 11], "texture": "#2"},
				"west": {"uv": [10, 5, 11, 6], "texture": "#2"},
				"up": {"uv": [7, 11, 6, 10], "texture": "#2"},
				"down": {"uv": [11, 6, 10, 7], "texture": "#2"}
			}
		},
		{
			"from": [10.3, -4.45, 2.61],
			"to": [10.55, -3.55, 2.91],
			"rotation": {"angle": -45, "axis": "z", "origin": [16, 0, 0]},
			"faces": {
				"north": {"uv": [7, 10, 8, 11], "texture": "#2"},
				"east": {"uv": [10, 7, 11, 8], "texture": "#2"},
				"south": {"uv": [8, 10, 9, 11], "texture": "#2"},
				"west": {"uv": [10, 8, 11, 9], "texture": "#2"},
				"up": {"uv": [10, 11, 9, 10], "texture": "#2"},
				"down": {"uv": [11, 9, 10, 10], "texture": "#2"}
			}
		},
		{
			"from": [8.25, 3.65, 2.6],
			"to": [9, 3.9, 2.9],
			"rotation": {"angle": 0, "axis": "y", "origin": [16, 5, 0]},
			"faces": {
				"north": {"uv": [10, 10, 11, 11], "texture": "#2"},
				"east": {"uv": [0, 11, 1, 12], "texture": "#2"},
				"south": {"uv": [11, 0, 12, 1], "texture": "#2"},
				"west": {"uv": [1, 11, 2, 12], "texture": "#2"},
				"up": {"uv": [12, 2, 11, 1], "texture": "#2"},
				"down": {"uv": [3, 11, 2, 12], "texture": "#2"}
			}
		},
		{
			"from": [9.38, 2.51, 2.6],
			"to": [9.63, 3.26, 2.9],
			"rotation": {"angle": 0, "axis": "y", "origin": [16, 5, 0]},
			"faces": {
				"north": {"uv": [11, 2, 12, 3], "texture": "#2"},
				"east": {"uv": [3, 11, 4, 12], "texture": "#2"},
				"south": {"uv": [11, 3, 12, 4], "texture": "#2"},
				"west": {"uv": [4, 11, 5, 12], "texture": "#2"},
				"up": {"uv": [12, 5, 11, 4], "texture": "#2"},
				"down": {"uv": [6, 11, 5, 12], "texture": "#2"}
			}
		},
		{
			"from": [10, 8.25, 2.61],
			"to": [10.25, 9.15, 2.91],
			"rotation": {"angle": 45, "axis": "z", "origin": [16, 5, 0]},
			"faces": {
				"north": {"uv": [11, 5, 12, 6], "texture": "#2"},
				"east": {"uv": [6, 11, 7, 12], "texture": "#2"},
				"south": {"uv": [11, 6, 12, 7], "texture": "#2"},
				"west": {"uv": [7, 11, 8, 12], "texture": "#2"},
				"up": {"uv": [12, 8, 11, 7], "texture": "#2"},
				"down": {"uv": [9, 11, 8, 12], "texture": "#2"}
			}
		},
		{
			"from": [6.98, 3.65, 2.6],
			"to": [7.73, 3.9, 2.9],
			"rotation": {"angle": 0, "axis": "y", "origin": [0, 5, 0]},
			"faces": {
				"north": {"uv": [11, 8, 12, 9], "texture": "#2"},
				"east": {"uv": [9, 11, 10, 12], "texture": "#2"},
				"south": {"uv": [11, 9, 12, 10], "texture": "#2"},
				"west": {"uv": [10, 11, 11, 12], "texture": "#2"},
				"up": {"uv": [12, 11, 11, 10], "texture": "#2"},
				"down": {"uv": [12, 11, 11, 12], "texture": "#2"}
			}
		},
		{
			"from": [6.34, 2.51, 2.6],
			"to": [6.59, 3.26, 2.9],
			"rotation": {"angle": 0, "axis": "y", "origin": [0, 5, 0]},
			"faces": {
				"north": {"uv": [0, 12, 1, 13], "texture": "#2"},
				"east": {"uv": [12, 0, 13, 1], "texture": "#2"},
				"south": {"uv": [1, 12, 2, 13], "texture": "#2"},
				"west": {"uv": [12, 1, 13, 2], "texture": "#2"},
				"up": {"uv": [3, 13, 2, 12], "texture": "#2"},
				"down": {"uv": [13, 2, 12, 3], "texture": "#2"}
			}
		},
		{
			"from": [5.73, 8.25, 2.61],
			"to": [5.98, 9.15, 2.91],
			"rotation": {"angle": -45, "axis": "z", "origin": [0, 5, 0]},
			"faces": {
				"north": {"uv": [3, 12, 4, 13], "texture": "#2"},
				"east": {"uv": [12, 3, 13, 4], "texture": "#2"},
				"south": {"uv": [4, 12, 5, 13], "texture": "#2"},
				"west": {"uv": [12, 4, 13, 5], "texture": "#2"},
				"up": {"uv": [6, 13, 5, 12], "texture": "#2"},
				"down": {"uv": [13, 5, 12, 6], "texture": "#2"}
			}
		}
	],
	"display": {
		"thirdperson_righthand": {
			"rotation": [90, -90, 0],
			"translation": [-0.75, -2, 5.15],
			"scale": [0.5, 0.5, 0.5]
		},
		"thirdperson_lefthand": {
			"rotation": [90, -90, 0],
			"translation": [-0.75, -2, 5.15],
			"scale": [0.5, 0.5, 0.5]
		},
		"firstperson_righthand": {
			"translation": [8, 7.75, 3.5],
			"scale": [1.5, 1.5, 1.5]
		},
		"firstperson_lefthand": {
			"translation": [8, 7.75, 3.5],
			"scale": [1.5, 1.5, 1.5]
		},
		"ground": {
			"translation": [0, 5.75, 0]
		},
		"gui": {
			"rotation": [13, 168, 0],
			"translation": [3.25, 20, 0],
			"scale": [3, 3, 3]
		},
		"head": {
			"rotation": [0, 0, 7],
			"translation": [4, 7.5, -2]
		},
		"fixed": {
			"translation": [0, 14, 12.5],
			"scale": [2.5, 2.5, 2.5]
		}
	},
	"groups": [
		{
			"name": "vision",
			"origin": [0, 0, 0],
			"color": 0,
			"children": [0]
		},
		{
			"name": "visionframe",
			"origin": [0, 0, 0],
			"color": 0,
			"children": [1, 2, 3, 4, 5, 6, 7, 8, 9, 10, 11, 12, 13, 14, 15, 16, 17, 18]
		}
	]
}