{
	"credit": "Made with Blockbench",
	"texture_size": [32, 32],
	"textures": {
		"1": "block/sumeruvisionfrrame",
		"4": "block/electro_e",
		"particle": "block/sumeruvisionfrrame"
	},
	"elements": [
		{
			"from": [7, 2, 2],
			"to": [9, 4, 3.5],
			"faces": {
				"north": {"uv": [0, 0, 2, 2], "texture": "#4"},
				"east": {"uv": [2, 0, 3.5, 2], "texture": "#4"},
				"south": {"uv": [2, 0, 0, 2], "texture": "#4"},
				"west": {"uv": [2, 2, 3.5, 4], "texture": "#4"},
				"up": {"uv": [2, 5.5, 0, 4], "texture": "#4"},
				"down": {"uv": [6, 0, 4, 1.5], "texture": "#4"}
			}
		},
		{
			"from": [6.75, 1.75, 2.5],
			"to": [9.25, 4.25, 3],
			"faces": {
				"north": {"uv": [0, 0, 1.5, 1.5], "texture": "#1"},
				"east": {"uv": [3, 4, 3.5, 5.5], "texture": "#1"},
				"south": {"uv": [0, 1.5, 1.5, 3], "texture": "#1"},
				"west": {"uv": [4, 3, 4.5, 4.5], "texture": "#1"},
				"up": {"uv": [6, 0.5, 4.5, 0], "texture": "#1"},
				"down": {"uv": [6, 0.5, 4.5, 1], "texture": "#1"}
			}
		},
		{
			"from": [6.5, 2.15, 2.65],
			"to": [9.5, 4.15, 2.85],
			"faces": {
				"north": {"uv": [1.5, 0, 3, 1], "texture": "#1"},
				"east": {"uv": [3.5, 4, 4, 5], "texture": "#1"},
				"south": {"uv": [1.5, 1, 3, 2], "texture": "#1"},
				"west": {"uv": [4.5, 3, 5, 4], "texture": "#1"},
				"up": {"uv": [6, 1.5, 4.5, 1], "texture": "#1"},
				"down": {"uv": [6, 1.5, 4.5, 2], "texture": "#1"}
			}
		},
		{
			"from": [7.8, 0.9, 2.61],
			"to": [8.3, 4.8, 2.89],
			"rotation": {"angle": 0, "axis": "z", "origin": [16, 0, 0]},
			"faces": {
				"north": {"uv": [1.5, 2, 2, 4], "texture": "#1"},
				"east": {"uv": [2, 2, 2.5, 4], "texture": "#1"},
				"south": {"uv": [2.5, 2, 3, 4], "texture": "#1"},
				"west": {"uv": [0, 3, 0.5, 5], "texture": "#1"},
				"up": {"uv": [0.5, 6.5, 0, 6], "texture": "#1"},
				"down": {"uv": [6.5, 0, 6, 0.5], "texture": "#1"}
			}
		},
		{
			"from": [8.3, 1.25, 2.61],
			"to": [8.8, 1.75, 2.89],
			"rotation": {"angle": 0, "axis": "z", "origin": [16, 0, 0]},
			"faces": {
				"north": {"uv": [0.5, 6, 1, 6.5], "texture": "#1"},
				"east": {"uv": [6, 0.5, 6.5, 1], "texture": "#1"},
				"south": {"uv": [1, 6, 1.5, 6.5], "texture": "#1"},
				"west": {"uv": [6, 1, 6.5, 1.5], "texture": "#1"},
				"up": {"uv": [2, 6.5, 1.5, 6], "texture": "#1"},
				"down": {"uv": [6.5, 1.5, 6, 2], "texture": "#1"}
			}
		},
		{
			"from": [7.6, 1, 2.55],
			"to": [7.8, 4.7, 2.95],
			"rotation": {"angle": 0, "axis": "z", "origin": [16, 0, 0]},
			"faces": {
				"north": {"uv": [10.5, 2, 11, 6], "texture": "#1"},
				"east": {"uv": [10.5, 2, 11, 6], "texture": "#1"},
				"south": {"uv": [10.5, 2, 11, 6], "texture": "#1"},
				"west": {"uv": [10.5, 2, 11, 6], "texture": "#1"},
				"up": {"uv": [2.5, 6.5, 2, 6], "texture": "#1"},
				"down": {"uv": [6.5, 2, 6, 2.5], "texture": "#1"}
			}
		},
		{
			"from": [8.11, 0.85, 2.56],
			"to": [8.31, 1.1, 2.96],
			"rotation": {"angle": 0, "axis": "z", "origin": [16, 0, 0]},
			"faces": {
				"north": {"uv": [2.5, 6, 3, 6.5], "texture": "#1"},
				"east": {"uv": [6, 2.5, 6.5, 3], "texture": "#1"},
				"south": {"uv": [3, 6, 3.5, 6.5], "texture": "#1"},
				"west": {"uv": [6, 3, 6.5, 3.5], "texture": "#1"},
				"up": {"uv": [4, 6.5, 3.5, 6], "texture": "#1"},
				"down": {"uv": [6.5, 3.5, 6, 4], "texture": "#1"}
			}
		},
		{
			"from": [8.4, 1.1, 2.6],
			"to": [8.9, 1.35, 2.9],
			"rotation": {"angle": 0, "axis": "z", "origin": [16, 0, 0]},
			"faces": {
				"north": {"uv": [4, 6, 4.5, 6.5], "texture": "#1"},
				"east": {"uv": [6, 4, 6.5, 4.5], "texture": "#1"},
				"south": {"uv": [4.5, 6, 5, 6.5], "texture": "#1"},
				"west": {"uv": [6, 4.5, 6.5, 5], "texture": "#1"},
				"up": {"uv": [5.5, 6.5, 5, 6], "texture": "#1"},
				"down": {"uv": [6.5, 5, 6, 5.5], "texture": "#1"}
			}
		},
		{
			"from": [9, 1.3, 2.65],
			"to": [9.5, 1.8, 2.85],
			"rotation": {"angle": 0, "axis": "z", "origin": [16, 0, 0]},
			"faces": {
				"north": {"uv": [2.5, 11, 3.5, 12], "texture": "#1"},
				"east": {"uv": [3.5, 11, 4, 12], "texture": "#1"},
				"south": {"uv": [1.5, 11, 2.5, 12], "texture": "#1"},
				"west": {"uv": [4, 11, 4.5, 12], "texture": "#1"},
				"up": {"uv": [3.5, 10.5, 2.5, 10], "texture": "#1"},
				"down": {"uv": [3.5, 9.5, 2.5, 10], "texture": "#1"}
			}
		},
		{
			"from": [9.33, 1.5, 2.67],
			"to": [9.83, 1.9, 2.82],
			"rotation": {"angle": 0, "axis": "z", "origin": [16, 0, 0]},
			"faces": {
				"north": {"uv": [6.5, 0.5, 7, 1], "texture": "#1"},
				"east": {"uv": [1, 6.5, 1.5, 7], "texture": "#1"},
				"south": {"uv": [6.5, 1, 7, 1.5], "texture": "#1"},
				"west": {"uv": [1.5, 6.5, 2, 7], "texture": "#1"},
				"up": {"uv": [7, 2, 6.5, 1.5], "texture": "#1"},
				"down": {"uv": [2.5, 6.5, 2, 7], "texture": "#1"}
			}
		},
		{
			"from": [9.3, 1.65, 2.6],
			"to": [9.6, 1.95, 2.9],
			"rotation": {"angle": 0, "axis": "z", "origin": [16, 0, 0]},
			"faces": {
				"north": {"uv": [6.5, 2, 7, 2.5], "texture": "#1"},
				"east": {"uv": [2.5, 6.5, 3, 7], "texture": "#1"},
				"south": {"uv": [6.5, 2.5, 7, 3], "texture": "#1"},
				"west": {"uv": [3, 6.5, 3.5, 7], "texture": "#1"},
				"up": {"uv": [7, 3.5, 6.5, 3], "texture": "#1"},
				"down": {"uv": [4, 6.5, 3.5, 7], "texture": "#1"}
			}
		},
		{
			"from": [6.4, 1.65, 2.6],
			"to": [6.7, 1.95, 2.9],
			"faces": {
				"north": {"uv": [0, 7, 0.5, 7.5], "texture": "#1"},
				"east": {"uv": [7, 0, 7.5, 0.5], "texture": "#1"},
				"south": {"uv": [0.5, 7, 1, 7.5], "texture": "#1"},
				"west": {"uv": [7, 0.5, 7.5, 1], "texture": "#1"},
				"up": {"uv": [1.5, 7.5, 1, 7], "texture": "#1"},
				"down": {"uv": [7.5, 1, 7, 1.5], "texture": "#1"}
			}
		},
		{
			"from": [6.5, 1.3, 2.65],
			"to": [7, 1.8, 2.85],
			"faces": {
				"north": {"uv": [12, 11, 13, 12], "texture": "#1"},
				"east": {"uv": [13, 10, 13.5, 11], "texture": "#1"},
				"south": {"uv": [12, 12, 13, 13], "texture": "#1"},
				"west": {"uv": [13.5, 10, 14, 11], "texture": "#1"},
				"up": {"uv": [13.5, 9, 12.5, 8.5], "texture": "#1"},
				"down": {"uv": [13.5, 9, 12.5, 9.5], "texture": "#1"}
			}
		},
		{
			"from": [6.17, 1.5, 2.67],
			"to": [6.67, 1.9, 2.82],
			"faces": {
				"north": {"uv": [1.5, 7, 2, 7.5], "texture": "#1"},
				"east": {"uv": [7, 1.5, 7.5, 2], "texture": "#1"},
				"south": {"uv": [2, 7, 2.5, 7.5], "texture": "#1"},
				"west": {"uv": [7, 2, 7.5, 2.5], "texture": "#1"},
				"up": {"uv": [3, 7.5, 2.5, 7], "texture": "#1"},
				"down": {"uv": [7.5, 2.5, 7, 3], "texture": "#1"}
			}
		},
		{
			"from": [6.95, 1.2, 2.61],
			"to": [7.2, 1.8, 2.89],
			"faces": {
				"north": {"uv": [4.5, 8.5, 5, 9.5], "texture": "#1"},
				"east": {"uv": [4.5, 8.5, 5, 9.5], "texture": "#1"},
				"south": {"uv": [4.5, 8.5, 5, 9.5], "texture": "#1"},
				"west": {"uv": [4.5, 8.5, 5, 9.5], "texture": "#1"},
				"up": {"uv": [6, 7.5, 5.5, 7], "texture": "#1"},
				"down": {"uv": [7.5, 5.5, 7, 6], "texture": "#1"}
			}
		},
		{
			"from": [7.2, 1.25, 2.61],
			"to": [7.7, 1.75, 2.89],
			"faces": {
				"north": {"uv": [6, 7, 6.5, 7.5], "texture": "#1"},
				"east": {"uv": [7, 6, 7.5, 6.5], "texture": "#1"},
				"south": {"uv": [6.5, 7, 7, 7.5], "texture": "#1"},
				"west": {"uv": [7, 6.5, 7.5, 7], "texture": "#1"},
				"up": {"uv": [7.5, 7.5, 7, 7], "texture": "#1"},
				"down": {"uv": [0.5, 7.5, 0, 8], "texture": "#1"}
			}
		},
		{
			"from": [7.1, 1.1, 2.6],
			"to": [7.6, 1.35, 2.9],
			"faces": {
				"north": {"uv": [7.5, 0, 8, 0.5], "texture": "#1"},
				"east": {"uv": [0.5, 7.5, 1, 8], "texture": "#1"},
				"south": {"uv": [7.5, 0.5, 8, 1], "texture": "#1"},
				"west": {"uv": [1, 7.5, 1.5, 8], "texture": "#1"},
				"up": {"uv": [8, 1.5, 7.5, 1], "texture": "#1"},
				"down": {"uv": [2, 7.5, 1.5, 8], "texture": "#1"}
			}
		},
		{
			"from": [8.8, 1.2, 2.61],
			"to": [9.05, 1.8, 2.89],
			"rotation": {"angle": 0, "axis": "z", "origin": [16, 0, 0]},
			"faces": {
				"north": {"uv": [8, 10, 8.5, 11], "texture": "#1"},
				"east": {"uv": [8, 10, 8.5, 11], "texture": "#1"},
				"south": {"uv": [8, 10, 8.5, 11], "texture": "#1"},
				"west": {"uv": [8, 10, 8.5, 11], "texture": "#1"},
				"up": {"uv": [8, 3, 7.5, 2.5], "texture": "#1"},
				"down": {"uv": [3.5, 7.5, 3, 8], "texture": "#1"}
			}
		},
		{
			"from": [7.69, 0.85, 2.56],
			"to": [7.89, 1.1, 2.96],
			"faces": {
				"north": {"uv": [7.5, 3, 8, 3.5], "texture": "#1"},
				"east": {"uv": [3.5, 7.5, 4, 8], "texture": "#1"},
				"south": {"uv": [7.5, 3.5, 8, 4], "texture": "#1"},
				"west": {"uv": [4, 7.5, 4.5, 8], "texture": "#1"},
				"up": {"uv": [8, 4.5, 7.5, 4], "texture": "#1"},
				"down": {"uv": [5, 7.5, 4.5, 8], "texture": "#1"}
			}
		},
		{
			"from": [7.85, 0.8, 2.57],
			"to": [8.15, 0.9, 2.95],
			"faces": {
				"north": {"uv": [7.5, 4.5, 8, 5], "texture": "#1"},
				"east": {"uv": [5, 7.5, 5.5, 8], "texture": "#1"},
				"south": {"uv": [7.5, 5, 8, 5.5], "texture": "#1"},
				"west": {"uv": [5.5, 7.5, 6, 8], "texture": "#1"},
				"up": {"uv": [8, 6, 7.5, 5.5], "texture": "#1"},
				"down": {"uv": [6.5, 7.5, 6, 8], "texture": "#1"}
			}
		},
		{
			"from": [8.11, 4.6, 2.56],
			"to": [8.31, 4.85, 2.96],
			"rotation": {"angle": 0, "axis": "z", "origin": [16, 0, 0]},
			"faces": {
				"north": {"uv": [7.5, 6, 8, 6.5], "texture": "#1"},
				"east": {"uv": [6.5, 7.5, 7, 8], "texture": "#1"},
				"south": {"uv": [7.5, 6.5, 8, 7], "texture": "#1"},
				"west": {"uv": [7, 7.5, 7.5, 8], "texture": "#1"},
				"up": {"uv": [8, 7.5, 7.5, 7], "texture": "#1"},
				"down": {"uv": [8, 7.5, 7.5, 8], "texture": "#1"}
			}
		},
		{
			"from": [7.69, 4.6, 2.56],
			"to": [7.89, 4.85, 2.96],
			"faces": {
				"north": {"uv": [0, 8, 0.5, 8.5], "texture": "#1"},
				"east": {"uv": [8, 0, 8.5, 0.5], "texture": "#1"},
				"south": {"uv": [0.5, 8, 1, 8.5], "texture": "#1"},
				"west": {"uv": [8, 0.5, 8.5, 1], "texture": "#1"},
				"up": {"uv": [1.5, 8.5, 1, 8], "texture": "#1"},
				"down": {"uv": [8.5, 1, 8, 1.5], "texture": "#1"}
			}
		},
		{
			"from": [7.85, 4.8, 2.57],
			"to": [8.15, 4.9, 2.95],
			"faces": {
				"north": {"uv": [1.5, 8, 2, 8.5], "texture": "#1"},
				"east": {"uv": [8, 1.5, 8.5, 2], "texture": "#1"},
				"south": {"uv": [2, 8, 2.5, 8.5], "texture": "#1"},
				"west": {"uv": [8, 2, 8.5, 2.5], "texture": "#1"},
				"up": {"uv": [3, 8.5, 2.5, 8], "texture": "#1"},
				"down": {"uv": [8.5, 2.5, 8, 3], "texture": "#1"}
			}
		},
		{
			"from": [8.2, 1, 2.55],
			"to": [8.4, 4.7, 2.95],
			"faces": {
				"north": {"uv": [10.5, 2, 11, 6], "texture": "#1"},
				"east": {"uv": [10.5, 2, 11, 6], "texture": "#1"},
				"south": {"uv": [10.5, 2, 11, 6], "texture": "#1"},
				"west": {"uv": [10.5, 2, 11, 6], "texture": "#1"},
				"up": {"uv": [3.5, 8.5, 3, 8], "texture": "#1"},
				"down": {"uv": [8.5, 3, 8, 3.5], "texture": "#1"}
			}
		},
		{
			"from": [8.6, 4, 2.55],
			"to": [9, 6.14, 2.95],
			"rotation": {"angle": 45, "axis": "z", "origin": [9.3, 5, 2.55]},
			"faces": {
				"north": {"uv": [4, 4.5, 4.5, 5.5], "texture": "#1"},
				"east": {"uv": [4.5, 4, 5, 5], "texture": "#1"},
				"south": {"uv": [0, 5, 0.5, 6], "texture": "#1"},
				"west": {"uv": [0.5, 5, 1, 6], "texture": "#1"},
				"up": {"uv": [4, 8.5, 3.5, 8], "texture": "#1"},
				"down": {"uv": [8.5, 3.5, 8, 4], "texture": "#1"}
			}
		},
		{
			"from": [7, 4, 2.55],
			"to": [7.4, 6.14, 2.95],
			"rotation": {"angle": -45, "axis": "z", "origin": [6.7, 5, 2.55]},
			"faces": {
				"north": {"uv": [2.5, 5, 3, 6], "texture": "#1"},
				"east": {"uv": [5, 3, 5.5, 4], "texture": "#1"},
				"south": {"uv": [3.5, 5, 4, 6], "texture": "#1"},
				"west": {"uv": [5, 4, 5.5, 5], "texture": "#1"},
				"up": {"uv": [7.5, 8.5, 7, 8], "texture": "#1"},
				"down": {"uv": [8.5, 7, 8, 7.5], "texture": "#1"}
			}
		},
		{
			"from": [8.59, 6.13, 2.56],
			"to": [8.94, 6.48, 2.94],
			"rotation": {"angle": 45, "axis": "z", "origin": [9.3, 5, 2.55]},
			"faces": {
				"north": {"uv": [7.5, 8, 8, 8.5], "texture": "#1"},
				"east": {"uv": [8, 7.5, 8.5, 8], "texture": "#1"},
				"south": {"uv": [8, 8, 8.5, 8.5], "texture": "#1"},
				"west": {"uv": [0, 8.5, 0.5, 9], "texture": "#1"},
				"up": {"uv": [9, 0.5, 8.5, 0], "texture": "#1"},
				"down": {"uv": [1, 8.5, 0.5, 9], "texture": "#1"}
			}
		}
	],
	"display": {
		"thirdperson_righthand": {
			"rotation": [90, -90, 0],
			"translation": [-0.75, -2, 4.65],
			"scale": [0.5, 0.5, 0.5]
		},
		"thirdperson_lefthand": {
			"rotation": [90, -90, 0],
			"translation": [-0.75, -2, 4.65],
			"scale": [0.5, 0.5, 0.5]
		},
		"firstperson_righthand": {
			"translation": [8, 7, 3.5],
			"scale": [1.5, 1.5, 1.5]
		},
		"firstperson_lefthand": {
			"translation": [8, 7, 3.5],
			"scale": [1.5, 1.5, 1.5]
		},
		"ground": {
			"translation": [0, 5.75, 0.5]
		},
		"gui": {
			"rotation": [13, 168, 0],
			"translation": [3.25, 17.25, 0],
			"scale": [3, 3, 3]
		},
		"head": {
			"rotation": [0, -180, 0],
			"translation": [0, 7, 2]
		},
		"fixed": {
			"translation": [0, 11.75, 12.5],
			"scale": [2.5, 2.5, 2.5]
		}
	},
	"groups": [
		{
			"name": "vision",
			"origin": [0, 0, 0],
			"color": 0,
			"children": [0]
		},
		{
			"name": "visionframe",
			"origin": [0, 0, 0],
			"color": 0,
			"children": [1, 2, 3, 4, 5, 6, 7, 8, 9, 10, 11, 12, 13, 14, 15, 16, 17, 18, 19, 20, 21, 22, 23, 24, 25, 26]
		}
	]
}