{
	"credit": "Made with Blockbench",
	"texture_size": [32, 32],
	"textures": {
		"0": "block/skywardblade",
		"particle": "block/skywardblade"
	},
	"elements": [
		{
			"from": [7, 3, 5.12],
			"to": [9, 14, 5.87],
			"faces": {
				"north": {"uv": [0, 0, 1, 5.5], "texture": "#0"},
				"east": {"uv": [2, 0, 2.5, 5.5], "texture": "#0"},
				"south": {"uv": [1, 0, 2, 5.5], "texture": "#0"},
				"west": {"uv": [2.5, 0, 3, 5.5], "texture": "#0"},
				"up": {"uv": [1, 6, 0, 5.5], "texture": "#0"},
				"down": {"uv": [2, 5.5, 1, 6], "texture": "#0"}
			}
		},
		{
			"from": [7.5, 20.7, 5.15],
			"to": [8.25, 24.7, 5.9],
			"faces": {
				"north": {"uv": [3, 0, 3.5, 2], "texture": "#0"},
				"east": {"uv": [3, 2, 3.5, 4], "texture": "#0"},
				"south": {"uv": [3.5, 0, 4, 2], "texture": "#0"},
				"west": {"uv": [3.5, 2, 4, 4], "texture": "#0"},
				"up": {"uv": [8.5, 3.5, 8, 3], "texture": "#0"},
				"down": {"uv": [4, 8, 3.5, 8.5], "texture": "#0"}
			}
		},
		{
			"from": [7.39, 23.7, 5.02],
			"to": [8.39, 24.2, 6.02],
			"faces": {
				"north": {"uv": [0, 10, 0.5, 10.25], "texture": "#0"},
				"east": {"uv": [10, 0, 10.5, 0.25], "texture": "#0"},
				"south": {"uv": [0.5, 10, 1, 10.25], "texture": "#0"},
				"west": {"uv": [10, 0.5, 10.5, 0.75], "texture": "#0"},
				"up": {"uv": [8.5, 4, 8, 3.5], "texture": "#0"},
				"down": {"uv": [4.5, 8, 4, 8.5], "texture": "#0"}
			}
		},
		{
			"from": [6.5, 14, 5],
			"to": [9.5, 15, 6],
			"faces": {
				"north": {"uv": [4, 2, 5.5, 2.5], "texture": "#0"},
				"east": {"uv": [7, 1, 7.5, 1.5], "texture": "#0"},
				"south": {"uv": [4, 2.5, 5.5, 3], "texture": "#0"},
				"west": {"uv": [1.5, 7, 2, 7.5], "texture": "#0"},
				"up": {"uv": [4.5, 4.5, 3, 4], "texture": "#0"},
				"down": {"uv": [5.5, 3, 4, 3.5], "texture": "#0"}
			}
		},
		{
			"from": [6.5, 16, 5],
			"to": [9.5, 17, 6],
			"faces": {
				"north": {"uv": [4, 3.5, 5.5, 4], "texture": "#0"},
				"east": {"uv": [7, 1.5, 7.5, 2], "texture": "#0"},
				"south": {"uv": [3, 4.5, 4.5, 5], "texture": "#0"},
				"west": {"uv": [2.5, 7, 3, 7.5], "texture": "#0"},
				"up": {"uv": [6, 4.5, 4.5, 4], "texture": "#0"},
				"down": {"uv": [6, 4.5, 4.5, 5], "texture": "#0"}
			}
		},
		{
			"from": [11, 14.2, 5.1],
			"to": [12, 14.7, 5.6],
			"rotation": {"angle": 22.5, "axis": "z", "origin": [0, 0, 0]},
			"faces": {
				"north": {"uv": [9.5, 5.5, 10, 5.75], "texture": "#0"},
				"east": {"uv": [7, 10, 7.25, 10.25], "texture": "#0"},
				"south": {"uv": [6, 9.5, 6.5, 9.75], "texture": "#0"},
				"west": {"uv": [10, 7, 10.25, 7.25], "texture": "#0"},
				"up": {"uv": [10, 6.25, 9.5, 6], "texture": "#0"},
				"down": {"uv": [7, 9.5, 6.5, 9.75], "texture": "#0"}
			}
		},
		{
			"from": [15.5, 8, 5.1],
			"to": [16.5, 8.5, 5.6],
			"rotation": {"angle": 45, "axis": "z", "origin": [0, 0, 0]},
			"faces": {
				"north": {"uv": [9.5, 6.5, 10, 6.75], "texture": "#0"},
				"east": {"uv": [7.5, 10, 7.75, 10.25], "texture": "#0"},
				"south": {"uv": [7, 9.5, 7.5, 9.75], "texture": "#0"},
				"west": {"uv": [10, 7.5, 10.25, 7.75], "texture": "#0"},
				"up": {"uv": [10, 7.25, 9.5, 7], "texture": "#0"},
				"down": {"uv": [8, 9.5, 7.5, 9.75], "texture": "#0"}
			}
		},
		{
			"from": [-0.5, 8, 5.1],
			"to": [0.5, 8.5, 5.6],
			"rotation": {"angle": -45, "axis": "z", "origin": [16, 0, 0]},
			"faces": {
				"north": {"uv": [9.5, 8.5, 10, 8.75], "texture": "#0"},
				"east": {"uv": [8.5, 10, 8.75, 10.25], "texture": "#0"},
				"south": {"uv": [9, 9.5, 9.5, 9.75], "texture": "#0"},
				"west": {"uv": [10, 8.5, 10.25, 8.75], "texture": "#0"},
				"up": {"uv": [10, 9.25, 9.5, 9], "texture": "#0"},
				"down": {"uv": [10, 9.5, 9.5, 9.75], "texture": "#0"}
			}
		},
		{
			"from": [4, 14.2, 5.1],
			"to": [5, 14.7, 5.6],
			"rotation": {"angle": -22.5, "axis": "z", "origin": [16, 0, 0]},
			"faces": {
				"north": {"uv": [9.5, 7.5, 10, 7.75], "texture": "#0"},
				"east": {"uv": [8, 10, 8.25, 10.25], "texture": "#0"},
				"south": {"uv": [8, 9.5, 8.5, 9.75], "texture": "#0"},
				"west": {"uv": [10, 8, 10.25, 8.25], "texture": "#0"},
				"up": {"uv": [10, 8.25, 9.5, 8], "texture": "#0"},
				"down": {"uv": [9, 9.5, 8.5, 9.75], "texture": "#0"}
			}
		},
		{
			"from": [-1.2, 16.8, 4.6],
			"to": [-0.45, 17.8, 5.1],
			"rotation": {"angle": -22.5, "axis": "z", "origin": [0, 0, 0]},
			"faces": {
				"north": {"uv": [2.5, 8, 3, 8.5], "texture": "#0"},
				"east": {"uv": [9.5, 1.5, 9.75, 2], "texture": "#0"},
				"south": {"uv": [3, 8, 3.5, 8.5], "texture": "#0"},
				"west": {"uv": [2.5, 9.5, 2.75, 10], "texture": "#0"},
				"up": {"uv": [3.5, 9.75, 3, 9.5], "texture": "#0"},
				"down": {"uv": [4, 9.5, 3.5, 9.75], "texture": "#0"}
			}
		},
		{
			"from": [16.45, 16.8, 4.6],
			"to": [17.2, 17.8, 5.1],
			"rotation": {"angle": 22.5, "axis": "z", "origin": [16, 0, 0]},
			"faces": {
				"north": {"uv": [3.5, 6.5, 4, 7], "texture": "#0"},
				"east": {"uv": [9, 5.5, 9.25, 6], "texture": "#0"},
				"south": {"uv": [6, 6.5, 6.5, 7], "texture": "#0"},
				"west": {"uv": [9, 6, 9.25, 6.5], "texture": "#0"},
				"up": {"uv": [7, 9.25, 6.5, 9], "texture": "#0"},
				"down": {"uv": [9.5, 6.5, 9, 6.75], "texture": "#0"}
			}
		},
		{
			"from": [6.5, 20.25, 5],
			"to": [9.5, 20.75, 6],
			"faces": {
				"north": {"uv": [0, 6, 1.5, 6.25], "texture": "#0"},
				"east": {"uv": [9, 9, 9.5, 9.25], "texture": "#0"},
				"south": {"uv": [6, 2, 7.5, 2.25], "texture": "#0"},
				"west": {"uv": [9.5, 0, 10, 0.25], "texture": "#0"},
				"up": {"uv": [6.5, 0.5, 5, 0], "texture": "#0"},
				"down": {"uv": [6.5, 0.5, 5, 1], "texture": "#0"}
			}
		},
		{
			"from": [5.75, 19.5, 5],
			"to": [6.5, 20.5, 6],
			"faces": {
				"north": {"uv": [7, 4.5, 7.5, 5], "texture": "#0"},
				"east": {"uv": [5, 7, 5.5, 7.5], "texture": "#0"},
				"south": {"uv": [7, 5, 7.5, 5.5], "texture": "#0"},
				"west": {"uv": [5.5, 7, 6, 7.5], "texture": "#0"},
				"up": {"uv": [7.5, 6, 7, 5.5], "texture": "#0"},
				"down": {"uv": [6.5, 7, 6, 7.5], "texture": "#0"}
			}
		},
		{
			"from": [5.75, 16.5, 5],
			"to": [6.5, 17.5, 6],
			"faces": {
				"north": {"uv": [2, 7.5, 2.5, 8], "texture": "#0"},
				"east": {"uv": [7.5, 2, 8, 2.5], "texture": "#0"},
				"south": {"uv": [2.5, 7.5, 3, 8], "texture": "#0"},
				"west": {"uv": [7.5, 2.5, 8, 3], "texture": "#0"},
				"up": {"uv": [8, 5, 7.5, 4.5], "texture": "#0"},
				"down": {"uv": [5.5, 7.5, 5, 8], "texture": "#0"}
			}
		},
		{
			"from": [9.5, 19.5, 5],
			"to": [10.25, 20.5, 6],
			"faces": {
				"north": {"uv": [7, 6, 7.5, 6.5], "texture": "#0"},
				"east": {"uv": [6.5, 7, 7, 7.5], "texture": "#0"},
				"south": {"uv": [7, 6.5, 7.5, 7], "texture": "#0"},
				"west": {"uv": [7, 7, 7.5, 7.5], "texture": "#0"},
				"up": {"uv": [0.5, 8, 0, 7.5], "texture": "#0"},
				"down": {"uv": [8, 0, 7.5, 0.5], "texture": "#0"}
			}
		},
		{
			"from": [9.5, 16.5, 5],
			"to": [10.25, 17.5, 6],
			"faces": {
				"north": {"uv": [0.5, 7.5, 1, 8], "texture": "#0"},
				"east": {"uv": [7.5, 0.5, 8, 1], "texture": "#0"},
				"south": {"uv": [1, 7.5, 1.5, 8], "texture": "#0"},
				"west": {"uv": [7.5, 1, 8, 1.5], "texture": "#0"},
				"up": {"uv": [2, 8, 1.5, 7.5], "texture": "#0"},
				"down": {"uv": [8, 1.5, 7.5, 2], "texture": "#0"}
			}
		},
		{
			"from": [10, 17.5, 5],
			"to": [10.5, 19.5, 6],
			"faces": {
				"north": {"uv": [3, 7, 3.25, 8], "texture": "#0"},
				"east": {"uv": [2.5, 5.5, 3, 6.5], "texture": "#0"},
				"south": {"uv": [3.5, 7, 3.75, 8], "texture": "#0"},
				"west": {"uv": [3, 5.5, 3.5, 6.5], "texture": "#0"},
				"up": {"uv": [8.25, 9.5, 8, 9], "texture": "#0"},
				"down": {"uv": [9.25, 8, 9, 8.5], "texture": "#0"}
			}
		},
		{
			"from": [5.5, 17.5, 5],
			"to": [6, 19.5, 6],
			"faces": {
				"north": {"uv": [4, 7, 4.25, 8], "texture": "#0"},
				"east": {"uv": [5.5, 3, 6, 4], "texture": "#0"},
				"south": {"uv": [4.5, 7, 4.75, 8], "texture": "#0"},
				"west": {"uv": [3.5, 5.5, 4, 6.5], "texture": "#0"},
				"up": {"uv": [8.75, 9.5, 8.5, 9], "texture": "#0"},
				"down": {"uv": [9.25, 8.5, 9, 9], "texture": "#0"}
			}
		},
		{
			"from": [6.75, 15, 5],
			"to": [9.25, 15.5, 6],
			"faces": {
				"north": {"uv": [6.5, 3, 7.75, 3.25], "texture": "#0"},
				"east": {"uv": [7, 9, 7.5, 9.25], "texture": "#0"},
				"south": {"uv": [6.5, 3.5, 7.75, 3.75], "texture": "#0"},
				"west": {"uv": [9, 7, 9.5, 7.25], "texture": "#0"},
				"up": {"uv": [6.25, 1.5, 5, 1], "texture": "#0"},
				"down": {"uv": [6.25, 1.5, 5, 2], "texture": "#0"}
			}
		},
		{
			"from": [6.85, 15.5, 5],
			"to": [9.1, 16, 6],
			"faces": {
				"north": {"uv": [6.5, 4, 7.75, 4.25], "texture": "#0"},
				"east": {"uv": [7.5, 9, 8, 9.25], "texture": "#0"},
				"south": {"uv": [4.5, 6.5, 5.75, 6.75], "texture": "#0"},
				"west": {"uv": [9, 7.5, 9.5, 7.75], "texture": "#0"},
				"up": {"uv": [4.25, 5.5, 3, 5], "texture": "#0"},
				"down": {"uv": [5.75, 5, 4.5, 5.5], "texture": "#0"}
			}
		},
		{
			"from": [7.25, 1, 5.12],
			"to": [8.75, 3, 5.87],
			"faces": {
				"north": {"uv": [4, 0, 4.75, 1], "texture": "#0"},
				"east": {"uv": [2, 5.5, 2.5, 6.5], "texture": "#0"},
				"south": {"uv": [4, 1, 4.75, 2], "texture": "#0"},
				"west": {"uv": [5.5, 2, 6, 3], "texture": "#0"},
				"up": {"uv": [4.75, 6, 4, 5.5], "texture": "#0"},
				"down": {"uv": [5.75, 5.5, 5, 6], "texture": "#0"}
			}
		},
		{
			"from": [7.5, 0, 5.12],
			"to": [8.5, 1, 5.87],
			"faces": {
				"north": {"uv": [6.5, 6, 7, 6.5], "texture": "#0"},
				"east": {"uv": [6.5, 6.5, 7, 7], "texture": "#0"},
				"south": {"uv": [0, 7, 0.5, 7.5], "texture": "#0"},
				"west": {"uv": [7, 0, 7.5, 0.5], "texture": "#0"},
				"up": {"uv": [1, 7.5, 0.5, 7], "texture": "#0"},
				"down": {"uv": [7.5, 0.5, 7, 1], "texture": "#0"}
			}
		},
		{
			"from": [7, 19.5, 4.5],
			"to": [9, 20, 5],
			"faces": {
				"north": {"uv": [6.5, 7.5, 7.5, 7.75], "texture": "#0"},
				"east": {"uv": [5.5, 10, 5.75, 10.25], "texture": "#0"},
				"south": {"uv": [7.5, 6.5, 8.5, 6.75], "texture": "#0"},
				"west": {"uv": [10, 5.5, 10.25, 5.75], "texture": "#0"},
				"up": {"uv": [8.5, 7.25, 7.5, 7], "texture": "#0"},
				"down": {"uv": [8.5, 7.5, 7.5, 7.75], "texture": "#0"}
			}
		},
		{
			"from": [5, 18.49, 4.6],
			"to": [6.5, 19.49, 5.1],
			"faces": {
				"north": {"uv": [4.5, 6, 5.25, 6.5], "texture": "#0"},
				"east": {"uv": [4, 9.5, 4.25, 10], "texture": "#0"},
				"south": {"uv": [6, 4.5, 6.75, 5], "texture": "#0"},
				"west": {"uv": [9.5, 4, 9.75, 4.5], "texture": "#0"},
				"up": {"uv": [1.75, 9.25, 1, 9], "texture": "#0"},
				"down": {"uv": [9.75, 2, 9, 2.25], "texture": "#0"}
			}
		},
		{
			"from": [6.5, 17.75, 4.5],
			"to": [7, 19.75, 5],
			"faces": {
				"north": {"uv": [8, 1, 8.25, 2], "texture": "#0"},
				"east": {"uv": [1.5, 8, 1.75, 9], "texture": "#0"},
				"south": {"uv": [2, 8, 2.25, 9], "texture": "#0"},
				"west": {"uv": [8, 2, 8.25, 3], "texture": "#0"},
				"up": {"uv": [6.75, 10.25, 6.5, 10], "texture": "#0"},
				"down": {"uv": [10.25, 6.5, 10, 6.75], "texture": "#0"}
			}
		},
		{
			"from": [-1, 17.8, 4.6],
			"to": [0, 19.3, 5.1],
			"rotation": {"angle": -22.5, "axis": "z", "origin": [0, 0, 0]},
			"faces": {
				"north": {"uv": [6, 3.5, 6.5, 4.25], "texture": "#0"},
				"east": {"uv": [0, 9, 0.25, 9.75], "texture": "#0"},
				"south": {"uv": [4, 6, 4.5, 6.75], "texture": "#0"},
				"west": {"uv": [0.5, 9, 0.75, 9.75], "texture": "#0"},
				"up": {"uv": [10, 1.25, 9.5, 1], "texture": "#0"},
				"down": {"uv": [2, 9.5, 1.5, 9.75], "texture": "#0"}
			}
		},
		{
			"from": [7, 17.5, 4.5],
			"to": [9, 18, 5],
			"faces": {
				"north": {"uv": [7.5, 5, 8.5, 5.25], "texture": "#0"},
				"east": {"uv": [5, 10, 5.25, 10.25], "texture": "#0"},
				"south": {"uv": [5.5, 7.5, 6.5, 7.75], "texture": "#0"},
				"west": {"uv": [10, 5, 10.25, 5.25], "texture": "#0"},
				"up": {"uv": [8.5, 5.75, 7.5, 5.5], "texture": "#0"},
				"down": {"uv": [8.5, 6, 7.5, 6.25], "texture": "#0"}
			}
		},
		{
			"from": [16, 17.8, 4.6],
			"to": [17, 19.3, 5.1],
			"rotation": {"angle": 22.5, "axis": "z", "origin": [16, 0, 0]},
			"faces": {
				"north": {"uv": [1.5, 6, 2, 6.75], "texture": "#0"},
				"east": {"uv": [8.5, 7, 8.75, 7.75], "texture": "#0"},
				"south": {"uv": [6, 2.5, 6.5, 3.25], "texture": "#0"},
				"west": {"uv": [8.5, 8, 8.75, 8.75], "texture": "#0"},
				"up": {"uv": [10, 0.75, 9.5, 0.5], "texture": "#0"},
				"down": {"uv": [1.5, 9.5, 1, 9.75], "texture": "#0"}
			}
		},
		{
			"from": [9.5, 18.49, 4.6],
			"to": [11, 19.49, 5.1],
			"faces": {
				"north": {"uv": [6, 5, 6.75, 5.5], "texture": "#0"},
				"east": {"uv": [9.5, 4.5, 9.75, 5], "texture": "#0"},
				"south": {"uv": [5.5, 6, 6.25, 6.5], "texture": "#0"},
				"west": {"uv": [5.5, 9.5, 5.75, 10], "texture": "#0"},
				"up": {"uv": [9.75, 2.75, 9, 2.5], "texture": "#0"},
				"down": {"uv": [9.75, 3, 9, 3.25], "texture": "#0"}
			}
		},
		{
			"from": [9, 17.75, 4.5],
			"to": [9.5, 19.75, 5],
			"faces": {
				"north": {"uv": [0, 8, 0.25, 9], "texture": "#0"},
				"east": {"uv": [8, 0, 8.25, 1], "texture": "#0"},
				"south": {"uv": [0.5, 8, 0.75, 9], "texture": "#0"},
				"west": {"uv": [1, 8, 1.25, 9], "texture": "#0"},
				"up": {"uv": [6.25, 10.25, 6, 10], "texture": "#0"},
				"down": {"uv": [10.25, 6, 10, 6.25], "texture": "#0"}
			}
		},
		{
			"from": [-1.2, 16.8, 5.9],
			"to": [-0.45, 17.8, 6.4],
			"rotation": {"angle": -22.5, "axis": "z", "origin": [0, 0, 0]},
			"faces": {
				"north": {"uv": [3.5, 8.5, 4, 9], "texture": "#0"},
				"east": {"uv": [3, 10, 3.25, 10.5], "texture": "#0"},
				"south": {"uv": [4, 8.5, 4.5, 9], "texture": "#0"},
				"west": {"uv": [10, 3, 10.25, 3.5], "texture": "#0"},
				"up": {"uv": [4, 10.25, 3.5, 10], "texture": "#0"},
				"down": {"uv": [10.5, 3.5, 10, 3.75], "texture": "#0"}
			}
		},
		{
			"from": [16.45, 16.8, 5.9],
			"to": [17.2, 17.8, 6.4],
			"rotation": {"angle": 22.5, "axis": "z", "origin": [16, 0, 0]},
			"faces": {
				"north": {"uv": [4.5, 8.5, 5, 9], "texture": "#0"},
				"east": {"uv": [4, 10, 4.25, 10.5], "texture": "#0"},
				"south": {"uv": [5, 8.5, 5.5, 9], "texture": "#0"},
				"west": {"uv": [10, 4, 10.25, 4.5], "texture": "#0"},
				"up": {"uv": [5, 10.25, 4.5, 10], "texture": "#0"},
				"down": {"uv": [10.5, 4.5, 10, 4.75], "texture": "#0"}
			}
		},
		{
			"from": [7, 19.5, 6],
			"to": [9, 20, 6.5],
			"rotation": {"angle": 0, "axis": "y", "origin": [0, 0, 2]},
			"faces": {
				"north": {"uv": [8, 4, 9, 4.25], "texture": "#0"},
				"east": {"uv": [9, 10, 9.25, 10.25], "texture": "#0"},
				"south": {"uv": [4.5, 8, 5.5, 8.25], "texture": "#0"},
				"west": {"uv": [10, 9, 10.25, 9.25], "texture": "#0"},
				"up": {"uv": [9, 4.75, 8, 4.5], "texture": "#0"},
				"down": {"uv": [6.5, 8, 5.5, 8.25], "texture": "#0"}
			}
		},
		{
			"from": [5, 18.49, 5.9],
			"to": [6.5, 19.49, 6.4],
			"rotation": {"angle": 0, "axis": "z", "origin": [0, 0, 2]},
			"faces": {
				"north": {"uv": [6, 5.5, 6.75, 6], "texture": "#0"},
				"east": {"uv": [1, 10, 1.25, 10.5], "texture": "#0"},
				"south": {"uv": [0, 6.5, 0.75, 7], "texture": "#0"},
				"west": {"uv": [10, 1, 10.25, 1.5], "texture": "#0"},
				"up": {"uv": [4.25, 9.25, 3.5, 9], "texture": "#0"},
				"down": {"uv": [9.75, 3.5, 9, 3.75], "texture": "#0"}
			}
		},
		{
			"from": [6.5, 17.75, 6],
			"to": [7, 19.75, 6.5],
			"rotation": {"angle": 0, "axis": "y", "origin": [0, 0, 2]},
			"faces": {
				"north": {"uv": [6.5, 8, 6.75, 9], "texture": "#0"},
				"east": {"uv": [7, 8, 7.25, 9], "texture": "#0"},
				"south": {"uv": [7.5, 8, 7.75, 9], "texture": "#0"},
				"west": {"uv": [8, 8, 8.25, 9], "texture": "#0"},
				"up": {"uv": [9.75, 10.25, 9.5, 10], "texture": "#0"},
				"down": {"uv": [10.25, 9.5, 10, 9.75], "texture": "#0"}
			}
		},
		{
			"from": [-1, 17.8, 5.9],
			"to": [0, 19.3, 6.4],
			"rotation": {"angle": -22.5, "axis": "z", "origin": [0, 0, 2]},
			"faces": {
				"north": {"uv": [6.5, 0, 7, 0.75], "texture": "#0"},
				"east": {"uv": [2, 9, 2.25, 9.75], "texture": "#0"},
				"south": {"uv": [1, 6.5, 1.5, 7.25], "texture": "#0"},
				"west": {"uv": [9, 4, 9.25, 4.75], "texture": "#0"},
				"up": {"uv": [2, 10.25, 1.5, 10], "texture": "#0"},
				"down": {"uv": [10.5, 1.5, 10, 1.75], "texture": "#0"}
			}
		},
		{
			"from": [7, 17.5, 6],
			"to": [9, 18, 6.5],
			"rotation": {"angle": 0, "axis": "y", "origin": [0, 0, 2]},
			"faces": {
				"north": {"uv": [8.5, 0, 9.5, 0.25], "texture": "#0"},
				"east": {"uv": [10, 10, 10.25, 10.25], "texture": "#0"},
				"south": {"uv": [8.5, 0.5, 9.5, 0.75], "texture": "#0"},
				"west": {"uv": [0, 10.5, 0.25, 10.75], "texture": "#0"},
				"up": {"uv": [9.5, 1.25, 8.5, 1], "texture": "#0"},
				"down": {"uv": [9.5, 1.5, 8.5, 1.75], "texture": "#0"}
			}
		},
		{
			"from": [16, 17.8, 5.9],
			"to": [17, 19.3, 6.4],
			"rotation": {"angle": 22.5, "axis": "z", "origin": [16, 0, 2]},
			"faces": {
				"north": {"uv": [6.5, 1, 7, 1.75], "texture": "#0"},
				"east": {"uv": [4.5, 9, 4.75, 9.75], "texture": "#0"},
				"south": {"uv": [2, 6.5, 2.5, 7.25], "texture": "#0"},
				"west": {"uv": [5, 9, 5.25, 9.75], "texture": "#0"},
				"up": {"uv": [2.5, 10.25, 2, 10], "texture": "#0"},
				"down": {"uv": [10.5, 2, 10, 2.25], "texture": "#0"}
			}
		},
		{
			"from": [9.5, 18.49, 5.9],
			"to": [11, 19.49, 6.4],
			"rotation": {"angle": 0, "axis": "z", "origin": [0, 0, 2]},
			"faces": {
				"north": {"uv": [2.5, 6.5, 3.25, 7], "texture": "#0"},
				"east": {"uv": [2.5, 10, 2.75, 10.5], "texture": "#0"},
				"south": {"uv": [6.5, 2.5, 7.25, 3], "texture": "#0"},
				"west": {"uv": [10, 2.5, 10.25, 3], "texture": "#0"},
				"up": {"uv": [9.75, 5.25, 9, 5], "texture": "#0"},
				"down": {"uv": [6.25, 9, 5.5, 9.25], "texture": "#0"}
			}
		},
		{
			"from": [9, 17.75, 6],
			"to": [9.5, 19.75, 6.5],
			"rotation": {"angle": 0, "axis": "y", "origin": [0, 0, 2]},
			"faces": {
				"north": {"uv": [8.5, 2, 8.75, 3], "texture": "#0"},
				"east": {"uv": [2.5, 8.5, 2.75, 9.5], "texture": "#0"},
				"south": {"uv": [3, 8.5, 3.25, 9.5], "texture": "#0"},
				"west": {"uv": [8.5, 3, 8.75, 4], "texture": "#0"},
				"up": {"uv": [10.75, 0.25, 10.5, 0], "texture": "#0"},
				"down": {"uv": [0.75, 10.5, 0.5, 10.75], "texture": "#0"}
			}
		},
		{
			"from": [7.5, 18.25, 5],
			"to": [8.5, 19.25, 6],
			"faces": {
				"north": {"uv": [8.5, 5, 9, 5.5], "texture": "#0"},
				"east": {"uv": [5.5, 8.5, 6, 9], "texture": "#0"},
				"south": {"uv": [8.5, 5.5, 9, 6], "texture": "#0"},
				"west": {"uv": [6, 8.5, 6.5, 9], "texture": "#0"},
				"up": {"uv": [9, 6.5, 8.5, 6], "texture": "#0"},
				"down": {"uv": [9, 6.5, 8.5, 7], "texture": "#0"}
			}
		}
	],
	"display": {
		"thirdperson_righthand": {
			"rotation": [-177, 90, 0],
			"translation": [2, 10.75, 1.75],
			"scale": [0.8, 0.8, 0.8]
		},
		"thirdperson_lefthand": {
			"rotation": [0, 90, 0],
			"translation": [0.5, -8.75, 2.5],
			"scale": [0.8, 0.8, 0.8]
		},
		"firstperson_righthand": {
			"rotation": [169, 69, -3],
			"translation": [4.25, 10.25, -1],
			"scale": [0.8, 0.8, 0.8]
		},
		"firstperson_lefthand": {
			"rotation": [169, 69, -3],
			"translation": [4.25, 10.25, -1],
			"scale": [0.8, 0.8, 0.8]
		},
		"ground": {
			"rotation": [49, 69, 0],
			"translation": [1.75, 0.25, -0.5],
			"scale": [0.7, 0.7, 0.7]
		},
		"gui": {
			"rotation": [-9, 151, -130],
			"translation": [3.75, 2.5, 0],
			"scale": [0.9, 0.9, 0.9]
		},
		"head": {
			"rotation": [0, 0, -42],
			"translation": [-2.5, -19.75, 7],
			"scale": [1.2, 1.2, 1.2]
		},
		"fixed": {
			"translation": [0, -4.75, 6.5],
			"scale": [2.8, 2.8, 2.8]
		}
	},
	"groups": [
		{
			"name": "group",
			"origin": [0, 0, 0],
			"color": 0,
			"children": [0, 1, 2, 3, 4, 5, 6, 7, 8, 9, 10, 11, 12, 13, 14, 15, 16, 17, 18, 19, 20, 21, 22, 23, 24, 25, 26, 27, 28, 29, 30, 31, 32, 33, 34, 35, 36, 37, 38, 39, 40]
		}
	]
}