{
	"credit": "Made with Blockbench",
	"texture_size": [64, 64],
	"textures": {
		"0": "block/venti",
		"particle": "block/venti"
	},
	"elements": [
		{
			"from": [2.25, 2, 1.75],
			"to": [2.75, 3, 2.5],
			"faces": {
				"north": {"uv": [0, 9.5, 0.125, 9.75], "texture": "#0"},
				"east": {"uv": [1, 8, 1.25, 8.25], "texture": "#0"},
				"south": {"uv": [0.25, 9.5, 0.375, 9.75], "texture": "#0"},
				"west": {"uv": [2, 8.25, 2.25, 8.5], "texture": "#0"},
				"up": {"uv": [0.625, 9.75, 0.5, 9.5], "texture": "#0"},
				"down": {"uv": [0.875, 9.5, 0.75, 9.75], "texture": "#0"}
			}
		},
		{
			"from": [2.25, 0, 1.75],
			"to": [2.75, 1, 2.5],
			"faces": {
				"north": {"uv": [1, 9.5, 1.125, 9.75], "texture": "#0"},
				"east": {"uv": [3, 8.5, 3.25, 8.75], "texture": "#0"},
				"south": {"uv": [1.25, 9.5, 1.375, 9.75], "texture": "#0"},
				"west": {"uv": [3.25, 8.5, 3.5, 8.75], "texture": "#0"},
				"up": {"uv": [1.625, 9.75, 1.5, 9.5], "texture": "#0"},
				"down": {"uv": [1.875, 9.5, 1.75, 9.75], "texture": "#0"}
			}
		},
		{
			"from": [2, 1, 2],
			"to": [3, 2, 3],
			"faces": {
				"north": {"uv": [3.5, 8.5, 3.75, 8.75], "texture": "#0"},
				"east": {"uv": [1.25, 9, 1.5, 9.25], "texture": "#0"},
				"south": {"uv": [1.5, 9, 1.75, 9.25], "texture": "#0"},
				"west": {"uv": [1.75, 9, 2, 9.25], "texture": "#0"},
				"up": {"uv": [9.25, 3.25, 9, 3], "texture": "#0"},
				"down": {"uv": [9.25, 3.25, 9, 3.5], "texture": "#0"}
			}
		},
		{
			"from": [2.25, 1.25, 1.01],
			"to": [2.75, 1.75, 3.01],
			"faces": {
				"north": {"uv": [9.5, 9, 9.625, 9.125], "texture": "#0"},
				"east": {"uv": [9, 3.5, 9.5, 3.625], "texture": "#0"},
				"south": {"uv": [9.25, 9.5, 9.375, 9.625], "texture": "#0"},
				"west": {"uv": [9, 3.75, 9.5, 3.875], "texture": "#0"},
				"up": {"uv": [9.125, 4.5, 9, 4], "texture": "#0"},
				"down": {"uv": [9.125, 4.5, 9, 5], "texture": "#0"}
			}
		},
		{
			"from": [-0.75, -0.25, 3.5],
			"to": [-0.25, 0.25, 4],
			"rotation": {"angle": 22.5, "axis": "y", "origin": [0, 0, 0]},
			"faces": {
				"north": {"uv": [9.5, 9.25, 9.625, 9.375], "texture": "#0"},
				"east": {"uv": [9.5, 9.5, 9.625, 9.625], "texture": "#0"},
				"south": {"uv": [0, 9.75, 0.125, 9.875], "texture": "#0"},
				"west": {"uv": [0.25, 9.75, 0.375, 9.875], "texture": "#0"},
				"up": {"uv": [0.625, 9.875, 0.5, 9.75], "texture": "#0"},
				"down": {"uv": [9.875, 0.5, 9.75, 0.625], "texture": "#0"}
			}
		},
		{
			"from": [-0.25, 0, 3.01],
			"to": [0.75, 1, 3.51],
			"rotation": {"angle": 22.5, "axis": "y", "origin": [0, 0, 0]},
			"faces": {
				"north": {"uv": [9, 5, 9.25, 5.25], "texture": "#0"},
				"east": {"uv": [2, 9.5, 2.125, 9.75], "texture": "#0"},
				"south": {"uv": [9, 5.25, 9.25, 5.5], "texture": "#0"},
				"west": {"uv": [2.25, 9.5, 2.375, 9.75], "texture": "#0"},
				"up": {"uv": [9.75, 2.375, 9.5, 2.25], "texture": "#0"},
				"down": {"uv": [2.75, 9.5, 2.5, 9.625], "texture": "#0"}
			}
		},
		{
			"from": [-0.75, 2.75, 3.2],
			"to": [-0.25, 3.25, 3.7],
			"rotation": {"angle": 22.5, "axis": "y", "origin": [0, 0, 0]},
			"faces": {
				"north": {"uv": [0.75, 9.75, 0.875, 9.875], "texture": "#0"},
				"east": {"uv": [9.75, 0.75, 9.875, 0.875], "texture": "#0"},
				"south": {"uv": [1, 9.75, 1.125, 9.875], "texture": "#0"},
				"west": {"uv": [9.75, 1, 9.875, 1.125], "texture": "#0"},
				"up": {"uv": [1.375, 9.875, 1.25, 9.75], "texture": "#0"},
				"down": {"uv": [1.625, 9.75, 1.5, 9.875], "texture": "#0"}
			}
		},
		{
			"from": [-0.25, 2, 2.8],
			"to": [0.75, 3, 3.3],
			"rotation": {"angle": 22.5, "axis": "y", "origin": [0, 0, 0]},
			"faces": {
				"north": {"uv": [9, 5.5, 9.25, 5.75], "texture": "#0"},
				"east": {"uv": [9.5, 2.5, 9.625, 2.75], "texture": "#0"},
				"south": {"uv": [9, 5.75, 9.25, 6], "texture": "#0"},
				"west": {"uv": [2.75, 9.5, 2.875, 9.75], "texture": "#0"},
				"up": {"uv": [9.75, 2.875, 9.5, 2.75], "texture": "#0"},
				"down": {"uv": [3.25, 9.5, 3, 9.625], "texture": "#0"}
			}
		},
		{
			"from": [0.25, 1.75, 2.5],
			"to": [1.25, 2.75, 3.5],
			"rotation": {"angle": 22.5, "axis": "y", "origin": [0, 0, 0]},
			"faces": {
				"north": {"uv": [6, 9, 6.25, 9.25], "texture": "#0"},
				"east": {"uv": [6.25, 9, 6.5, 9.25], "texture": "#0"},
				"south": {"uv": [6.5, 9, 6.75, 9.25], "texture": "#0"},
				"west": {"uv": [6.75, 9, 7, 9.25], "texture": "#0"},
				"up": {"uv": [7.25, 9.25, 7, 9], "texture": "#0"},
				"down": {"uv": [7.5, 9, 7.25, 9.25], "texture": "#0"}
			}
		},
		{
			"from": [0.25, 0.25, 2.5],
			"to": [1.25, 1.25, 3.5],
			"rotation": {"angle": 22.5, "axis": "y", "origin": [0, 0, 0]},
			"faces": {
				"north": {"uv": [7.5, 9, 7.75, 9.25], "texture": "#0"},
				"east": {"uv": [7.75, 9, 8, 9.25], "texture": "#0"},
				"south": {"uv": [8, 9, 8.25, 9.25], "texture": "#0"},
				"west": {"uv": [9, 8, 9.25, 8.25], "texture": "#0"},
				"up": {"uv": [8.5, 9.25, 8.25, 9], "texture": "#0"},
				"down": {"uv": [9.25, 8.25, 9, 8.5], "texture": "#0"}
			}
		},
		{
			"from": [0, 1.25, 2.75],
			"to": [1, 1.75, 3.5],
			"rotation": {"angle": 22.5, "axis": "y", "origin": [0, 0, 0]},
			"faces": {
				"north": {"uv": [9.5, 3, 9.75, 3.125], "texture": "#0"},
				"east": {"uv": [3.25, 9.5, 3.5, 9.625], "texture": "#0"},
				"south": {"uv": [9.5, 3.25, 9.75, 3.375], "texture": "#0"},
				"west": {"uv": [3.5, 9.5, 3.75, 9.625], "texture": "#0"},
				"up": {"uv": [8.75, 9.25, 8.5, 9], "texture": "#0"},
				"down": {"uv": [9.25, 8.5, 9, 8.75], "texture": "#0"}
			}
		},
		{
			"from": [3.25, 0.01, 1.99],
			"to": [4.25, 1.01, 2.49],
			"faces": {
				"north": {"uv": [8.75, 9, 9, 9.25], "texture": "#0"},
				"east": {"uv": [9.5, 3.5, 9.625, 3.75], "texture": "#0"},
				"south": {"uv": [9, 8.75, 9.25, 9], "texture": "#0"},
				"west": {"uv": [3.75, 9.5, 3.875, 9.75], "texture": "#0"},
				"up": {"uv": [9.75, 3.875, 9.5, 3.75], "texture": "#0"},
				"down": {"uv": [4.25, 9.5, 4, 9.625], "texture": "#0"}
			}
		},
		{
			"from": [3.25, 2, 1.74],
			"to": [4.25, 3, 2.24],
			"faces": {
				"north": {"uv": [9, 9, 9.25, 9.25], "texture": "#0"},
				"east": {"uv": [9.5, 4, 9.625, 4.25], "texture": "#0"},
				"south": {"uv": [1.25, 9.25, 1.5, 9.5], "texture": "#0"},
				"west": {"uv": [4.25, 9.5, 4.375, 9.75], "texture": "#0"},
				"up": {"uv": [9.75, 4.375, 9.5, 4.25], "texture": "#0"},
				"down": {"uv": [4.75, 9.5, 4.5, 9.625], "texture": "#0"}
			}
		},
		{
			"from": [4.25, -0.25, 2.5],
			"to": [4.75, 0.25, 3],
			"faces": {
				"north": {"uv": [1.75, 9.75, 1.875, 9.875], "texture": "#0"},
				"east": {"uv": [9.75, 1.75, 9.875, 1.875], "texture": "#0"},
				"south": {"uv": [2, 9.75, 2.125, 9.875], "texture": "#0"},
				"west": {"uv": [9.75, 2, 9.875, 2.125], "texture": "#0"},
				"up": {"uv": [2.375, 9.875, 2.25, 9.75], "texture": "#0"},
				"down": {"uv": [9.875, 2.25, 9.75, 2.375], "texture": "#0"}
			}
		},
		{
			"from": [4.25, 2.75, 1.5],
			"to": [4.75, 3.25, 2],
			"faces": {
				"north": {"uv": [2.5, 9.75, 2.625, 9.875], "texture": "#0"},
				"east": {"uv": [9.75, 2.5, 9.875, 2.625], "texture": "#0"},
				"south": {"uv": [2.75, 9.75, 2.875, 9.875], "texture": "#0"},
				"west": {"uv": [9.75, 2.75, 9.875, 2.875], "texture": "#0"},
				"up": {"uv": [3.125, 9.875, 3, 9.75], "texture": "#0"},
				"down": {"uv": [9.875, 3, 9.75, 3.125], "texture": "#0"}
			}
		},
		{
			"from": [2.75, 1.75, 1.5],
			"to": [3.75, 2.75, 2.5],
			"faces": {
				"north": {"uv": [1.5, 9.25, 1.75, 9.5], "texture": "#0"},
				"east": {"uv": [1.75, 9.25, 2, 9.5], "texture": "#0"},
				"south": {"uv": [2, 9.25, 2.25, 9.5], "texture": "#0"},
				"west": {"uv": [2.25, 9.25, 2.5, 9.5], "texture": "#0"},
				"up": {"uv": [9.5, 2.5, 9.25, 2.25], "texture": "#0"},
				"down": {"uv": [2.75, 9.25, 2.5, 9.5], "texture": "#0"}
			}
		},
		{
			"from": [2.75, 0.25, 1.5],
			"to": [3.75, 1.25, 2.5],
			"faces": {
				"north": {"uv": [9.25, 2.5, 9.5, 2.75], "texture": "#0"},
				"east": {"uv": [2.75, 9.25, 3, 9.5], "texture": "#0"},
				"south": {"uv": [9.25, 2.75, 9.5, 3], "texture": "#0"},
				"west": {"uv": [9.25, 3, 9.5, 3.25], "texture": "#0"},
				"up": {"uv": [9.5, 3.5, 9.25, 3.25], "texture": "#0"},
				"down": {"uv": [9.5, 4, 9.25, 4.25], "texture": "#0"}
			}
		},
		{
			"from": [3, 1.25, 1.75],
			"to": [4, 1.75, 2.5],
			"faces": {
				"north": {"uv": [9.5, 4.5, 9.75, 4.625], "texture": "#0"},
				"east": {"uv": [4.75, 9.5, 5, 9.625], "texture": "#0"},
				"south": {"uv": [9.5, 4.75, 9.75, 4.875], "texture": "#0"},
				"west": {"uv": [5, 9.5, 5.25, 9.625], "texture": "#0"},
				"up": {"uv": [9.5, 4.5, 9.25, 4.25], "texture": "#0"},
				"down": {"uv": [9.5, 4.5, 9.25, 4.75], "texture": "#0"}
			}
		},
		{
			"from": [1, 1, 3],
			"to": [2, 2.5, 4],
			"rotation": {"angle": 0, "axis": "y", "origin": [0, 0, -1]},
			"faces": {
				"north": {"uv": [1, 6, 1.25, 6.375], "texture": "#0"},
				"east": {"uv": [1, 7, 1.25, 7.375], "texture": "#0"},
				"south": {"uv": [1, 7.5, 1.25, 7.875], "texture": "#0"},
				"west": {"uv": [8.75, 8, 9, 8.375], "texture": "#0"},
				"up": {"uv": [9.5, 5, 9.25, 4.75], "texture": "#0"},
				"down": {"uv": [5.25, 9.25, 5, 9.5], "texture": "#0"}
			}
		},
		{
			"from": [3, 0.99, 3],
			"to": [3.5, 2.49, 4],
			"rotation": {"angle": -22.5, "axis": "y", "origin": [0, 0, -1]},
			"faces": {
				"north": {"uv": [6, 9.25, 6.125, 9.625], "texture": "#0"},
				"east": {"uv": [8.75, 8.5, 9, 8.875], "texture": "#0"},
				"south": {"uv": [6.25, 9.25, 6.375, 9.625], "texture": "#0"},
				"west": {"uv": [0, 9, 0.25, 9.375], "texture": "#0"},
				"up": {"uv": [9.625, 5.25, 9.5, 5], "texture": "#0"},
				"down": {"uv": [5.375, 9.5, 5.25, 9.75], "texture": "#0"}
			}
		},
		{
			"from": [1.2, 0.5, 3.5],
			"to": [1.7, 2, 4.5],
			"rotation": {"angle": 0, "axis": "y", "origin": [0, 0, -1]},
			"faces": {
				"north": {"uv": [6.75, 9.25, 6.875, 9.625], "texture": "#0"},
				"east": {"uv": [0.75, 9, 1, 9.375], "texture": "#0"},
				"south": {"uv": [9.25, 6.75, 9.375, 7.125], "texture": "#0"},
				"west": {"uv": [1, 9, 1.25, 9.375], "texture": "#0"},
				"up": {"uv": [5.875, 9.75, 5.75, 9.5], "texture": "#0"},
				"down": {"uv": [9.625, 5.75, 9.5, 6], "texture": "#0"}
			}
		},
		{
			"from": [-2.5, 3.5, 3],
			"to": [-1.5, 4.5, 3.5],
			"rotation": {"angle": 45, "axis": "y", "origin": [0, 0, -1]},
			"faces": {
				"north": {"uv": [9.25, 5, 9.5, 5.25], "texture": "#0"},
				"east": {"uv": [9.5, 6.25, 9.625, 6.5], "texture": "#0"},
				"south": {"uv": [5.25, 9.25, 5.5, 9.5], "texture": "#0"},
				"west": {"uv": [9.5, 6.5, 9.625, 6.75], "texture": "#0"},
				"up": {"uv": [9.75, 6.875, 9.5, 6.75], "texture": "#0"},
				"down": {"uv": [7.25, 9.5, 7, 9.625], "texture": "#0"}
			}
		},
		{
			"from": [-1.75, 4.25, 3.25],
			"to": [-1.25, 5.25, 3.75],
			"rotation": {"angle": 45, "axis": "y", "origin": [0, 0, -1]},
			"faces": {
				"north": {"uv": [9.5, 7, 9.625, 7.25], "texture": "#0"},
				"east": {"uv": [7.25, 9.5, 7.375, 9.75], "texture": "#0"},
				"south": {"uv": [7.5, 9.5, 7.625, 9.75], "texture": "#0"},
				"west": {"uv": [7.75, 9.5, 7.875, 9.75], "texture": "#0"},
				"up": {"uv": [3.375, 9.875, 3.25, 9.75], "texture": "#0"},
				"down": {"uv": [9.875, 3.25, 9.75, 3.375], "texture": "#0"}
			}
		},
		{
			"from": [-1.5, 5.25, 3.5],
			"to": [-1, 5.75, 4],
			"rotation": {"angle": 45, "axis": "y", "origin": [0, 0, -1]},
			"faces": {
				"north": {"uv": [3.5, 9.75, 3.625, 9.875], "texture": "#0"},
				"east": {"uv": [9.75, 3.5, 9.875, 3.625], "texture": "#0"},
				"south": {"uv": [3.75, 9.75, 3.875, 9.875], "texture": "#0"},
				"west": {"uv": [9.75, 3.75, 9.875, 3.875], "texture": "#0"},
				"up": {"uv": [4.125, 9.875, 4, 9.75], "texture": "#0"},
				"down": {"uv": [9.875, 4, 9.75, 4.125], "texture": "#0"}
			}
		},
		{
			"from": [-1.25, 2, 3.5],
			"to": [0, 3.75, 4],
			"rotation": {"angle": 22.5, "axis": "y", "origin": [0, 0, -1]},
			"faces": {
				"north": {"uv": [5.75, 2.25, 6.125, 2.75], "texture": "#0"},
				"east": {"uv": [9.25, 5.25, 9.375, 5.75], "texture": "#0"},
				"south": {"uv": [0.5, 6, 0.875, 6.5], "texture": "#0"},
				"west": {"uv": [5.5, 9.25, 5.625, 9.75], "texture": "#0"},
				"up": {"uv": [7.375, 9.375, 7, 9.25], "texture": "#0"},
				"down": {"uv": [7.875, 9.25, 7.5, 9.375], "texture": "#0"}
			}
		},
		{
			"from": [1.1, 2, 4.25],
			"to": [1.6, 3.25, 5.5],
			"rotation": {"angle": 0, "axis": "y", "origin": [0, 0, -1]},
			"faces": {
				"north": {"uv": [8, 9.25, 8.125, 9.625], "texture": "#0"},
				"east": {"uv": [0.5, 7, 0.875, 7.375], "texture": "#0"},
				"south": {"uv": [9.25, 8, 9.375, 8.375], "texture": "#0"},
				"west": {"uv": [0.5, 7.5, 0.875, 7.875], "texture": "#0"},
				"up": {"uv": [8.375, 9.625, 8.25, 9.25], "texture": "#0"},
				"down": {"uv": [8.625, 9.25, 8.5, 9.625], "texture": "#0"}
			}
		},
		{
			"from": [-1.2, 2.5, 5],
			"to": [-0.7, 4.1, 6.25],
			"rotation": {"angle": 22.5, "axis": "y", "origin": [0, 0, -1]},
			"faces": {
				"north": {"uv": [9.25, 8.5, 9.375, 8.875], "texture": "#0"},
				"east": {"uv": [8.75, 6.25, 9.125, 6.625], "texture": "#0"},
				"south": {"uv": [8.75, 9.25, 8.875, 9.625], "texture": "#0"},
				"west": {"uv": [8.75, 6.75, 9.125, 7.125], "texture": "#0"},
				"up": {"uv": [9.125, 9.625, 9, 9.25], "texture": "#0"},
				"down": {"uv": [9.375, 9, 9.25, 9.375], "texture": "#0"}
			}
		},
		{
			"from": [-3.5, 3.5, 5],
			"to": [-3, 4.5, 6],
			"rotation": {"angle": 45, "axis": "y", "origin": [0, 0, -1]},
			"faces": {
				"north": {"uv": [9.5, 8, 9.625, 8.25], "texture": "#0"},
				"east": {"uv": [5.75, 9.25, 6, 9.5], "texture": "#0"},
				"south": {"uv": [9.5, 8.25, 9.625, 8.5], "texture": "#0"},
				"west": {"uv": [9.25, 5.75, 9.5, 6], "texture": "#0"},
				"up": {"uv": [9.625, 8.75, 9.5, 8.5], "texture": "#0"},
				"down": {"uv": [9.625, 8.75, 9.5, 9], "texture": "#0"}
			}
		},
		{
			"from": [-3.7, 4.4, 5.8],
			"to": [-3.2, 4.9, 6.3],
			"rotation": {"angle": 45, "axis": "y", "origin": [0, 0, -1]},
			"faces": {
				"north": {"uv": [4.25, 9.75, 4.375, 9.875], "texture": "#0"},
				"east": {"uv": [9.75, 4.25, 9.875, 4.375], "texture": "#0"},
				"south": {"uv": [4.5, 9.75, 4.625, 9.875], "texture": "#0"},
				"west": {"uv": [9.75, 4.5, 9.875, 4.625], "texture": "#0"},
				"up": {"uv": [4.875, 9.875, 4.75, 9.75], "texture": "#0"},
				"down": {"uv": [9.875, 4.75, 9.75, 4.875], "texture": "#0"}
			}
		},
		{
			"from": [3, 0.5, 2],
			"to": [7, 1, 13],
			"faces": {
				"north": {"uv": [5.25, 7.25, 6.25, 7.375], "texture": "#0"},
				"east": {"uv": [6, 8.75, 8.75, 8.875], "texture": "#0"},
				"south": {"uv": [8.75, 7.25, 9.75, 7.375], "texture": "#0"},
				"west": {"uv": [8.75, 6, 11.5, 6.125], "texture": "#0"},
				"up": {"uv": [2.25, 5.75, 1.25, 3], "texture": "#0"},
				"down": {"uv": [3.25, 3, 2.25, 5.75], "texture": "#0"}
			}
		},
		{
			"from": [6, 0.75, 1.99],
			"to": [9, 1.5, 12.99],
			"faces": {
				"north": {"uv": [0.5, 6.5, 1.25, 6.75], "texture": "#0"},
				"east": {"uv": [8.75, 0, 11.5, 0.25], "texture": "#0"},
				"south": {"uv": [0.5, 6.75, 1.25, 7], "texture": "#0"},
				"west": {"uv": [8.75, 0.25, 11.5, 0.5], "texture": "#0"},
				"up": {"uv": [3, 8.5, 2.25, 5.75], "texture": "#0"},
				"down": {"uv": [3.75, 5.75, 3, 8.5], "texture": "#0"}
			}
		},
		{
			"from": [1.5, 0, 3],
			"to": [3.5, 0.75, 12],
			"faces": {
				"north": {"uv": [3.75, 2.75, 4.25, 3], "texture": "#0"},
				"east": {"uv": [8.75, 1.25, 11, 1.5], "texture": "#0"},
				"south": {"uv": [0.5, 8, 1, 8.25], "texture": "#0"},
				"west": {"uv": [8.75, 1.5, 11, 1.75], "texture": "#0"},
				"up": {"uv": [4.25, 8, 3.75, 5.75], "texture": "#0"},
				"down": {"uv": [0.5, 6, 0, 8.25], "texture": "#0"}
			}
		},
		{
			"from": [9, 0.5, 2],
			"to": [13, 3, 13],
			"faces": {
				"north": {"uv": [2, 8.5, 3, 9.125], "texture": "#0"},
				"east": {"uv": [6.25, 4.5, 9, 5.125], "texture": "#0"},
				"south": {"uv": [8.75, 0.5, 9.75, 1.125], "texture": "#0"},
				"west": {"uv": [6.25, 5.25, 9, 5.875], "texture": "#0"},
				"up": {"uv": [4.25, 5.75, 3.25, 3], "texture": "#0"},
				"down": {"uv": [4.75, 0, 3.75, 2.75], "texture": "#0"}
			}
		},
		{
			"from": [10, 0, 3],
			"to": [14, 2, 12],
			"faces": {
				"north": {"uv": [8.75, 1.75, 9.75, 2.25], "texture": "#0"},
				"east": {"uv": [5.25, 7.5, 7.5, 8], "texture": "#0"},
				"south": {"uv": [5, 8.75, 6, 9.25], "texture": "#0"},
				"west": {"uv": [7.5, 7.5, 9.75, 8], "texture": "#0"},
				"up": {"uv": [6.25, 5, 5.25, 2.75], "texture": "#0"},
				"down": {"uv": [6.25, 5, 5.25, 7.25], "texture": "#0"}
			}
		},
		{
			"from": [6.5, 2, 2],
			"to": [10.5, 4.75, 13],
			"faces": {
				"north": {"uv": [0, 8.25, 1, 9], "texture": "#0"},
				"east": {"uv": [6.25, 3, 9, 3.75], "texture": "#0"},
				"south": {"uv": [1, 8.25, 2, 9], "texture": "#0"},
				"west": {"uv": [6.25, 3.75, 9, 4.5], "texture": "#0"},
				"up": {"uv": [5.25, 5.5, 4.25, 2.75], "texture": "#0"},
				"down": {"uv": [5.75, 0, 4.75, 2.75], "texture": "#0"}
			}
		},
		{
			"from": [1.75, 0.51, 2.5],
			"to": [5.25, 3.01, 12.5],
			"faces": {
				"north": {"uv": [3, 8.75, 3.875, 9.375], "texture": "#0"},
				"east": {"uv": [6.25, 6, 8.75, 6.625], "texture": "#0"},
				"south": {"uv": [4, 8.75, 4.875, 9.375], "texture": "#0"},
				"west": {"uv": [6.25, 6.75, 8.75, 7.375], "texture": "#0"},
				"up": {"uv": [5.125, 8, 4.25, 5.5], "texture": "#0"},
				"down": {"uv": [2.125, 5.75, 1.25, 8.25], "texture": "#0"}
			}
		},
		{
			"from": [7, 1, 1.5],
			"to": [12, 4, 13.5],
			"faces": {
				"north": {"uv": [3.75, 8, 5, 8.75], "texture": "#0"},
				"east": {"uv": [5.75, 0, 8.75, 0.75], "texture": "#0"},
				"south": {"uv": [5, 8, 6.25, 8.75], "texture": "#0"},
				"west": {"uv": [5.75, 0.75, 8.75, 1.5], "texture": "#0"},
				"up": {"uv": [1.25, 3, 0, 0], "texture": "#0"},
				"down": {"uv": [2.5, 0, 1.25, 3], "texture": "#0"}
			}
		},
		{
			"from": [4, 1.01, 1.76],
			"to": [9, 4.01, 13.26],
			"faces": {
				"north": {"uv": [6.25, 8, 7.5, 8.75], "texture": "#0"},
				"east": {"uv": [5.75, 1.5, 8.625, 2.25], "texture": "#0"},
				"south": {"uv": [7.5, 8, 8.75, 8.75], "texture": "#0"},
				"west": {"uv": [6.25, 2.25, 9.125, 3], "texture": "#0"},
				"up": {"uv": [3.75, 2.875, 2.5, 0], "texture": "#0"},
				"down": {"uv": [1.25, 3, 0, 5.875], "texture": "#0"}
			}
		}
	],
	"display": {
		"thirdperson_righthand": {
			"rotation": [30, -25, 0],
			"translation": [0.25, 4.25, 2.25],
			"scale": [0.6, 0.6, 0.6]
		},
		"thirdperson_lefthand": {
			"rotation": [30, -25, 0],
			"translation": [0.25, 4.25, 2.25],
			"scale": [0.6, 0.6, 0.6]
		},
		"firstperson_righthand": {
			"translation": [0.75, 4.5, 0],
			"scale": [0.6, 0.6, 0.6]
		},
		"firstperson_lefthand": {
			"translation": [0.75, 4.5, 0],
			"scale": [0.6, 0.6, 0.6]
		},
		"ground": {
			"translation": [0, 3.5, 0],
			"scale": [0.6, 0.6, 0.6]
		},
		"gui": {
			"rotation": [14, 163, 0],
			"translation": [0, 5.25, 0]
		},
		"head": {
			"rotation": [0, 0, -6.75],
			"translation": [2, 14.5, 0.5],
			"scale": [1.35156, 1.5, 1.50195]
		},
		"fixed": {
			"rotation": [-108, -24, -17],
			"translation": [14.75, -14, -8.75],
			"scale": [1.3, 1.3, 1.3]
		}
	},
	"groups": [
		{
			"name": "flower",
			"origin": [0, 0, 0],
			"color": 9,
			"children": [
				0,
				1,
				2,
				3,
				{
					"name": "right",
					"origin": [0, 0, 0],
					"color": 9,
					"children": [4, 5, 6, 7, 8, 9, 10]
				},
				{
					"name": "left",
					"origin": [0, 0, 0],
					"color": 9,
					"children": [11, 12, 13, 14, 15, 16, 17]
				}
			]
		},
		{
			"name": "group",
			"origin": [0, 0, 0],
			"color": 7,
			"children": [18, 19, 20, 21, 22, 23, 24, 25, 26, 27, 28]
		},
		{
			"name": "group",
			"origin": [0, 0, 0],
			"color": 6,
			"children": [29, 30, 31, 32, 33, 34, 35, 36, 37]
		}
	]
}