{
	"credit": "Made with Blockbench",
	"texture_size": [32, 32],
	"textures": {
		"0": "block/xiao",
		"particle": "block/xiao"
	},
	"elements": [
		{
			"from": [6, 0, 2],
			"to": [10, 1.5, 3],
			"faces": {
				"north": {"uv": [5.5, 5.5, 7.5, 6.25], "texture": "#0"},
				"east": {"uv": [1.5, 11, 2, 11.75], "texture": "#0"},
				"south": {"uv": [6, 2, 8, 2.75], "texture": "#0"},
				"west": {"uv": [3, 11, 3.5, 11.75], "texture": "#0"},
				"up": {"uv": [10, 6.5, 8, 6], "texture": "#0"},
				"down": {"uv": [10, 6.5, 8, 7], "texture": "#0"}
			}
		},
		{
			"from": [5, 0.5, 2.5],
			"to": [6, 2, 3.5],
			"faces": {
				"north": {"uv": [3.5, 11, 4, 11.75], "texture": "#0"},
				"east": {"uv": [11, 4, 11.5, 4.75], "texture": "#0"},
				"south": {"uv": [11, 5, 11.5, 5.75], "texture": "#0"},
				"west": {"uv": [5.5, 11, 6, 11.75], "texture": "#0"},
				"up": {"uv": [7.5, 5.5, 7, 5], "texture": "#0"},
				"down": {"uv": [9, 4, 8.5, 4.5], "texture": "#0"}
			}
		},
		{
			"from": [10, 0.5, 2.5],
			"to": [11, 2, 3.5],
			"faces": {
				"north": {"uv": [6, 11, 6.5, 11.75], "texture": "#0"},
				"east": {"uv": [7.5, 11, 8, 11.75], "texture": "#0"},
				"south": {"uv": [8, 11, 8.5, 11.75], "texture": "#0"},
				"west": {"uv": [8.5, 11, 9, 11.75], "texture": "#0"},
				"up": {"uv": [11.5, 11, 11, 10.5], "texture": "#0"},
				"down": {"uv": [0.5, 11.5, 0, 12], "texture": "#0"}
			}
		},
		{
			"from": [4.5, 1.5, 3.5],
			"to": [5.5, 2.5, 5.5],
			"faces": {
				"north": {"uv": [0.5, 11.5, 1, 12], "texture": "#0"},
				"east": {"uv": [3, 2, 4, 2.5], "texture": "#0"},
				"south": {"uv": [11.5, 0.5, 12, 1], "texture": "#0"},
				"west": {"uv": [6.5, 1.5, 7.5, 2], "texture": "#0"},
				"up": {"uv": [10, 1, 9.5, 0], "texture": "#0"},
				"down": {"uv": [10.5, 0, 10, 1], "texture": "#0"}
			}
		},
		{
			"from": [4, 2, 5.5],
			"to": [5, 5, 6.5],
			"faces": {
				"north": {"uv": [9, 7, 9.5, 8.5], "texture": "#0"},
				"east": {"uv": [8, 9, 8.5, 10.5], "texture": "#0"},
				"south": {"uv": [8.5, 9, 9, 10.5], "texture": "#0"},
				"west": {"uv": [9, 8.5, 9.5, 10], "texture": "#0"},
				"up": {"uv": [12, 1.5, 11.5, 1], "texture": "#0"},
				"down": {"uv": [2.5, 11.5, 2, 12], "texture": "#0"}
			}
		},
		{
			"from": [10.5, 1.5, 3.5],
			"to": [11.5, 2.5, 5.5],
			"faces": {
				"north": {"uv": [2.5, 11.5, 3, 12], "texture": "#0"},
				"east": {"uv": [10, 3.5, 11, 4], "texture": "#0"},
				"south": {"uv": [11.5, 3, 12, 3.5], "texture": "#0"},
				"west": {"uv": [10, 6, 11, 6.5], "texture": "#0"},
				"up": {"uv": [10.5, 7.5, 10, 6.5], "texture": "#0"},
				"down": {"uv": [8, 10, 7.5, 11], "texture": "#0"}
			}
		},
		{
			"from": [11, 2, 5.5],
			"to": [12, 5, 6.5],
			"faces": {
				"north": {"uv": [0, 9.5, 0.5, 11], "texture": "#0"},
				"east": {"uv": [0.5, 9.5, 1, 11], "texture": "#0"},
				"south": {"uv": [1, 9.5, 1.5, 11], "texture": "#0"},
				"west": {"uv": [1.5, 9.5, 2, 11], "texture": "#0"},
				"up": {"uv": [12, 4.5, 11.5, 4], "texture": "#0"},
				"down": {"uv": [12, 4.5, 11.5, 5], "texture": "#0"}
			}
		},
		{
			"from": [4.1, 3.01, 4],
			"to": [5.1, 6.01, 6],
			"faces": {
				"north": {"uv": [5.5, 9.5, 6, 11], "texture": "#0"},
				"east": {"uv": [6, 3, 7, 4.5], "texture": "#0"},
				"south": {"uv": [6, 9.5, 6.5, 11], "texture": "#0"},
				"west": {"uv": [6.5, 0, 7.5, 1.5], "texture": "#0"},
				"up": {"uv": [10.5, 8.5, 10, 7.5], "texture": "#0"},
				"down": {"uv": [10.5, 8.5, 10, 9.5], "texture": "#0"}
			}
		},
		{
			"from": [10.9, 3.01, 4],
			"to": [11.9, 6.01, 6],
			"faces": {
				"north": {"uv": [9.5, 7, 10, 8.5], "texture": "#0"},
				"east": {"uv": [5.5, 6.5, 6.5, 8], "texture": "#0"},
				"south": {"uv": [9.5, 8.5, 10, 10], "texture": "#0"},
				"west": {"uv": [6.5, 6.5, 7.5, 8], "texture": "#0"},
				"up": {"uv": [9.5, 11, 9, 10], "texture": "#0"},
				"down": {"uv": [10, 10, 9.5, 11], "texture": "#0"}
			}
		},
		{
			"from": [10.5, 3, 3],
			"to": [11.5, 8, 5],
			"faces": {
				"north": {"uv": [5, 7.5, 5.5, 10], "texture": "#0"},
				"east": {"uv": [0, 0, 1, 2.5], "texture": "#0"},
				"south": {"uv": [7.5, 5, 8, 7.5], "texture": "#0"},
				"west": {"uv": [1, 0, 2, 2.5], "texture": "#0"},
				"up": {"uv": [10.5, 10.5, 10, 9.5], "texture": "#0"},
				"down": {"uv": [11, 0, 10.5, 1], "texture": "#0"}
			}
		},
		{
			"from": [4.5, 3, 3],
			"to": [5.5, 8, 5],
			"faces": {
				"north": {"uv": [7.5, 7.5, 8, 10], "texture": "#0"},
				"east": {"uv": [2, 0, 3, 2.5], "texture": "#0"},
				"south": {"uv": [8, 2, 8.5, 4.5], "texture": "#0"},
				"west": {"uv": [0, 2.5, 1, 5], "texture": "#0"},
				"up": {"uv": [11, 2, 10.5, 1], "texture": "#0"},
				"down": {"uv": [2.5, 10.5, 2, 11.5], "texture": "#0"}
			}
		},
		{
			"from": [5, 2.75, 2],
			"to": [7, 4.5, 3],
			"faces": {
				"north": {"uv": [6, 4.5, 7, 5.5], "texture": "#0"},
				"east": {"uv": [10.5, 2, 11, 3], "texture": "#0"},
				"south": {"uv": [6.5, 8, 7.5, 9], "texture": "#0"},
				"west": {"uv": [2.5, 10.5, 3, 11.5], "texture": "#0"},
				"up": {"uv": [4, 11, 3, 10.5], "texture": "#0"},
				"down": {"uv": [11.5, 3, 10.5, 3.5], "texture": "#0"}
			}
		},
		{
			"from": [9, 2.75, 2],
			"to": [11, 4.5, 3],
			"faces": {
				"north": {"uv": [8, 7, 9, 8], "texture": "#0"},
				"east": {"uv": [10.5, 4, 11, 5], "texture": "#0"},
				"south": {"uv": [8, 8, 9, 9], "texture": "#0"},
				"west": {"uv": [10.5, 5, 11, 6], "texture": "#0"},
				"up": {"uv": [11.5, 7, 10.5, 6.5], "texture": "#0"},
				"down": {"uv": [11.5, 7, 10.5, 7.5], "texture": "#0"}
			}
		},
		{
			"from": [7, 2.5, 1.5],
			"to": [9, 4.75, 2.5],
			"faces": {
				"north": {"uv": [8, 4.5, 9, 5.75], "texture": "#0"},
				"east": {"uv": [10, 2, 10.5, 3.25], "texture": "#0"},
				"south": {"uv": [5.5, 8, 6.5, 9.25], "texture": "#0"},
				"west": {"uv": [5, 10, 5.5, 11.25], "texture": "#0"},
				"up": {"uv": [11.5, 8, 10.5, 7.5], "texture": "#0"},
				"down": {"uv": [9, 10.5, 8, 11], "texture": "#0"}
			}
		},
		{
			"from": [7, 3, 0.5],
			"to": [9, 4, 1.5],
			"faces": {
				"north": {"uv": [10.5, 8, 11.5, 8.5], "texture": "#0"},
				"east": {"uv": [5, 11.5, 5.5, 12], "texture": "#0"},
				"south": {"uv": [10.5, 8.5, 11.5, 9], "texture": "#0"},
				"west": {"uv": [11.5, 5, 12, 5.5], "texture": "#0"},
				"up": {"uv": [11.5, 9.5, 10.5, 9], "texture": "#0"},
				"down": {"uv": [11.5, 9.5, 10.5, 10], "texture": "#0"}
			}
		},
		{
			"from": [7, 4.75, 1],
			"to": [9, 6.75, 2],
			"faces": {
				"north": {"uv": [0, 8.5, 1, 9.5], "texture": "#0"},
				"east": {"uv": [10, 10.5, 10.5, 11.5], "texture": "#0"},
				"south": {"uv": [8.5, 0, 9.5, 1], "texture": "#0"},
				"west": {"uv": [10.5, 10, 11, 11], "texture": "#0"},
				"up": {"uv": [1, 11.5, 0, 11], "texture": "#0"},
				"down": {"uv": [12, 0, 11, 0.5], "texture": "#0"}
			}
		},
		{
			"from": [4.76, 4.24, 1.76],
			"to": [7.01, 8.24, 3.01],
			"faces": {
				"north": {"uv": [1, 2.5, 2.25, 4.5], "texture": "#0"},
				"east": {"uv": [7, 3, 7.75, 5], "texture": "#0"},
				"south": {"uv": [2.5, 2.5, 3.75, 4.5], "texture": "#0"},
				"west": {"uv": [4, 7, 4.75, 9], "texture": "#0"},
				"up": {"uv": [9.75, 2.75, 8.5, 2], "texture": "#0"},
				"down": {"uv": [9.75, 3, 8.5, 3.75], "texture": "#0"}
			}
		},
		{
			"from": [9.01, 4.24, 1.76],
			"to": [11.26, 8.24, 3.01],
			"faces": {
				"north": {"uv": [3, 0, 4.25, 2], "texture": "#0"},
				"east": {"uv": [7.5, 0, 8.25, 2], "texture": "#0"},
				"south": {"uv": [4, 2, 5.25, 4], "texture": "#0"},
				"west": {"uv": [1, 7.5, 1.75, 9.5], "texture": "#0"},
				"up": {"uv": [10.25, 4.75, 9, 4], "texture": "#0"},
				"down": {"uv": [10.25, 5, 9, 5.75], "texture": "#0"}
			}
		},
		{
			"from": [6, 6.75, 1.5],
			"to": [10, 8.75, 2.5],
			"faces": {
				"north": {"uv": [4.5, 0, 6.5, 1], "texture": "#0"},
				"east": {"uv": [11, 0.5, 11.5, 1.5], "texture": "#0"},
				"south": {"uv": [4.5, 1, 6.5, 2], "texture": "#0"},
				"west": {"uv": [1, 11, 1.5, 12], "texture": "#0"},
				"up": {"uv": [10.5, 1.5, 8.5, 1], "texture": "#0"},
				"down": {"uv": [10.5, 1.5, 8.5, 2], "texture": "#0"}
			}
		},
		{
			"from": [5.01, 6, 5],
			"to": [6.51, 12, 6],
			"rotation": {"angle": -22.5, "axis": "x", "origin": [0, 0, 0]},
			"faces": {
				"north": {"uv": [4, 4, 4.75, 7], "texture": "#0"},
				"east": {"uv": [2, 7.5, 2.5, 10.5], "texture": "#0"},
				"south": {"uv": [1, 4.5, 1.75, 7.5], "texture": "#0"},
				"west": {"uv": [2.5, 7.5, 3, 10.5], "texture": "#0"},
				"up": {"uv": [11.75, 6.5, 11, 6], "texture": "#0"},
				"down": {"uv": [9.75, 11, 9, 11.5], "texture": "#0"}
			}
		},
		{
			"from": [9.49, 6, 5],
			"to": [10.99, 12, 6],
			"rotation": {"angle": -22.5, "axis": "x", "origin": [0, 0, 0]},
			"faces": {
				"north": {"uv": [2, 4.5, 2.75, 7.5], "texture": "#0"},
				"east": {"uv": [3, 7.5, 3.5, 10.5], "texture": "#0"},
				"south": {"uv": [3, 4.5, 3.75, 7.5], "texture": "#0"},
				"west": {"uv": [3.5, 7.5, 4, 10.5], "texture": "#0"},
				"up": {"uv": [11.75, 10.5, 11, 10], "texture": "#0"},
				"down": {"uv": [11.25, 11, 10.5, 11.5], "texture": "#0"}
			}
		},
		{
			"from": [4.51, 4, 5],
			"to": [5.01, 11, 6],
			"rotation": {"angle": -22.5, "axis": "x", "origin": [0, 0, 0]},
			"faces": {
				"north": {"uv": [4, 9, 4.25, 12.5], "texture": "#0"},
				"east": {"uv": [0, 5, 0.5, 8.5], "texture": "#0"},
				"south": {"uv": [4.5, 9, 4.75, 12.5], "texture": "#0"},
				"west": {"uv": [0.5, 5, 1, 8.5], "texture": "#0"},
				"up": {"uv": [3.75, 13, 3.5, 12.5], "texture": "#0"},
				"down": {"uv": [4.25, 12.5, 4, 13], "texture": "#0"}
			}
		},
		{
			"from": [10.99, 4, 5],
			"to": [11.49, 11, 6],
			"rotation": {"angle": -22.5, "axis": "x", "origin": [0, 0, 0]},
			"faces": {
				"north": {"uv": [6.5, 9, 6.75, 12.5], "texture": "#0"},
				"east": {"uv": [5, 4, 5.5, 7.5], "texture": "#0"},
				"south": {"uv": [7, 9, 7.25, 12.5], "texture": "#0"},
				"west": {"uv": [5.5, 2, 6, 5.5], "texture": "#0"},
				"up": {"uv": [12.75, 4.5, 12.5, 4], "texture": "#0"},
				"down": {"uv": [4.75, 12.5, 4.5, 13], "texture": "#0"}
			}
		},
		{
			"from": [5.2, 7, 1],
			"to": [6.2, 8, 2],
			"faces": {
				"north": {"uv": [11.5, 5.5, 12, 6], "texture": "#0"},
				"east": {"uv": [11.5, 6.5, 12, 7], "texture": "#0"},
				"south": {"uv": [11.5, 7, 12, 7.5], "texture": "#0"},
				"west": {"uv": [11.5, 7.5, 12, 8], "texture": "#0"},
				"up": {"uv": [12, 8.5, 11.5, 8], "texture": "#0"},
				"down": {"uv": [12, 8.5, 11.5, 9], "texture": "#0"}
			}
		},
		{
			"from": [9.8, 7, 1],
			"to": [10.8, 8, 2],
			"faces": {
				"north": {"uv": [9, 11.5, 9.5, 12], "texture": "#0"},
				"east": {"uv": [11.5, 9, 12, 9.5], "texture": "#0"},
				"south": {"uv": [9.5, 11.5, 10, 12], "texture": "#0"},
				"west": {"uv": [11.5, 9.5, 12, 10], "texture": "#0"},
				"up": {"uv": [10.5, 12, 10, 11.5], "texture": "#0"},
				"down": {"uv": [11, 11.5, 10.5, 12], "texture": "#0"}
			}
		},
		{
			"from": [10, 7, -2.5],
			"to": [11, 8, -1.5],
			"rotation": {"angle": 22.5, "axis": "x", "origin": [0, 0, 0]},
			"faces": {
				"north": {"uv": [11.5, 10.5, 12, 11], "texture": "#0"},
				"east": {"uv": [11, 11.5, 11.5, 12], "texture": "#0"},
				"south": {"uv": [11.5, 11, 12, 11.5], "texture": "#0"},
				"west": {"uv": [11.5, 11.5, 12, 12], "texture": "#0"},
				"up": {"uv": [0.5, 12.5, 0, 12], "texture": "#0"},
				"down": {"uv": [12.5, 0, 12, 0.5], "texture": "#0"}
			}
		},
		{
			"from": [10.25, 7.25, -3],
			"to": [10.75, 7.75, -2.5],
			"rotation": {"angle": 22.5, "axis": "x", "origin": [0, 0, 0]},
			"faces": {
				"north": {"uv": [12.5, 8.5, 12.75, 8.75], "texture": "#0"},
				"east": {"uv": [9, 12.5, 9.25, 12.75], "texture": "#0"},
				"south": {"uv": [12.5, 9, 12.75, 9.25], "texture": "#0"},
				"west": {"uv": [9.5, 12.5, 9.75, 12.75], "texture": "#0"},
				"up": {"uv": [12.75, 9.75, 12.5, 9.5], "texture": "#0"},
				"down": {"uv": [10.25, 12.5, 10, 12.75], "texture": "#0"}
			}
		},
		{
			"from": [5, 7, -2.5],
			"to": [6, 8, -1.5],
			"rotation": {"angle": 22.5, "axis": "x", "origin": [0, 0, 0]},
			"faces": {
				"north": {"uv": [0.5, 12, 1, 12.5], "texture": "#0"},
				"east": {"uv": [12, 0.5, 12.5, 1], "texture": "#0"},
				"south": {"uv": [1, 12, 1.5, 12.5], "texture": "#0"},
				"west": {"uv": [12, 1, 12.5, 1.5], "texture": "#0"},
				"up": {"uv": [2, 12.5, 1.5, 12], "texture": "#0"},
				"down": {"uv": [2.5, 12, 2, 12.5], "texture": "#0"}
			}
		},
		{
			"from": [5.25, 7.25, -3],
			"to": [5.75, 7.75, -2.5],
			"rotation": {"angle": 22.5, "axis": "x", "origin": [0, 0, 0]},
			"faces": {
				"north": {"uv": [12.5, 10, 12.75, 10.25], "texture": "#0"},
				"east": {"uv": [10.5, 12.5, 10.75, 12.75], "texture": "#0"},
				"south": {"uv": [12.5, 10.5, 12.75, 10.75], "texture": "#0"},
				"west": {"uv": [11, 12.5, 11.25, 12.75], "texture": "#0"},
				"up": {"uv": [12.75, 11.25, 12.5, 11], "texture": "#0"},
				"down": {"uv": [11.75, 12.5, 11.5, 12.75], "texture": "#0"}
			}
		},
		{
			"from": [5, 12, 5],
			"to": [6, 12.5, 6],
			"rotation": {"angle": -22.5, "axis": "x", "origin": [0, 0, 0]},
			"faces": {
				"north": {"uv": [12.5, 4.5, 13, 4.75], "texture": "#0"},
				"east": {"uv": [5, 12.5, 5.5, 12.75], "texture": "#0"},
				"south": {"uv": [12.5, 5, 13, 5.25], "texture": "#0"},
				"west": {"uv": [5.5, 12.5, 6, 12.75], "texture": "#0"},
				"up": {"uv": [3, 12.5, 2.5, 12], "texture": "#0"},
				"down": {"uv": [3.5, 12, 3, 12.5], "texture": "#0"}
			}
		},
		{
			"from": [10, 12, 5],
			"to": [11, 12.5, 6],
			"rotation": {"angle": -22.5, "axis": "x", "origin": [0, 0, 0]},
			"faces": {
				"north": {"uv": [12.5, 5.5, 13, 5.75], "texture": "#0"},
				"east": {"uv": [6, 12.5, 6.5, 12.75], "texture": "#0"},
				"south": {"uv": [12.5, 6, 13, 6.25], "texture": "#0"},
				"west": {"uv": [6.5, 12.5, 7, 12.75], "texture": "#0"},
				"up": {"uv": [12.5, 3.5, 12, 3], "texture": "#0"},
				"down": {"uv": [4, 12, 3.5, 12.5], "texture": "#0"}
			}
		},
		{
			"from": [10, 12.5, 5],
			"to": [10.5, 13.5, 6],
			"rotation": {"angle": -22.5, "axis": "x", "origin": [0, 0, 0]},
			"faces": {
				"north": {"uv": [12.5, 6.5, 12.75, 7], "texture": "#0"},
				"east": {"uv": [12, 4, 12.5, 4.5], "texture": "#0"},
				"south": {"uv": [7, 12.5, 7.25, 13], "texture": "#0"},
				"west": {"uv": [12, 4.5, 12.5, 5], "texture": "#0"},
				"up": {"uv": [12.75, 7.5, 12.5, 7], "texture": "#0"},
				"down": {"uv": [7.75, 12.5, 7.5, 13], "texture": "#0"}
			}
		},
		{
			"from": [5.5, 12.5, 5],
			"to": [6, 13.5, 6],
			"rotation": {"angle": -22.5, "axis": "x", "origin": [0, 0, 0]},
			"faces": {
				"north": {"uv": [12.5, 7.5, 12.75, 8], "texture": "#0"},
				"east": {"uv": [5, 12, 5.5, 12.5], "texture": "#0"},
				"south": {"uv": [8, 12.5, 8.25, 13], "texture": "#0"},
				"west": {"uv": [12, 5, 12.5, 5.5], "texture": "#0"},
				"up": {"uv": [12.75, 8.5, 12.5, 8], "texture": "#0"},
				"down": {"uv": [8.75, 12.5, 8.5, 13], "texture": "#0"}
			}
		},
		{
			"from": [9.5, 1.75, 2.1],
			"to": [10.5, 2.75, 3.1],
			"faces": {
				"north": {"uv": [12.5, 1, 13, 1.5], "texture": "#0"},
				"east": {"uv": [1.5, 12.5, 2, 13], "texture": "#0"},
				"south": {"uv": [2, 12.5, 2.5, 13], "texture": "#0"},
				"west": {"uv": [2.5, 12.5, 3, 13], "texture": "#0"},
				"up": {"uv": [3.5, 13, 3, 12.5], "texture": "#0"},
				"down": {"uv": [13, 3, 12.5, 3.5], "texture": "#0"}
			}
		},
		{
			"from": [8.5, 5.25, 2.2],
			"to": [9.5, 6.25, 3.2],
			"rotation": {"angle": -22.5, "axis": "z", "origin": [0, 0, 0]},
			"faces": {
				"north": {"uv": [5.5, 12, 6, 12.5], "texture": "#0"},
				"east": {"uv": [12, 5.5, 12.5, 6], "texture": "#0"},
				"south": {"uv": [6, 12, 6.5, 12.5], "texture": "#0"},
				"west": {"uv": [12, 6, 12.5, 6.5], "texture": "#0"},
				"up": {"uv": [12.5, 7, 12, 6.5], "texture": "#0"},
				"down": {"uv": [12.5, 7, 12, 7.5], "texture": "#0"}
			}
		},
		{
			"from": [9.5, 5.5, 2.45],
			"to": [10, 6, 2.95],
			"rotation": {"angle": -22.5, "axis": "z", "origin": [0, 0, 0]},
			"faces": {
				"north": {"uv": [12.5, 11.5, 12.75, 11.75], "texture": "#0"},
				"east": {"uv": [12, 12.5, 12.25, 12.75], "texture": "#0"},
				"south": {"uv": [12.5, 12, 12.75, 12.25], "texture": "#0"},
				"west": {"uv": [12.5, 12.5, 12.75, 12.75], "texture": "#0"},
				"up": {"uv": [0.25, 13.25, 0, 13], "texture": "#0"},
				"down": {"uv": [13.25, 0, 13, 0.25], "texture": "#0"}
			}
		},
		{
			"from": [6, 5.5, 2.45],
			"to": [6.5, 6, 2.95],
			"rotation": {"angle": 22.5, "axis": "z", "origin": [16, 0, 0]},
			"faces": {
				"north": {"uv": [0.5, 13, 0.75, 13.25], "texture": "#0"},
				"east": {"uv": [13, 0.5, 13.25, 0.75], "texture": "#0"},
				"south": {"uv": [1, 13, 1.25, 13.25], "texture": "#0"},
				"west": {"uv": [13, 1, 13.25, 1.25], "texture": "#0"},
				"up": {"uv": [1.75, 13.25, 1.5, 13], "texture": "#0"},
				"down": {"uv": [13.25, 1.5, 13, 1.75], "texture": "#0"}
			}
		},
		{
			"from": [6.5, 5.25, 2.2],
			"to": [7.5, 6.25, 3.2],
			"rotation": {"angle": 22.5, "axis": "z", "origin": [16, 0, 0]},
			"faces": {
				"north": {"uv": [7.5, 12, 8, 12.5], "texture": "#0"},
				"east": {"uv": [12, 7.5, 12.5, 8], "texture": "#0"},
				"south": {"uv": [8, 12, 8.5, 12.5], "texture": "#0"},
				"west": {"uv": [12, 8, 12.5, 8.5], "texture": "#0"},
				"up": {"uv": [9, 12.5, 8.5, 12], "texture": "#0"},
				"down": {"uv": [12.5, 8.5, 12, 9], "texture": "#0"}
			}
		},
		{
			"from": [6.25, 0.5, 2.3],
			"to": [7, 1.25, 3.05],
			"rotation": {"angle": -22.5, "axis": "x", "origin": [0, 0, 0]},
			"faces": {
				"north": {"uv": [9, 12, 9.5, 12.5], "texture": "#0"},
				"east": {"uv": [12, 9, 12.5, 9.5], "texture": "#0"},
				"south": {"uv": [9.5, 12, 10, 12.5], "texture": "#0"},
				"west": {"uv": [12, 9.5, 12.5, 10], "texture": "#0"},
				"up": {"uv": [10.5, 12.5, 10, 12], "texture": "#0"},
				"down": {"uv": [12.5, 10, 12, 10.5], "texture": "#0"}
			}
		},
		{
			"from": [9, 0.5, 2.3],
			"to": [9.75, 1.25, 3.05],
			"rotation": {"angle": -22.5, "axis": "x", "origin": [0, 0, 0]},
			"faces": {
				"north": {"uv": [10.5, 12, 11, 12.5], "texture": "#0"},
				"east": {"uv": [12, 10.5, 12.5, 11], "texture": "#0"},
				"south": {"uv": [11, 12, 11.5, 12.5], "texture": "#0"},
				"west": {"uv": [12, 11, 12.5, 11.5], "texture": "#0"},
				"up": {"uv": [12, 12.5, 11.5, 12], "texture": "#0"},
				"down": {"uv": [12.5, 11.5, 12, 12], "texture": "#0"}
			}
		},
		{
			"from": [9.1, 1.25, 2.4],
			"to": [9.6, 1.5, 2.9],
			"rotation": {"angle": -22.5, "axis": "x", "origin": [0, 0, 0]},
			"faces": {
				"north": {"uv": [2, 13, 2.25, 13.25], "texture": "#0"},
				"east": {"uv": [13, 2, 13.25, 2.25], "texture": "#0"},
				"south": {"uv": [2.5, 13, 2.75, 13.25], "texture": "#0"},
				"west": {"uv": [13, 2.5, 13.25, 2.75], "texture": "#0"},
				"up": {"uv": [3.25, 13.25, 3, 13], "texture": "#0"},
				"down": {"uv": [13.25, 3, 13, 3.25], "texture": "#0"}
			}
		},
		{
			"from": [6.4, 1.25, 2.4],
			"to": [6.9, 1.5, 2.9],
			"rotation": {"angle": -22.5, "axis": "x", "origin": [16, 0, 0]},
			"faces": {
				"north": {"uv": [3.5, 13, 3.75, 13.25], "texture": "#0"},
				"east": {"uv": [13, 3.5, 13.25, 3.75], "texture": "#0"},
				"south": {"uv": [4, 13, 4.25, 13.25], "texture": "#0"},
				"west": {"uv": [13, 4, 13.25, 4.25], "texture": "#0"},
				"up": {"uv": [4.75, 13.25, 4.5, 13], "texture": "#0"},
				"down": {"uv": [13.25, 4.5, 13, 4.75], "texture": "#0"}
			}
		},
		{
			"from": [6, 1.5, 2.25],
			"to": [10, 1.75, 2.75],
			"faces": {
				"north": {"uv": [11, 1.5, 13, 1.75], "texture": "#0"},
				"east": {"uv": [5, 13, 5.25, 13.25], "texture": "#0"},
				"south": {"uv": [11, 2, 13, 2.25], "texture": "#0"},
				"west": {"uv": [13, 5, 13.25, 5.25], "texture": "#0"},
				"up": {"uv": [13, 2.75, 11, 2.5], "texture": "#0"},
				"down": {"uv": [13, 3.5, 11, 3.75], "texture": "#0"}
			}
		},
		{
			"from": [5.5, 1.75, 2.1],
			"to": [6.5, 2.75, 3.1],
			"faces": {
				"north": {"uv": [12, 12, 12.5, 12.5], "texture": "#0"},
				"east": {"uv": [0, 12.5, 0.5, 13], "texture": "#0"},
				"south": {"uv": [12.5, 0, 13, 0.5], "texture": "#0"},
				"west": {"uv": [0.5, 12.5, 1, 13], "texture": "#0"},
				"up": {"uv": [13, 1, 12.5, 0.5], "texture": "#0"},
				"down": {"uv": [1.5, 12.5, 1, 13], "texture": "#0"}
			}
		}
	],
	"display": {
		"thirdperson_righthand": {
			"rotation": [48, 0, 0],
			"translation": [0.25, -0.75, 1],
			"scale": [0.5, 0.5, 0.5]
		},
		"thirdperson_lefthand": {
			"rotation": [60, 160, 0],
			"translation": [-7.75, -4.75, 2.75],
			"scale": [0.5, 0.5, 0.5]
		},
		"firstperson_righthand": {
			"rotation": [-2, 153, 0],
			"translation": [9.5, 4, -8.75]
		},
		"firstperson_lefthand": {
			"rotation": [-2, 153, 0],
			"translation": [9.5, 4, -8.75]
		},
		"ground": {
			"translation": [0, 2.5, 0],
			"scale": [0.7, 0.7, 0.7]
		},
		"gui": {
			"rotation": [-2, -159, 0],
			"translation": [-1.25, 0.5, 0]
		},
		"head": {
			"translation": [0, 4.75, -2],
			"scale": [1.5, 1.5, 1.23]
		},
		"fixed": {
			"translation": [0, 7.25, 3.25],
			"scale": [2, 2, 1.09]
		}
	},
	"groups": [
		{
			"name": "group",
			"origin": [0, 0, 0],
			"color": 0,
			"children": [0, 1, 2, 3, 4, 5, 6, 7, 8, 9, 10, 11, 12, 13, 14, 15, 16, 17, 18, 19, 20, 21, 22, 23, 24, 25, 26, 27, 28, 29, 30, 31, 32, 33, 34, 35, 36, 37, 38, 39, 40, 41, 42, 43]
		}
	]
}