{
	"texture_size": [32, 32],
	"textures": {
		"0": "block/childe",
		"particle": "block/childe"
	},
	"elements": [
		{
			"from": [11.25, -0.2, 3.5],
			"to": [12, 0.3, 3.75],
			"faces": {
				"north": {"uv": [0, 10, 0.375, 10.25], "texture": "#0"},
				"east": {"uv": [3.5, 12, 3.625, 12.25], "texture": "#0"},
				"south": {"uv": [10, 0, 10.375, 0.25], "texture": "#0"},
				"west": {"uv": [12, 3.5, 12.125, 3.75], "texture": "#0"},
				"up": {"uv": [11.875, 8.125, 11.5, 8], "texture": "#0"},
				"down": {"uv": [8.875, 11.5, 8.5, 11.625], "texture": "#0"}
			}
		},
		{
			"from": [11.25, -0.2, 12.25],
			"to": [12, 0.3, 12.5],
			"faces": {
				"north": {"uv": [4, 10, 4.375, 10.25], "texture": "#0"},
				"east": {"uv": [10, 12, 10.125, 12.25], "texture": "#0"},
				"south": {"uv": [10, 4, 10.375, 4.25], "texture": "#0"},
				"west": {"uv": [12, 10, 12.125, 10.25], "texture": "#0"},
				"up": {"uv": [0.875, 12.125, 0.5, 12], "texture": "#0"},
				"down": {"uv": [12.375, 0.5, 12, 0.625], "texture": "#0"}
			}
		},
		{
			"from": [8, -0.2, 3],
			"to": [12.25, 0.3, 3.5],
			"faces": {
				"north": {"uv": [0, 3.5, 2.125, 3.75], "texture": "#0"},
				"east": {"uv": [11.5, 4.5, 11.75, 4.75], "texture": "#0"},
				"south": {"uv": [3.5, 1.5, 5.625, 1.75], "texture": "#0"},
				"west": {"uv": [5, 11.5, 5.25, 11.75], "texture": "#0"},
				"up": {"uv": [5.625, 2.25, 3.5, 2], "texture": "#0"},
				"down": {"uv": [4.625, 3.5, 2.5, 3.75], "texture": "#0"}
			}
		},
		{
			"from": [8, -0.2, 12.5],
			"to": [12.25, 0.3, 13],
			"faces": {
				"north": {"uv": [0, 2.5, 2.125, 2.75], "texture": "#0"},
				"east": {"uv": [7.5, 11, 7.75, 11.25], "texture": "#0"},
				"south": {"uv": [2.5, 2.5, 4.625, 2.75], "texture": "#0"},
				"west": {"uv": [11, 7.5, 11.25, 7.75], "texture": "#0"},
				"up": {"uv": [2.125, 3.25, 0, 3], "texture": "#0"},
				"down": {"uv": [4.625, 3, 2.5, 3.25], "texture": "#0"}
			}
		},
		{
			"from": [9.5, -0.4, 13],
			"to": [12.5, 0.1, 13.25],
			"faces": {
				"north": {"uv": [2, 5.5, 3.5, 5.75], "texture": "#0"},
				"east": {"uv": [4, 12, 4.125, 12.25], "texture": "#0"},
				"south": {"uv": [3.5, 5.5, 5, 5.75], "texture": "#0"},
				"west": {"uv": [12, 4, 12.125, 4.25], "texture": "#0"},
				"up": {"uv": [3.5, 8.125, 2, 8], "texture": "#0"},
				"down": {"uv": [9.5, 2.5, 8, 2.625], "texture": "#0"}
			}
		},
		{
			"from": [9.5, -0.4, 2.75],
			"to": [12.5, 0.1, 3],
			"faces": {
				"north": {"uv": [5, 5.5, 6.5, 5.75], "texture": "#0"},
				"east": {"uv": [6.5, 12, 6.625, 12.25], "texture": "#0"},
				"south": {"uv": [5.5, 5, 7, 5.25], "texture": "#0"},
				"west": {"uv": [12, 6.5, 12.125, 6.75], "texture": "#0"},
				"up": {"uv": [9.5, 3.125, 8, 3], "texture": "#0"},
				"down": {"uv": [5, 8, 3.5, 8.125], "texture": "#0"}
			}
		},
		{
			"from": [10, -0.4, 2.5],
			"to": [11.25, 0.1, 2.75],
			"faces": {
				"north": {"uv": [2.5, 8.5, 3.125, 8.75], "texture": "#0"},
				"east": {"uv": [12.5, 8, 12.625, 8.25], "texture": "#0"},
				"south": {"uv": [3.5, 8.5, 4.125, 8.75], "texture": "#0"},
				"west": {"uv": [8.5, 12.5, 8.625, 12.75], "texture": "#0"},
				"up": {"uv": [11.125, 4.625, 10.5, 4.5], "texture": "#0"},
				"down": {"uv": [5.625, 10.5, 5, 10.625], "texture": "#0"}
			}
		},
		{
			"from": [10, -0.4, 13.25],
			"to": [11.25, 0.1, 13.5],
			"faces": {
				"north": {"uv": [8.5, 3.5, 9.125, 3.75], "texture": "#0"},
				"east": {"uv": [12.5, 8.5, 12.625, 8.75], "texture": "#0"},
				"south": {"uv": [8.5, 4, 9.125, 4.25], "texture": "#0"},
				"west": {"uv": [9, 12.5, 9.125, 12.75], "texture": "#0"},
				"up": {"uv": [11.125, 5.125, 10.5, 5], "texture": "#0"},
				"down": {"uv": [11.125, 5.5, 10.5, 5.625], "texture": "#0"}
			}
		},
		{
			"from": [7, 0, 3.5],
			"to": [10.5, 0.5, 4.5],
			"faces": {
				"north": {"uv": [5, 0, 6.75, 0.25], "texture": "#0"},
				"east": {"uv": [5, 9.5, 5.5, 9.75], "texture": "#0"},
				"south": {"uv": [5, 0.5, 6.75, 0.75], "texture": "#0"},
				"west": {"uv": [9.5, 5, 10, 5.25], "texture": "#0"},
				"up": {"uv": [1.75, 1.5, 0, 1], "texture": "#0"},
				"down": {"uv": [1.75, 1.5, 0, 2], "texture": "#0"}
			}
		},
		{
			"from": [7, 0, 11.5],
			"to": [10.5, 0.5, 12.5],
			"faces": {
				"north": {"uv": [4, 4.5, 5.75, 4.75], "texture": "#0"},
				"east": {"uv": [3.5, 9.5, 4, 9.75], "texture": "#0"},
				"south": {"uv": [0, 5, 1.75, 5.25], "texture": "#0"},
				"west": {"uv": [9.5, 3.5, 10, 3.75], "texture": "#0"},
				"up": {"uv": [1.75, 0.5, 0, 0], "texture": "#0"},
				"down": {"uv": [1.75, 0.5, 0, 1], "texture": "#0"}
			}
		},
		{
			"from": [6.25, 0.25, 4.5],
			"to": [8, 0.75, 5.5],
			"faces": {
				"north": {"uv": [7.5, 4, 8.375, 4.25], "texture": "#0"},
				"east": {"uv": [3.5, 9, 4, 9.25], "texture": "#0"},
				"south": {"uv": [4.5, 7.5, 5.375, 7.75], "texture": "#0"},
				"west": {"uv": [4, 9, 4.5, 9.25], "texture": "#0"},
				"up": {"uv": [0.875, 4.5, 0, 4], "texture": "#0"},
				"down": {"uv": [4.875, 0, 4, 0.5], "texture": "#0"}
			}
		},
		{
			"from": [7, 0.5, 4.25],
			"to": [8.25, 0.75, 4.5],
			"faces": {
				"north": {"uv": [10.5, 0.5, 11.125, 0.625], "texture": "#0"},
				"east": {"uv": [3, 13, 3.125, 13.125], "texture": "#0"},
				"south": {"uv": [1, 10.5, 1.625, 10.625], "texture": "#0"},
				"west": {"uv": [13, 3, 13.125, 3.125], "texture": "#0"},
				"up": {"uv": [11.125, 1.125, 10.5, 1], "texture": "#0"},
				"down": {"uv": [11.125, 1.5, 10.5, 1.625], "texture": "#0"}
			}
		},
		{
			"from": [7, 0.5, 11.5],
			"to": [8.25, 0.75, 11.75],
			"faces": {
				"north": {"uv": [2, 10.5, 2.625, 10.625], "texture": "#0"},
				"east": {"uv": [3.5, 13, 3.625, 13.125], "texture": "#0"},
				"south": {"uv": [10.5, 2, 11.125, 2.125], "texture": "#0"},
				"west": {"uv": [13, 3.5, 13.125, 3.625], "texture": "#0"},
				"up": {"uv": [11.125, 2.625, 10.5, 2.5], "texture": "#0"},
				"down": {"uv": [3.625, 10.5, 3, 10.625], "texture": "#0"}
			}
		},
		{
			"from": [6.25, 0.25, 10.5],
			"to": [8, 0.75, 11.5],
			"faces": {
				"north": {"uv": [8, 1, 8.875, 1.25], "texture": "#0"},
				"east": {"uv": [3, 9.5, 3.5, 9.75], "texture": "#0"},
				"south": {"uv": [8, 1.5, 8.875, 1.75], "texture": "#0"},
				"west": {"uv": [9.5, 3, 10, 3.25], "texture": "#0"},
				"up": {"uv": [2.875, 5, 2, 4.5], "texture": "#0"},
				"down": {"uv": [3.875, 4.5, 3, 5], "texture": "#0"}
			}
		},
		{
			"from": [5.25, 0.5, 5.5],
			"to": [7, 1, 6.5],
			"faces": {
				"north": {"uv": [7.5, 4.5, 8.375, 4.75], "texture": "#0"},
				"east": {"uv": [4.5, 9, 5, 9.25], "texture": "#0"},
				"south": {"uv": [7.5, 5, 8.375, 5.25], "texture": "#0"},
				"west": {"uv": [5, 9, 5.5, 9.25], "texture": "#0"},
				"up": {"uv": [4.875, 1, 4, 0.5], "texture": "#0"},
				"down": {"uv": [1.875, 4, 1, 4.5], "texture": "#0"}
			}
		},
		{
			"from": [6, 0.75, 10.5],
			"to": [7, 1, 10.75],
			"faces": {
				"north": {"uv": [11.5, 2.5, 12, 2.625], "texture": "#0"},
				"east": {"uv": [2, 13, 2.125, 13.125], "texture": "#0"},
				"south": {"uv": [3, 11.5, 3.5, 11.625], "texture": "#0"},
				"west": {"uv": [13, 2, 13.125, 2.125], "texture": "#0"},
				"up": {"uv": [12, 3.125, 11.5, 3], "texture": "#0"},
				"down": {"uv": [4, 11.5, 3.5, 11.625], "texture": "#0"}
			}
		},
		{
			"from": [6, 0.75, 5.25],
			"to": [7, 1, 5.5],
			"faces": {
				"north": {"uv": [11.5, 3.5, 12, 3.625], "texture": "#0"},
				"east": {"uv": [2.5, 13, 2.625, 13.125], "texture": "#0"},
				"south": {"uv": [4, 11.5, 4.5, 11.625], "texture": "#0"},
				"west": {"uv": [13, 2.5, 13.125, 2.625], "texture": "#0"},
				"up": {"uv": [12, 4.125, 11.5, 4], "texture": "#0"},
				"down": {"uv": [5, 11.5, 4.5, 11.625], "texture": "#0"}
			}
		},
		{
			"from": [5.25, 0.5, 9.5],
			"to": [7, 1, 10.5],
			"faces": {
				"north": {"uv": [7.5, 7.5, 8.375, 7.75], "texture": "#0"},
				"east": {"uv": [2.5, 9.5, 3, 9.75], "texture": "#0"},
				"south": {"uv": [0, 8, 0.875, 8.25], "texture": "#0"},
				"west": {"uv": [9.5, 2.5, 10, 2.75], "texture": "#0"},
				"up": {"uv": [0.875, 5, 0, 4.5], "texture": "#0"},
				"down": {"uv": [1.875, 4.5, 1, 5], "texture": "#0"}
			}
		},
		{
			"from": [4.75, 0.75, 6.5],
			"to": [6.5, 1.25, 7.5],
			"faces": {
				"north": {"uv": [5.5, 7.5, 6.375, 7.75], "texture": "#0"},
				"east": {"uv": [6.5, 9, 7, 9.25], "texture": "#0"},
				"south": {"uv": [7.5, 6, 8.375, 6.25], "texture": "#0"},
				"west": {"uv": [9, 6.5, 9.5, 6.75], "texture": "#0"},
				"up": {"uv": [4.875, 1.5, 4, 1], "texture": "#0"},
				"down": {"uv": [2.875, 4, 2, 4.5], "texture": "#0"}
			}
		},
		{
			"from": [4.75, 0.75, 8.5],
			"to": [6.5, 1.25, 9.5],
			"faces": {
				"north": {"uv": [6.5, 7.5, 7.375, 7.75], "texture": "#0"},
				"east": {"uv": [2, 9.5, 2.5, 9.75], "texture": "#0"},
				"south": {"uv": [7.5, 6.5, 8.375, 6.75], "texture": "#0"},
				"west": {"uv": [9.5, 2, 10, 2.25], "texture": "#0"},
				"up": {"uv": [3.875, 4.5, 3, 4], "texture": "#0"},
				"down": {"uv": [4.875, 4, 4, 4.5], "texture": "#0"}
			}
		},
		{
			"from": [5.5, 1, 9.5],
			"to": [6.25, 1.25, 9.75],
			"faces": {
				"north": {"uv": [11.5, 9, 11.875, 9.125], "texture": "#0"},
				"east": {"uv": [1, 13, 1.125, 13.125], "texture": "#0"},
				"south": {"uv": [9.5, 11.5, 9.875, 11.625], "texture": "#0"},
				"west": {"uv": [13, 1, 13.125, 1.125], "texture": "#0"},
				"up": {"uv": [11.875, 9.625, 11.5, 9.5], "texture": "#0"},
				"down": {"uv": [10.375, 11.5, 10, 11.625], "texture": "#0"}
			}
		},
		{
			"from": [5.5, 1, 6.25],
			"to": [6.25, 1.25, 6.5],
			"faces": {
				"north": {"uv": [11.5, 10, 11.875, 10.125], "texture": "#0"},
				"east": {"uv": [1.5, 13, 1.625, 13.125], "texture": "#0"},
				"south": {"uv": [10.5, 11.5, 10.875, 11.625], "texture": "#0"},
				"west": {"uv": [13, 1.5, 13.125, 1.625], "texture": "#0"},
				"up": {"uv": [11.875, 10.625, 11.5, 10.5], "texture": "#0"},
				"down": {"uv": [11.375, 11.5, 11, 11.625], "texture": "#0"}
			}
		},
		{
			"from": [3.75, 1, 7.5],
			"to": [6, 1.5, 8.5],
			"faces": {
				"north": {"uv": [1, 6, 2.125, 6.25], "texture": "#0"},
				"east": {"uv": [1.5, 9.5, 2, 9.75], "texture": "#0"},
				"south": {"uv": [6, 1.5, 7.125, 1.75], "texture": "#0"},
				"west": {"uv": [9.5, 1.5, 10, 1.75], "texture": "#0"},
				"up": {"uv": [3.125, 2, 2, 1.5], "texture": "#0"},
				"down": {"uv": [3.125, 2, 2, 2.5], "texture": "#0"}
			}
		},
		{
			"from": [5, 1.25, 8.5],
			"to": [5.75, 1.5, 9],
			"faces": {
				"north": {"uv": [11.5, 11, 11.875, 11.125], "texture": "#0"},
				"east": {"uv": [9, 12, 9.25, 12.125], "texture": "#0"},
				"south": {"uv": [11.5, 11.5, 11.875, 11.625], "texture": "#0"},
				"west": {"uv": [12, 9, 12.25, 9.125], "texture": "#0"},
				"up": {"uv": [1.375, 10.25, 1, 10], "texture": "#0"},
				"down": {"uv": [10.375, 1, 10, 1.25], "texture": "#0"}
			}
		},
		{
			"from": [5, 1.25, 7],
			"to": [5.75, 1.5, 7.5],
			"faces": {
				"north": {"uv": [0, 12, 0.375, 12.125], "texture": "#0"},
				"east": {"uv": [9.5, 12, 9.75, 12.125], "texture": "#0"},
				"south": {"uv": [12, 0, 12.375, 0.125], "texture": "#0"},
				"west": {"uv": [12, 9.5, 12.25, 9.625], "texture": "#0"},
				"up": {"uv": [1.875, 10.25, 1.5, 10], "texture": "#0"},
				"down": {"uv": [10.375, 1.5, 10, 1.75], "texture": "#0"}
			}
		},
		{
			"from": [4.25, 0.75, 7.25],
			"to": [4.75, 1.25, 7.5],
			"faces": {
				"north": {"uv": [8.5, 11, 8.75, 11.25], "texture": "#0"},
				"east": {"uv": [7, 12, 7.125, 12.25], "texture": "#0"},
				"south": {"uv": [11, 8.5, 11.25, 8.75], "texture": "#0"},
				"west": {"uv": [12, 7, 12.125, 7.25], "texture": "#0"},
				"up": {"uv": [7.75, 12.125, 7.5, 12], "texture": "#0"},
				"down": {"uv": [12.25, 7.5, 12, 7.625], "texture": "#0"}
			}
		},
		{
			"from": [4.25, 0.75, 8.5],
			"to": [4.75, 1.25, 8.75],
			"faces": {
				"north": {"uv": [9, 11, 9.25, 11.25], "texture": "#0"},
				"east": {"uv": [8, 12, 8.125, 12.25], "texture": "#0"},
				"south": {"uv": [11, 9, 11.25, 9.25], "texture": "#0"},
				"west": {"uv": [12, 8, 12.125, 8.25], "texture": "#0"},
				"up": {"uv": [8.75, 12.125, 8.5, 12], "texture": "#0"},
				"down": {"uv": [12.25, 8.5, 12, 8.625], "texture": "#0"}
			}
		},
		{
			"from": [3.25, 1, 7.75],
			"to": [3.75, 1.5, 8.25],
			"faces": {
				"north": {"uv": [9.5, 11, 9.75, 11.25], "texture": "#0"},
				"east": {"uv": [11, 9.5, 11.25, 9.75], "texture": "#0"},
				"south": {"uv": [10, 11, 10.25, 11.25], "texture": "#0"},
				"west": {"uv": [11, 10, 11.25, 10.25], "texture": "#0"},
				"up": {"uv": [10.75, 11.25, 10.5, 11], "texture": "#0"},
				"down": {"uv": [11.25, 10.5, 11, 10.75], "texture": "#0"}
			}
		},
		{
			"from": [6.75, 0, 4],
			"to": [7, 0.5, 4.5],
			"faces": {
				"north": {"uv": [4.5, 12, 4.625, 12.25], "texture": "#0"},
				"east": {"uv": [8.5, 10.5, 8.75, 10.75], "texture": "#0"},
				"south": {"uv": [12, 4.5, 12.125, 4.75], "texture": "#0"},
				"west": {"uv": [10.5, 8.5, 10.75, 8.75], "texture": "#0"},
				"up": {"uv": [5.125, 12.25, 5, 12], "texture": "#0"},
				"down": {"uv": [12.125, 5, 12, 5.25], "texture": "#0"}
			}
		},
		{
			"from": [6.75, 0, 11.5],
			"to": [7, 0.5, 12],
			"faces": {
				"north": {"uv": [5.5, 12, 5.625, 12.25], "texture": "#0"},
				"east": {"uv": [8, 11, 8.25, 11.25], "texture": "#0"},
				"south": {"uv": [12, 5.5, 12.125, 5.75], "texture": "#0"},
				"west": {"uv": [11, 8, 11.25, 8.25], "texture": "#0"},
				"up": {"uv": [6.125, 12.25, 6, 12], "texture": "#0"},
				"down": {"uv": [12.125, 6, 12, 6.25], "texture": "#0"}
			}
		},
		{
			"from": [5.75, 0.25, 5],
			"to": [6.25, 0.75, 5.5],
			"faces": {
				"north": {"uv": [10.5, 10.5, 10.75, 10.75], "texture": "#0"},
				"east": {"uv": [0, 11, 0.25, 11.25], "texture": "#0"},
				"south": {"uv": [11, 0, 11.25, 0.25], "texture": "#0"},
				"west": {"uv": [0.5, 11, 0.75, 11.25], "texture": "#0"},
				"up": {"uv": [1.25, 11.25, 1, 11], "texture": "#0"},
				"down": {"uv": [1.75, 11, 1.5, 11.25], "texture": "#0"}
			}
		},
		{
			"from": [5.75, 0.25, 10.5],
			"to": [6.25, 0.75, 11],
			"faces": {
				"north": {"uv": [2, 11, 2.25, 11.25], "texture": "#0"},
				"east": {"uv": [2.5, 11, 2.75, 11.25], "texture": "#0"},
				"south": {"uv": [3, 11, 3.25, 11.25], "texture": "#0"},
				"west": {"uv": [3.5, 11, 3.75, 11.25], "texture": "#0"},
				"up": {"uv": [4.25, 11.25, 4, 11], "texture": "#0"},
				"down": {"uv": [4.75, 11, 4.5, 11.25], "texture": "#0"}
			}
		},
		{
			"from": [8, 0.25, 4.5],
			"to": [8.5, 0.75, 5],
			"faces": {
				"north": {"uv": [9, 10.5, 9.25, 10.75], "texture": "#0"},
				"east": {"uv": [10.5, 9, 10.75, 9.25], "texture": "#0"},
				"south": {"uv": [9.5, 10.5, 9.75, 10.75], "texture": "#0"},
				"west": {"uv": [10.5, 9.5, 10.75, 9.75], "texture": "#0"},
				"up": {"uv": [10.25, 10.75, 10, 10.5], "texture": "#0"},
				"down": {"uv": [10.75, 10, 10.5, 10.25], "texture": "#0"}
			}
		},
		{
			"from": [7, 0.5, 5.5],
			"to": [7.5, 1, 6],
			"faces": {
				"north": {"uv": [11, 11, 11.25, 11.25], "texture": "#0"},
				"east": {"uv": [0, 11.5, 0.25, 11.75], "texture": "#0"},
				"south": {"uv": [11.5, 0, 11.75, 0.25], "texture": "#0"},
				"west": {"uv": [0.5, 11.5, 0.75, 11.75], "texture": "#0"},
				"up": {"uv": [11.75, 0.75, 11.5, 0.5], "texture": "#0"},
				"down": {"uv": [1.25, 11.5, 1, 11.75], "texture": "#0"}
			}
		},
		{
			"from": [7, 0.5, 10],
			"to": [7.5, 1, 10.5],
			"faces": {
				"north": {"uv": [11.5, 1, 11.75, 1.25], "texture": "#0"},
				"east": {"uv": [1.5, 11.5, 1.75, 11.75], "texture": "#0"},
				"south": {"uv": [11.5, 1.5, 11.75, 1.75], "texture": "#0"},
				"west": {"uv": [2, 11.5, 2.25, 11.75], "texture": "#0"},
				"up": {"uv": [11.75, 2.25, 11.5, 2], "texture": "#0"},
				"down": {"uv": [2.75, 11.5, 2.5, 11.75], "texture": "#0"}
			}
		},
		{
			"from": [8, 0.25, 11],
			"to": [8.5, 0.75, 11.5],
			"faces": {
				"north": {"uv": [5, 11, 5.25, 11.25], "texture": "#0"},
				"east": {"uv": [5.5, 11, 5.75, 11.25], "texture": "#0"},
				"south": {"uv": [6, 11, 6.25, 11.25], "texture": "#0"},
				"west": {"uv": [6.5, 11, 6.75, 11.25], "texture": "#0"},
				"up": {"uv": [7.25, 11.25, 7, 11], "texture": "#0"},
				"down": {"uv": [11.25, 7, 11, 7.25], "texture": "#0"}
			}
		},
		{
			"from": [9.25, 0.25, 4.5],
			"to": [10.25, 0.75, 5.5],
			"faces": {
				"north": {"uv": [0.5, 9, 1, 9.25], "texture": "#0"},
				"east": {"uv": [1, 9, 1.5, 9.25], "texture": "#0"},
				"south": {"uv": [9, 1, 9.5, 1.25], "texture": "#0"},
				"west": {"uv": [1.5, 9, 2, 9.25], "texture": "#0"},
				"up": {"uv": [2, 7.5, 1.5, 7], "texture": "#0"},
				"down": {"uv": [2.5, 7, 2, 7.5], "texture": "#0"}
			}
		},
		{
			"from": [9.25, 0.25, 10.5],
			"to": [10.25, 0.75, 11.5],
			"faces": {
				"north": {"uv": [4, 9.5, 4.5, 9.75], "texture": "#0"},
				"east": {"uv": [9.5, 4, 10, 4.25], "texture": "#0"},
				"south": {"uv": [4.5, 9.5, 5, 9.75], "texture": "#0"},
				"west": {"uv": [9.5, 4.5, 10, 4.75], "texture": "#0"},
				"up": {"uv": [6.5, 7.5, 6, 7], "texture": "#0"},
				"down": {"uv": [7.5, 6, 7, 6.5], "texture": "#0"}
			}
		},
		{
			"from": [9, 0.5, 5.5],
			"to": [10, 1, 6.5],
			"faces": {
				"north": {"uv": [9, 1.5, 9.5, 1.75], "texture": "#0"},
				"east": {"uv": [2, 9, 2.5, 9.25], "texture": "#0"},
				"south": {"uv": [2.5, 9, 3, 9.25], "texture": "#0"},
				"west": {"uv": [3, 9, 3.5, 9.25], "texture": "#0"},
				"up": {"uv": [3, 7.5, 2.5, 7], "texture": "#0"},
				"down": {"uv": [3.5, 7, 3, 7.5], "texture": "#0"}
			}
		},
		{
			"from": [9, 0.5, 9.5],
			"to": [10, 1, 10.5],
			"faces": {
				"north": {"uv": [0.5, 9.5, 1, 9.75], "texture": "#0"},
				"east": {"uv": [9.5, 0.5, 10, 0.75], "texture": "#0"},
				"south": {"uv": [1, 9.5, 1.5, 9.75], "texture": "#0"},
				"west": {"uv": [9.5, 1, 10, 1.25], "texture": "#0"},
				"up": {"uv": [7.5, 5.5, 7, 5], "texture": "#0"},
				"down": {"uv": [6, 7, 5.5, 7.5], "texture": "#0"}
			}
		},
		{
			"from": [8.5, 0.75, 6.5],
			"to": [9.5, 1.25, 7.5],
			"faces": {
				"north": {"uv": [5.5, 9, 6, 9.25], "texture": "#0"},
				"east": {"uv": [9, 5.5, 9.5, 5.75], "texture": "#0"},
				"south": {"uv": [6, 9, 6.5, 9.25], "texture": "#0"},
				"west": {"uv": [9, 6, 9.5, 6.25], "texture": "#0"},
				"up": {"uv": [4, 7.5, 3.5, 7], "texture": "#0"},
				"down": {"uv": [7.5, 3.5, 7, 4], "texture": "#0"}
			}
		},
		{
			"from": [8.5, 0.75, 8.5],
			"to": [9.5, 1.25, 9.5],
			"faces": {
				"north": {"uv": [9, 8.5, 9.5, 8.75], "texture": "#0"},
				"east": {"uv": [9, 9, 9.5, 9.25], "texture": "#0"},
				"south": {"uv": [0, 9.5, 0.5, 9.75], "texture": "#0"},
				"west": {"uv": [9.5, 0, 10, 0.25], "texture": "#0"},
				"up": {"uv": [5, 7.5, 4.5, 7], "texture": "#0"},
				"down": {"uv": [5.5, 7, 5, 7.5], "texture": "#0"}
			}
		},
		{
			"from": [8.25, 1, 7.5],
			"to": [9.25, 1.5, 8.5],
			"faces": {
				"north": {"uv": [7, 9, 7.5, 9.25], "texture": "#0"},
				"east": {"uv": [7.5, 9, 8, 9.25], "texture": "#0"},
				"south": {"uv": [8, 9, 8.5, 9.25], "texture": "#0"},
				"west": {"uv": [8.5, 9, 9, 9.25], "texture": "#0"},
				"up": {"uv": [4.5, 7.5, 4, 7], "texture": "#0"},
				"down": {"uv": [7.5, 4, 7, 4.5], "texture": "#0"}
			}
		},
		{
			"from": [8.25, 1, 7.5],
			"to": [9.25, 1.5, 8.5],
			"faces": {
				"north": {"uv": [6, 9.5, 6.5, 9.75], "texture": "#0"},
				"east": {"uv": [9.5, 6, 10, 6.25], "texture": "#0"},
				"south": {"uv": [6.5, 9.5, 7, 9.75], "texture": "#0"},
				"west": {"uv": [9.5, 6.5, 10, 6.75], "texture": "#0"},
				"up": {"uv": [7, 7.5, 6.5, 7], "texture": "#0"},
				"down": {"uv": [7.5, 6.5, 7, 7], "texture": "#0"}
			}
		},
		{
			"from": [7.75, 1.25, 7.88],
			"to": [8.25, 1.5, 8.13],
			"faces": {
				"north": {"uv": [11.5, 12, 11.75, 12.125], "texture": "#0"},
				"east": {"uv": [4, 13, 4.125, 13.125], "texture": "#0"},
				"south": {"uv": [12, 11.5, 12.25, 11.625], "texture": "#0"},
				"west": {"uv": [13, 4, 13.125, 4.125], "texture": "#0"},
				"up": {"uv": [12.25, 12.125, 12, 12], "texture": "#0"},
				"down": {"uv": [0.25, 12.5, 0, 12.625], "texture": "#0"}
			}
		},
		{
			"from": [7.25, 1, 7.88],
			"to": [7.75, 1.25, 8.13],
			"faces": {
				"north": {"uv": [12.5, 0, 12.75, 0.125], "texture": "#0"},
				"east": {"uv": [4.5, 13, 4.625, 13.125], "texture": "#0"},
				"south": {"uv": [0.5, 12.5, 0.75, 12.625], "texture": "#0"},
				"west": {"uv": [13, 4.5, 13.125, 4.625], "texture": "#0"},
				"up": {"uv": [12.75, 0.625, 12.5, 0.5], "texture": "#0"},
				"down": {"uv": [1.25, 12.5, 1, 12.625], "texture": "#0"}
			}
		},
		{
			"from": [9.25, 1, 7.25],
			"to": [10.25, 1.5, 8.75],
			"faces": {
				"north": {"uv": [5.5, 9.5, 6, 9.75], "texture": "#0"},
				"east": {"uv": [5, 8, 5.75, 8.25], "texture": "#0"},
				"south": {"uv": [9.5, 5.5, 10, 5.75], "texture": "#0"},
				"west": {"uv": [8, 5.5, 8.75, 5.75], "texture": "#0"},
				"up": {"uv": [0.5, 6.75, 0, 6], "texture": "#0"},
				"down": {"uv": [1, 6, 0.5, 6.75], "texture": "#0"}
			}
		},
		{
			"from": [9.25, 1, 7.5],
			"to": [10.15, 1.75, 8.5],
			"faces": {
				"north": {"uv": [6, 8, 6.5, 8.375], "texture": "#0"},
				"east": {"uv": [6.5, 8, 7, 8.375], "texture": "#0"},
				"south": {"uv": [7, 8, 7.5, 8.375], "texture": "#0"},
				"west": {"uv": [8, 7, 8.5, 7.375], "texture": "#0"},
				"up": {"uv": [8, 2, 7.5, 1.5], "texture": "#0"},
				"down": {"uv": [2.5, 7.5, 2, 8], "texture": "#0"}
			}
		},
		{
			"from": [10.25, 1.5, 7.75],
			"to": [11, 1.75, 8.25],
			"faces": {
				"north": {"uv": [3, 12, 3.375, 12.125], "texture": "#0"},
				"east": {"uv": [12.5, 9, 12.75, 9.125], "texture": "#0"},
				"south": {"uv": [12, 3, 12.375, 3.125], "texture": "#0"},
				"west": {"uv": [9.5, 12.5, 9.75, 12.625], "texture": "#0"},
				"up": {"uv": [9.875, 10.25, 9.5, 10], "texture": "#0"},
				"down": {"uv": [10.375, 9.5, 10, 9.75], "texture": "#0"}
			}
		},
		{
			"from": [8.75, 1.5, 7.75],
			"to": [9.25, 1.75, 8.25],
			"faces": {
				"north": {"uv": [12.5, 9.5, 12.75, 9.625], "texture": "#0"},
				"east": {"uv": [10, 12.5, 10.25, 12.625], "texture": "#0"},
				"south": {"uv": [12.5, 10, 12.75, 10.125], "texture": "#0"},
				"west": {"uv": [10.5, 12.5, 10.75, 12.625], "texture": "#0"},
				"up": {"uv": [11.75, 7.25, 11.5, 7], "texture": "#0"},
				"down": {"uv": [7.75, 11.5, 7.5, 11.75], "texture": "#0"}
			}
		},
		{
			"from": [11, 1.5, 7.87],
			"to": [11.25, 1.75, 8.12],
			"faces": {
				"north": {"uv": [7, 13, 7.125, 13.125], "texture": "#0"},
				"east": {"uv": [13, 7, 13.125, 7.125], "texture": "#0"},
				"south": {"uv": [7.5, 13, 7.625, 13.125], "texture": "#0"},
				"west": {"uv": [13, 7.5, 13.125, 7.625], "texture": "#0"},
				"up": {"uv": [8.125, 13.125, 8, 13], "texture": "#0"},
				"down": {"uv": [13.125, 8, 13, 8.125], "texture": "#0"}
			}
		},
		{
			"from": [12.75, 1, 7],
			"to": [13.25, 1.5, 9],
			"faces": {
				"north": {"uv": [11.5, 6, 11.75, 6.25], "texture": "#0"},
				"east": {"uv": [7, 7, 8, 7.25], "texture": "#0"},
				"south": {"uv": [6.5, 11.5, 6.75, 11.75], "texture": "#0"},
				"west": {"uv": [0, 7.5, 1, 7.75], "texture": "#0"},
				"up": {"uv": [1.25, 8.5, 1, 7.5], "texture": "#0"},
				"down": {"uv": [1.75, 7.5, 1.5, 8.5], "texture": "#0"}
			}
		},
		{
			"from": [12.76, 1, 7.75],
			"to": [13.51, 1.75, 8.25],
			"faces": {
				"north": {"uv": [0, 9, 0.375, 9.375], "texture": "#0"},
				"east": {"uv": [8.5, 10, 8.75, 10.375], "texture": "#0"},
				"south": {"uv": [9, 0, 9.375, 0.375], "texture": "#0"},
				"west": {"uv": [10, 8.5, 10.25, 8.875], "texture": "#0"},
				"up": {"uv": [9.375, 10.25, 9, 10], "texture": "#0"},
				"down": {"uv": [10.375, 9, 10, 9.25], "texture": "#0"}
			}
		},
		{
			"from": [13.25, 1, 7.5],
			"to": [13.75, 1.5, 8.5],
			"faces": {
				"north": {"uv": [11.5, 6.5, 11.75, 6.75], "texture": "#0"},
				"east": {"uv": [7, 9.5, 7.5, 9.75], "texture": "#0"},
				"south": {"uv": [7, 11.5, 7.25, 11.75], "texture": "#0"},
				"west": {"uv": [7.5, 9.5, 8, 9.75], "texture": "#0"},
				"up": {"uv": [8.25, 10, 8, 9.5], "texture": "#0"},
				"down": {"uv": [8.75, 9.5, 8.5, 10], "texture": "#0"}
			}
		},
		{
			"from": [13.75, 1, 7.75],
			"to": [15.5, 1.5, 8.25],
			"faces": {
				"north": {"uv": [7.5, 2, 8.375, 2.25], "texture": "#0"},
				"east": {"uv": [8, 10.5, 8.25, 10.75], "texture": "#0"},
				"south": {"uv": [2.5, 7.5, 3.375, 7.75], "texture": "#0"},
				"west": {"uv": [10.5, 8, 10.75, 8.25], "texture": "#0"},
				"up": {"uv": [4.375, 7.75, 3.5, 7.5], "texture": "#0"},
				"down": {"uv": [8.375, 3.5, 7.5, 3.75], "texture": "#0"}
			}
		},
		{
			"from": [10.25, 1, 7.25],
			"to": [11, 1.5, 7.5],
			"faces": {
				"north": {"uv": [6.5, 10, 6.875, 10.25], "texture": "#0"},
				"east": {"uv": [12.5, 1, 12.625, 1.25], "texture": "#0"},
				"south": {"uv": [10, 6.5, 10.375, 6.75], "texture": "#0"},
				"west": {"uv": [1.5, 12.5, 1.625, 12.75], "texture": "#0"},
				"up": {"uv": [1.375, 12.125, 1, 12], "texture": "#0"},
				"down": {"uv": [12.375, 1, 12, 1.125], "texture": "#0"}
			}
		},
		{
			"from": [12, 1, 7.25],
			"to": [12.75, 1.5, 7.5],
			"faces": {
				"north": {"uv": [7.5, 10, 7.875, 10.25], "texture": "#0"},
				"east": {"uv": [12.5, 2, 12.625, 2.25], "texture": "#0"},
				"south": {"uv": [10, 7.5, 10.375, 7.75], "texture": "#0"},
				"west": {"uv": [2.5, 12.5, 2.625, 12.75], "texture": "#0"},
				"up": {"uv": [2.375, 12.125, 2, 12], "texture": "#0"},
				"down": {"uv": [12.375, 2, 12, 2.125], "texture": "#0"}
			}
		},
		{
			"from": [10.25, 1, 8.5],
			"to": [11, 1.5, 8.75],
			"faces": {
				"north": {"uv": [7, 10, 7.375, 10.25], "texture": "#0"},
				"east": {"uv": [12.5, 1.5, 12.625, 1.75], "texture": "#0"},
				"south": {"uv": [10, 7, 10.375, 7.25], "texture": "#0"},
				"west": {"uv": [2, 12.5, 2.125, 12.75], "texture": "#0"},
				"up": {"uv": [1.875, 12.125, 1.5, 12], "texture": "#0"},
				"down": {"uv": [12.375, 1.5, 12, 1.625], "texture": "#0"}
			}
		},
		{
			"from": [12, 1, 8.5],
			"to": [12.75, 1.5, 8.75],
			"faces": {
				"north": {"uv": [8, 10, 8.375, 10.25], "texture": "#0"},
				"east": {"uv": [12.5, 2.5, 12.625, 2.75], "texture": "#0"},
				"south": {"uv": [10, 8, 10.375, 8.25], "texture": "#0"},
				"west": {"uv": [3, 12.5, 3.125, 12.75], "texture": "#0"},
				"up": {"uv": [2.875, 12.125, 2.5, 12], "texture": "#0"},
				"down": {"uv": [12.375, 2.5, 12, 2.625], "texture": "#0"}
			}
		},
		{
			"from": [12.5, 1, 8.25],
			"to": [12.75, 1.5, 8.5],
			"faces": {
				"north": {"uv": [12.5, 3, 12.625, 3.25], "texture": "#0"},
				"east": {"uv": [3.5, 12.5, 3.625, 12.75], "texture": "#0"},
				"south": {"uv": [12.5, 3.5, 12.625, 3.75], "texture": "#0"},
				"west": {"uv": [4, 12.5, 4.125, 12.75], "texture": "#0"},
				"up": {"uv": [5.125, 13.125, 5, 13], "texture": "#0"},
				"down": {"uv": [13.125, 5, 13, 5.125], "texture": "#0"}
			}
		},
		{
			"from": [12.5, 1, 7.5],
			"to": [12.75, 1.5, 7.75],
			"faces": {
				"north": {"uv": [12.5, 4, 12.625, 4.25], "texture": "#0"},
				"east": {"uv": [4.5, 12.5, 4.625, 12.75], "texture": "#0"},
				"south": {"uv": [12.5, 4.5, 12.625, 4.75], "texture": "#0"},
				"west": {"uv": [5, 12.5, 5.125, 12.75], "texture": "#0"},
				"up": {"uv": [5.625, 13.125, 5.5, 13], "texture": "#0"},
				"down": {"uv": [13.125, 5.5, 13, 5.625], "texture": "#0"}
			}
		},
		{
			"from": [10.25, 1, 8.25],
			"to": [10.5, 1.5, 8.5],
			"faces": {
				"north": {"uv": [12.5, 5, 12.625, 5.25], "texture": "#0"},
				"east": {"uv": [5.5, 12.5, 5.625, 12.75], "texture": "#0"},
				"south": {"uv": [12.5, 5.5, 12.625, 5.75], "texture": "#0"},
				"west": {"uv": [6, 12.5, 6.125, 12.75], "texture": "#0"},
				"up": {"uv": [6.125, 13.125, 6, 13], "texture": "#0"},
				"down": {"uv": [13.125, 6, 13, 6.125], "texture": "#0"}
			}
		},
		{
			"from": [10.25, 1, 7.5],
			"to": [10.5, 1.5, 7.75],
			"faces": {
				"north": {"uv": [12.5, 6, 12.625, 6.25], "texture": "#0"},
				"east": {"uv": [6.5, 12.5, 6.625, 12.75], "texture": "#0"},
				"south": {"uv": [12.5, 6.5, 12.625, 6.75], "texture": "#0"},
				"west": {"uv": [7, 12.5, 7.125, 12.75], "texture": "#0"},
				"up": {"uv": [6.625, 13.125, 6.5, 13], "texture": "#0"},
				"down": {"uv": [13.125, 6.5, 13, 6.625], "texture": "#0"}
			}
		},
		{
			"from": [9.5, 1, 6.5],
			"to": [12.75, 1.5, 7.25],
			"faces": {
				"north": {"uv": [3.5, 5, 5.125, 5.25], "texture": "#0"},
				"east": {"uv": [2, 10, 2.375, 10.25], "texture": "#0"},
				"south": {"uv": [5, 3.5, 6.625, 3.75], "texture": "#0"},
				"west": {"uv": [10, 2, 10.375, 2.25], "texture": "#0"},
				"up": {"uv": [1.625, 2.375, 0, 2], "texture": "#0"},
				"down": {"uv": [3.625, 0, 2, 0.375], "texture": "#0"}
			}
		},
		{
			"from": [11.25, 0.85, 6.25],
			"to": [12.5, 1.35, 6.5],
			"faces": {
				"north": {"uv": [0.5, 8.5, 1.125, 8.75], "texture": "#0"},
				"east": {"uv": [10.5, 12, 10.625, 12.25], "texture": "#0"},
				"south": {"uv": [8.5, 0.5, 9.125, 0.75], "texture": "#0"},
				"west": {"uv": [12, 10.5, 12.125, 10.75], "texture": "#0"},
				"up": {"uv": [11.125, 3.125, 10.5, 3], "texture": "#0"},
				"down": {"uv": [11.125, 3.5, 10.5, 3.625], "texture": "#0"}
			}
		},
		{
			"from": [9.5, 0.85, 9.5],
			"to": [10.75, 1.35, 9.75],
			"faces": {
				"north": {"uv": [8.5, 5, 9.125, 5.25], "texture": "#0"},
				"east": {"uv": [0.5, 13, 0.625, 13.25], "texture": "#0"},
				"south": {"uv": [5.5, 8.5, 6.125, 8.75], "texture": "#0"},
				"west": {"uv": [13, 0.5, 13.125, 0.75], "texture": "#0"},
				"up": {"uv": [11.125, 6.625, 10.5, 6.5], "texture": "#0"},
				"down": {"uv": [7.625, 10.5, 7, 10.625], "texture": "#0"}
			}
		},
		{
			"from": [9.5, 0.85, 6.25],
			"to": [10.75, 1.35, 6.5],
			"faces": {
				"north": {"uv": [4.5, 8.5, 5.125, 8.75], "texture": "#0"},
				"east": {"uv": [0, 13, 0.125, 13.25], "texture": "#0"},
				"south": {"uv": [8.5, 4.5, 9.125, 4.75], "texture": "#0"},
				"west": {"uv": [13, 0, 13.125, 0.25], "texture": "#0"},
				"up": {"uv": [6.625, 10.625, 6, 10.5], "texture": "#0"},
				"down": {"uv": [11.125, 6, 10.5, 6.125], "texture": "#0"}
			}
		},
		{
			"from": [11.25, 0.85, 9.5],
			"to": [12.5, 1.35, 9.75],
			"faces": {
				"north": {"uv": [1.5, 8.5, 2.125, 8.75], "texture": "#0"},
				"east": {"uv": [11, 12, 11.125, 12.25], "texture": "#0"},
				"south": {"uv": [8.5, 2, 9.125, 2.25], "texture": "#0"},
				"west": {"uv": [12, 11, 12.125, 11.25], "texture": "#0"},
				"up": {"uv": [4.625, 10.625, 4, 10.5], "texture": "#0"},
				"down": {"uv": [11.125, 4, 10.5, 4.125], "texture": "#0"}
			}
		},
		{
			"from": [9.5, 1, 8.75],
			"to": [12.75, 1.5, 9.5],
			"faces": {
				"north": {"uv": [5, 4, 6.625, 4.25], "texture": "#0"},
				"east": {"uv": [2.5, 10, 2.875, 10.25], "texture": "#0"},
				"south": {"uv": [0, 5.5, 1.625, 5.75], "texture": "#0"},
				"west": {"uv": [10, 2.5, 10.375, 2.75], "texture": "#0"},
				"up": {"uv": [3.625, 0.875, 2, 0.5], "texture": "#0"},
				"down": {"uv": [3.625, 1, 2, 1.375], "texture": "#0"}
			}
		},
		{
			"from": [11.5, 0.75, 9.75],
			"to": [12.25, 1.25, 10.5],
			"faces": {
				"north": {"uv": [3, 10, 3.375, 10.25], "texture": "#0"},
				"east": {"uv": [10, 3, 10.375, 3.25], "texture": "#0"},
				"south": {"uv": [3.5, 10, 3.875, 10.25], "texture": "#0"},
				"west": {"uv": [10, 3.5, 10.375, 3.75], "texture": "#0"},
				"up": {"uv": [8.875, 6.375, 8.5, 6], "texture": "#0"},
				"down": {"uv": [6.875, 8.5, 6.5, 8.875], "texture": "#0"}
			}
		},
		{
			"from": [11.5, 0.75, 5.5],
			"to": [12.25, 1.25, 6.25],
			"faces": {
				"north": {"uv": [4.5, 10, 4.875, 10.25], "texture": "#0"},
				"east": {"uv": [10, 4.5, 10.375, 4.75], "texture": "#0"},
				"south": {"uv": [5, 10, 5.375, 10.25], "texture": "#0"},
				"west": {"uv": [10, 5, 10.375, 5.25], "texture": "#0"},
				"up": {"uv": [8.875, 6.875, 8.5, 6.5], "texture": "#0"},
				"down": {"uv": [7.375, 8.5, 7, 8.875], "texture": "#0"}
			}
		},
		{
			"from": [11, 0.75, 10.25],
			"to": [11.25, 1.25, 10.5],
			"faces": {
				"north": {"uv": [12.5, 11.5, 12.625, 11.75], "texture": "#0"},
				"east": {"uv": [12, 12.5, 12.125, 12.75], "texture": "#0"},
				"south": {"uv": [12.5, 12, 12.625, 12.25], "texture": "#0"},
				"west": {"uv": [12.5, 12.5, 12.625, 12.75], "texture": "#0"},
				"up": {"uv": [8.625, 13.125, 8.5, 13], "texture": "#0"},
				"down": {"uv": [13.125, 8.5, 13, 8.625], "texture": "#0"}
			}
		},
		{
			"from": [11, 0.75, 5.5],
			"to": [11.25, 1.25, 5.75],
			"faces": {
				"north": {"uv": [11.5, 7.5, 11.75, 7.75], "texture": "#0"},
				"east": {"uv": [12.5, 10.5, 12.625, 10.75], "texture": "#0"},
				"south": {"uv": [8, 11.5, 8.25, 11.75], "texture": "#0"},
				"west": {"uv": [11, 12.5, 11.125, 12.75], "texture": "#0"},
				"up": {"uv": [12.75, 11.125, 12.5, 11], "texture": "#0"},
				"down": {"uv": [11.75, 12.5, 11.5, 12.625], "texture": "#0"}
			}
		},
		{
			"from": [10, 0.75, 9.75],
			"to": [11, 1.25, 10.5],
			"faces": {
				"north": {"uv": [9.5, 9, 10, 9.25], "texture": "#0"},
				"east": {"uv": [10.5, 0, 10.875, 0.25], "texture": "#0"},
				"south": {"uv": [9.5, 9.5, 10, 9.75], "texture": "#0"},
				"west": {"uv": [0.5, 10.5, 0.875, 10.75], "texture": "#0"},
				"up": {"uv": [0.5, 8.875, 0, 8.5], "texture": "#0"},
				"down": {"uv": [9, 0, 8.5, 0.375], "texture": "#0"}
			}
		},
		{
			"from": [10, 0.75, 5.5],
			"to": [11, 1.25, 6.25],
			"faces": {
				"north": {"uv": [9.5, 8.5, 10, 8.75], "texture": "#0"},
				"east": {"uv": [10, 10, 10.375, 10.25], "texture": "#0"},
				"south": {"uv": [9, 9.5, 9.5, 9.75], "texture": "#0"},
				"west": {"uv": [0, 10.5, 0.375, 10.75], "texture": "#0"},
				"up": {"uv": [8, 8.375, 7.5, 8], "texture": "#0"},
				"down": {"uv": [8.5, 8, 8, 8.375], "texture": "#0"}
			}
		},
		{
			"from": [10.5, 0.65, 4.75],
			"to": [12.75, 1.15, 5.5],
			"faces": {
				"north": {"uv": [6, 2, 7.125, 2.25], "texture": "#0"},
				"east": {"uv": [5.5, 10, 5.875, 10.25], "texture": "#0"},
				"south": {"uv": [2.5, 6, 3.625, 6.25], "texture": "#0"},
				"west": {"uv": [10, 5.5, 10.375, 5.75], "texture": "#0"},
				"up": {"uv": [6.125, 1.375, 5, 1], "texture": "#0"},
				"down": {"uv": [3.125, 5, 2, 5.375], "texture": "#0"}
			}
		},
		{
			"from": [10.75, 0.5, 4.5],
			"to": [13, 1, 5],
			"faces": {
				"north": {"uv": [5.5, 6, 6.625, 6.25], "texture": "#0"},
				"east": {"uv": [11.5, 5, 11.75, 5.25], "texture": "#0"},
				"south": {"uv": [1, 6.5, 2.125, 6.75], "texture": "#0"},
				"west": {"uv": [5.5, 11.5, 5.75, 11.75], "texture": "#0"},
				"up": {"uv": [7.625, 1.25, 6.5, 1], "texture": "#0"},
				"down": {"uv": [3.625, 6.5, 2.5, 6.75], "texture": "#0"}
			}
		},
		{
			"from": [11.25, 0.5, 4.25],
			"to": [13.5, 1, 4.5],
			"faces": {
				"north": {"uv": [6.5, 5.5, 7.625, 5.75], "texture": "#0"},
				"east": {"uv": [12.5, 7, 12.625, 7.25], "texture": "#0"},
				"south": {"uv": [0, 7, 1.125, 7.25], "texture": "#0"},
				"west": {"uv": [7.5, 12.5, 7.625, 12.75], "texture": "#0"},
				"up": {"uv": [9.625, 7.125, 8.5, 7], "texture": "#0"},
				"down": {"uv": [8.625, 8.5, 7.5, 8.625], "texture": "#0"}
			}
		},
		{
			"from": [11.25, 0.5, 11.5],
			"to": [13.5, 1, 11.75],
			"faces": {
				"north": {"uv": [7, 0, 8.125, 0.25], "texture": "#0"},
				"east": {"uv": [12.5, 7.5, 12.625, 7.75], "texture": "#0"},
				"south": {"uv": [7, 0.5, 8.125, 0.75], "texture": "#0"},
				"west": {"uv": [8, 12.5, 8.125, 12.75], "texture": "#0"},
				"up": {"uv": [9.625, 7.625, 8.5, 7.5], "texture": "#0"},
				"down": {"uv": [9.625, 8, 8.5, 8.125], "texture": "#0"}
			}
		},
		{
			"from": [10.75, 0.5, 11],
			"to": [13, 1, 11.5],
			"faces": {
				"north": {"uv": [6.5, 2.5, 7.625, 2.75], "texture": "#0"},
				"east": {"uv": [11.5, 5.5, 11.75, 5.75], "texture": "#0"},
				"south": {"uv": [6.5, 3, 7.625, 3.25], "texture": "#0"},
				"west": {"uv": [6, 11.5, 6.25, 11.75], "texture": "#0"},
				"up": {"uv": [5.125, 6.75, 4, 6.5], "texture": "#0"},
				"down": {"uv": [6.625, 6.5, 5.5, 6.75], "texture": "#0"}
			}
		},
		{
			"from": [10.5, 0.65, 10.5],
			"to": [12.75, 1.15, 11.25],
			"faces": {
				"north": {"uv": [4, 6, 5.125, 6.25], "texture": "#0"},
				"east": {"uv": [6, 10, 6.375, 10.25], "texture": "#0"},
				"south": {"uv": [6, 4.5, 7.125, 4.75], "texture": "#0"},
				"west": {"uv": [10, 6, 10.375, 6.25], "texture": "#0"},
				"up": {"uv": [6.125, 2.875, 5, 2.5], "texture": "#0"},
				"down": {"uv": [6.125, 3, 5, 3.375], "texture": "#0"}
			}
		},
		{
			"from": [7.5, 1, 7.75],
			"to": [8.25, 1.35, 8.25],
			"faces": {
				"north": {"uv": [10.5, 7, 10.875, 7.1875], "texture": "#0"},
				"east": {"uv": [11.5, 8.5, 11.75, 8.6875], "texture": "#0"},
				"south": {"uv": [10.5, 7.5, 10.875, 7.6875], "texture": "#0"},
				"west": {"uv": [9, 11.5, 9.25, 11.6875], "texture": "#0"},
				"up": {"uv": [0.875, 10.25, 0.5, 10], "texture": "#0"},
				"down": {"uv": [10.375, 0.5, 10, 0.75], "texture": "#0"}
			}
		}
	],
	"display": {
		"thirdperson_righthand": {
			"rotation": [-21, -90, 0],
			"translation": [0, 3.5, -3],
			"scale": [0.60742, 0.60742, 0.60742]
		},
		"thirdperson_lefthand": {
			"rotation": [-21, 90, 0],
			"translation": [0, 3.5, -3],
			"scale": [0.60742, 0.60742, 0.60742]
		},
		"firstperson_righthand": {
			"rotation": [0, -4, 71],
			"translation": [-1.25, 4, -3]
		},
		"firstperson_lefthand": {
			"rotation": [-7, -180, -62],
			"translation": [-2.5, 6.5, 1.25],
			"scale": [0.74414, 0.74414, 0.74414]
		},
		"ground": {
			"translation": [-1, 6.25, 0],
			"scale": [1, 1, 0.89648]
		},
		"gui": {
			"rotation": [-2, 138, 69],
			"translation": [7, 2.25, 0],
			"scale": [1.18555, 1.18555, 1.18555]
		},
		"head": {
			"rotation": [0, -27, 61],
			"translation": [-14, 7.25, -9.25],
			"scale": [1.14453, 1.14453, 1.14453]
		},
		"fixed": {
			"rotation": [-104, -90, -32],
			"translation": [0, 1.75, -20.25],
			"scale": [2.1543, 2.1543, 1.97266]
		}
	}
}