{
	"texture_size": [32, 32],
	"textures": {
		"0": "block/pierro",
		"particle": "block/pierro"
	},
	"elements": [
		{
			"from": [1.75, 0.25, 3.25],
			"to": [7.75, 1, 4],
			"faces": {
				"north": {"uv": [7, 6, 10, 6.375], "texture": "#0"},
				"east": {"uv": [12, 12, 12.375, 12.375], "texture": "#0"},
				"south": {"uv": [7, 6.5, 10, 6.875], "texture": "#0"},
				"west": {"uv": [0, 12.5, 0.375, 12.875], "texture": "#0"},
				"up": {"uv": [10, 7.375, 7, 7], "texture": "#0"},
				"down": {"uv": [3, 7.5, 0, 7.875], "texture": "#0"}
			}
		},
		{
			"from": [4, 0, 2.5],
			"to": [8.75, 0.75, 3.25],
			"faces": {
				"north": {"uv": [6, 9.5, 8.375, 9.875], "texture": "#0"},
				"east": {"uv": [12.5, 0, 12.875, 0.375], "texture": "#0"},
				"south": {"uv": [8.5, 9.5, 10.875, 9.875], "texture": "#0"},
				"west": {"uv": [0.5, 12.5, 0.875, 12.875], "texture": "#0"},
				"up": {"uv": [2.375, 10.375, 0, 10], "texture": "#0"},
				"down": {"uv": [12.375, 0, 10, 0.375], "texture": "#0"}
			}
		},
		{
			"from": [5.25, -0.25, 1.75],
			"to": [9.75, 0.5, 2.5],
			"faces": {
				"north": {"uv": [10, 7, 12.25, 7.375], "texture": "#0"},
				"east": {"uv": [1, 12.5, 1.375, 12.875], "texture": "#0"},
				"south": {"uv": [7.5, 10, 9.75, 10.375], "texture": "#0"},
				"west": {"uv": [1.5, 12.5, 1.875, 12.875], "texture": "#0"},
				"up": {"uv": [12.25, 10.375, 10, 10], "texture": "#0"},
				"down": {"uv": [2.25, 10.5, 0, 10.875], "texture": "#0"}
			}
		},
		{
			"from": [5.75, -0.5, 1],
			"to": [11.5, 0.25, 1.75],
			"faces": {
				"north": {"uv": [9, 3, 11.875, 3.375], "texture": "#0"},
				"east": {"uv": [2, 12.5, 2.375, 12.875], "texture": "#0"},
				"south": {"uv": [9, 3.5, 11.875, 3.875], "texture": "#0"},
				"west": {"uv": [2.5, 12.5, 2.875, 12.875], "texture": "#0"},
				"up": {"uv": [11.875, 5.375, 9, 5], "texture": "#0"},
				"down": {"uv": [8.875, 9, 6, 9.375], "texture": "#0"}
			}
		},
		{
			"from": [8, -0.75, 0.5],
			"to": [12.75, 0, 1],
			"faces": {
				"north": {"uv": [2.5, 10, 4.875, 10.375], "texture": "#0"},
				"east": {"uv": [10.5, 12.5, 10.75, 12.875], "texture": "#0"},
				"south": {"uv": [5, 10, 7.375, 10.375], "texture": "#0"},
				"west": {"uv": [11, 12.5, 11.25, 12.875], "texture": "#0"},
				"up": {"uv": [4.375, 11.75, 2, 11.5], "texture": "#0"},
				"down": {"uv": [13.875, 2, 11.5, 2.25], "texture": "#0"}
			}
		},
		{
			"from": [1, 0.5, 4],
			"to": [7, 1.25, 5],
			"faces": {
				"north": {"uv": [3, 7.5, 6, 7.875], "texture": "#0"},
				"east": {"uv": [6, 12, 6.5, 12.375], "texture": "#0"},
				"south": {"uv": [6, 7.5, 9, 7.875], "texture": "#0"},
				"west": {"uv": [6.5, 12, 7, 12.375], "texture": "#0"},
				"up": {"uv": [8.5, 1, 5.5, 0.5], "texture": "#0"},
				"down": {"uv": [8.5, 1, 5.5, 1.5], "texture": "#0"}
			}
		},
		{
			"from": [0.5, 0.75, 5],
			"to": [6.5, 1.5, 6],
			"faces": {
				"north": {"uv": [0, 8, 3, 8.375], "texture": "#0"},
				"east": {"uv": [7, 12, 7.5, 12.375], "texture": "#0"},
				"south": {"uv": [3, 8, 6, 8.375], "texture": "#0"},
				"west": {"uv": [7.5, 12, 8, 12.375], "texture": "#0"},
				"up": {"uv": [8.5, 2, 5.5, 1.5], "texture": "#0"},
				"down": {"uv": [8.5, 2, 5.5, 2.5], "texture": "#0"}
			}
		},
		{
			"from": [8.75, 0.75, 5],
			"to": [13.25, 1.5, 6.25],
			"faces": {
				"north": {"uv": [0, 7, 3.125, 7.375], "texture": "#0"},
				"east": {"uv": [7.5, 11.5, 8.125, 11.875], "texture": "#0"},
				"south": {"uv": [3.5, 7, 6.625, 7.375], "texture": "#0"},
				"west": {"uv": [8.5, 11.5, 9.125, 11.875], "texture": "#0"},
				"up": {"uv": [5.125, 2.625, 2, 2], "texture": "#0"},
				"down": {"uv": [5.125, 3, 2, 3.625], "texture": "#0"}
			}
		},
		{
			"from": [8.5, 0.75, 5.75],
			"to": [8.75, 1.5, 6.25],
			"faces": {
				"north": {"uv": [9, 13, 9.125, 13.375], "texture": "#0"},
				"east": {"uv": [13, 2.5, 13.25, 2.875], "texture": "#0"},
				"south": {"uv": [9.5, 13, 9.625, 13.375], "texture": "#0"},
				"west": {"uv": [3, 13, 3.25, 13.375], "texture": "#0"},
				"up": {"uv": [11.125, 13.25, 11, 13], "texture": "#0"},
				"down": {"uv": [11.625, 13, 11.5, 13.25], "texture": "#0"}
			}
		},
		{
			"from": [9.25, 0.5, 4.5],
			"to": [9.5, 1.25, 5],
			"faces": {
				"north": {"uv": [13, 9.5, 13.125, 9.875], "texture": "#0"},
				"east": {"uv": [3.5, 13, 3.75, 13.375], "texture": "#0"},
				"south": {"uv": [10, 13, 10.125, 13.375], "texture": "#0"},
				"west": {"uv": [4, 13, 4.25, 13.375], "texture": "#0"},
				"up": {"uv": [13.125, 11.75, 13, 11.5], "texture": "#0"},
				"down": {"uv": [12.125, 13, 12, 13.25], "texture": "#0"}
			}
		},
		{
			"from": [10, 0.25, 3.25],
			"to": [10.25, 1, 3.75],
			"faces": {
				"north": {"uv": [13, 10, 13.125, 10.375], "texture": "#0"},
				"east": {"uv": [6.5, 13, 6.75, 13.375], "texture": "#0"},
				"south": {"uv": [10.5, 13, 10.625, 13.375], "texture": "#0"},
				"west": {"uv": [7, 13, 7.25, 13.375], "texture": "#0"},
				"up": {"uv": [13.125, 12.25, 13, 12], "texture": "#0"},
				"down": {"uv": [12.625, 13, 12.5, 13.25], "texture": "#0"}
			}
		},
		{
			"from": [9.5, 0.5, 3.75],
			"to": [13.75, 1.25, 5],
			"faces": {
				"north": {"uv": [8.5, 1, 11.5, 1.375], "texture": "#0"},
				"east": {"uv": [9.5, 11.5, 10.125, 11.875], "texture": "#0"},
				"south": {"uv": [8.5, 1.5, 11.5, 1.875], "texture": "#0"},
				"west": {"uv": [10.5, 11.5, 11.125, 11.875], "texture": "#0"},
				"up": {"uv": [3, 4.625, 0, 4], "texture": "#0"},
				"down": {"uv": [6, 4, 3, 4.625], "texture": "#0"}
			}
		},
		{
			"from": [10.25, 0.25, 2.5],
			"to": [14.25, 1, 3.75],
			"faces": {
				"north": {"uv": [0, 6.5, 3.25, 6.875], "texture": "#0"},
				"east": {"uv": [11.5, 11.5, 12.125, 11.875], "texture": "#0"},
				"south": {"uv": [3.5, 6.5, 6.75, 6.875], "texture": "#0"},
				"west": {"uv": [0, 12, 0.625, 12.375], "texture": "#0"},
				"up": {"uv": [5.25, 0.625, 2, 0], "texture": "#0"},
				"down": {"uv": [5.25, 1, 2, 1.625], "texture": "#0"}
			}
		},
		{
			"from": [11.75, -0.25, 1.75],
			"to": [16.75, 0.5, 2.5],
			"faces": {
				"north": {"uv": [0, 6, 3.375, 6.375], "texture": "#0"},
				"east": {"uv": [4, 12.5, 4.375, 12.875], "texture": "#0"},
				"south": {"uv": [3.5, 6, 6.875, 6.375], "texture": "#0"},
				"west": {"uv": [12.5, 4, 12.875, 4.375], "texture": "#0"},
				"up": {"uv": [9.375, 4.375, 6, 4], "texture": "#0"},
				"down": {"uv": [9.375, 4.5, 6, 4.875], "texture": "#0"}
			}
		},
		{
			"from": [10.75, -0.25, 2],
			"to": [11.75, 0.5, 2.5],
			"faces": {
				"north": {"uv": [8, 12, 8.5, 12.375], "texture": "#0"},
				"east": {"uv": [13, 4, 13.25, 4.375], "texture": "#0"},
				"south": {"uv": [8.5, 12, 9, 12.375], "texture": "#0"},
				"west": {"uv": [4.5, 13, 4.75, 13.375], "texture": "#0"},
				"up": {"uv": [10, 12.75, 9.5, 12.5], "texture": "#0"},
				"down": {"uv": [13, 9.5, 12.5, 9.75], "texture": "#0"}
			}
		},
		{
			"from": [9.75, -0.25, 1.75],
			"to": [10.25, 0.5, 2.25],
			"faces": {
				"north": {"uv": [13, 4.5, 13.25, 4.875], "texture": "#0"},
				"east": {"uv": [5, 13, 5.25, 13.375], "texture": "#0"},
				"south": {"uv": [5.5, 13, 5.75, 13.375], "texture": "#0"},
				"west": {"uv": [6, 13, 6.25, 13.375], "texture": "#0"},
				"up": {"uv": [13.25, 7.25, 13, 7], "texture": "#0"},
				"down": {"uv": [7.75, 13, 7.5, 13.25], "texture": "#0"}
			}
		},
		{
			"from": [12.25, -0.5, 1.25],
			"to": [18.75, 0.25, 1.75],
			"faces": {
				"north": {"uv": [0, 5.5, 4.125, 5.875], "texture": "#0"},
				"east": {"uv": [12, 12.5, 12.25, 12.875], "texture": "#0"},
				"south": {"uv": [5.5, 0, 9.625, 0.375], "texture": "#0"},
				"west": {"uv": [12.5, 12, 12.75, 12.375], "texture": "#0"},
				"up": {"uv": [13.125, 8.75, 9, 8.5], "texture": "#0"},
				"down": {"uv": [13.125, 9, 9, 9.25], "texture": "#0"}
			}
		},
		{
			"from": [14, -0.75, 0.75],
			"to": [20.75, 0, 1.25],
			"faces": {
				"north": {"uv": [0, 5, 4.25, 5.375], "texture": "#0"},
				"east": {"uv": [12.5, 12.5, 12.75, 12.875], "texture": "#0"},
				"south": {"uv": [4.5, 5, 8.75, 5.375], "texture": "#0"},
				"west": {"uv": [0, 13, 0.25, 13.375], "texture": "#0"},
				"up": {"uv": [13.25, 7.75, 9, 7.5], "texture": "#0"},
				"down": {"uv": [13.25, 8, 9, 8.25], "texture": "#0"}
			}
		},
		{
			"from": [8.25, 0.75, 6.25],
			"to": [12.5, 1.5, 7],
			"faces": {
				"north": {"uv": [8, 5.5, 11, 5.875], "texture": "#0"},
				"east": {"uv": [3, 12.5, 3.375, 12.875], "texture": "#0"},
				"south": {"uv": [6, 8, 9, 8.375], "texture": "#0"},
				"west": {"uv": [3.5, 12.5, 3.875, 12.875], "texture": "#0"},
				"up": {"uv": [3, 8.875, 0, 8.5], "texture": "#0"},
				"down": {"uv": [11.5, 0.5, 8.5, 0.875], "texture": "#0"}
			}
		},
		{
			"from": [12.5, 0.5, 6.25],
			"to": [13.75, 1.25, 7],
			"faces": {
				"north": {"uv": [1, 12, 1.625, 12.375], "texture": "#0"},
				"east": {"uv": [5, 12.5, 5.375, 12.875], "texture": "#0"},
				"south": {"uv": [2, 12, 2.625, 12.375], "texture": "#0"},
				"west": {"uv": [5.5, 12.5, 5.875, 12.875], "texture": "#0"},
				"up": {"uv": [12.625, 2.875, 12, 2.5], "texture": "#0"},
				"down": {"uv": [3.625, 12, 3, 12.375], "texture": "#0"}
			}
		},
		{
			"from": [13.75, 0.5, 6],
			"to": [14.5, 1.25, 6.5],
			"faces": {
				"north": {"uv": [6, 12.5, 6.375, 12.875], "texture": "#0"},
				"east": {"uv": [13, 0, 13.25, 0.375], "texture": "#0"},
				"south": {"uv": [6.5, 12.5, 6.875, 12.875], "texture": "#0"},
				"west": {"uv": [0.5, 13, 0.75, 13.375], "texture": "#0"},
				"up": {"uv": [1.375, 13.25, 1, 13], "texture": "#0"},
				"down": {"uv": [1.875, 13, 1.5, 13.25], "texture": "#0"}
			}
		},
		{
			"from": [9.25, 0.5, 7.5],
			"to": [13.5, 1.25, 8.25],
			"faces": {
				"north": {"uv": [8.5, 2, 11.5, 2.375], "texture": "#0"},
				"east": {"uv": [4.5, 12.5, 4.875, 12.875], "texture": "#0"},
				"south": {"uv": [3, 8.5, 6, 8.875], "texture": "#0"},
				"west": {"uv": [12.5, 4.5, 12.875, 4.875], "texture": "#0"},
				"up": {"uv": [9, 8.875, 6, 8.5], "texture": "#0"},
				"down": {"uv": [3, 9, 0, 9.375], "texture": "#0"}
			}
		},
		{
			"from": [11.25, 0.25, 8.25],
			"to": [14.75, 1, 9],
			"faces": {
				"north": {"uv": [0, 9.5, 2.625, 9.875], "texture": "#0"},
				"east": {"uv": [7, 12.5, 7.375, 12.875], "texture": "#0"},
				"south": {"uv": [3, 9.5, 5.625, 9.875], "texture": "#0"},
				"west": {"uv": [12.5, 7, 12.875, 7.375], "texture": "#0"},
				"up": {"uv": [12.125, 4.375, 9.5, 4], "texture": "#0"},
				"down": {"uv": [12.125, 4.5, 9.5, 4.875], "texture": "#0"}
			}
		},
		{
			"from": [13, 0.25, 9],
			"to": [15.75, 1, 9.75],
			"faces": {
				"north": {"uv": [9.5, 10.5, 11.75, 10.875], "texture": "#0"},
				"east": {"uv": [7.5, 12.5, 7.875, 12.875], "texture": "#0"},
				"south": {"uv": [0, 11, 2.25, 11.375], "texture": "#0"},
				"west": {"uv": [8, 12.5, 8.375, 12.875], "texture": "#0"},
				"up": {"uv": [4.75, 11.375, 2.5, 11], "texture": "#0"},
				"down": {"uv": [7.25, 11, 5, 11.375], "texture": "#0"}
			}
		},
		{
			"from": [14.25, 0, 9.75],
			"to": [17, 0.75, 10.5],
			"faces": {
				"north": {"uv": [0, 11.5, 1.875, 11.875], "texture": "#0"},
				"east": {"uv": [8.5, 12.5, 8.875, 12.875], "texture": "#0"},
				"south": {"uv": [11.5, 0.5, 13.375, 0.875], "texture": "#0"},
				"west": {"uv": [9, 12.5, 9.375, 12.875], "texture": "#0"},
				"up": {"uv": [13.375, 1.375, 11.5, 1], "texture": "#0"},
				"down": {"uv": [13.375, 1.5, 11.5, 1.875], "texture": "#0"}
			}
		},
		{
			"from": [16.25, 0, 9.25],
			"to": [17.75, 0.75, 9.75],
			"faces": {
				"north": {"uv": [0, 11.5, 1.875, 11.875], "texture": "#0"},
				"east": {"uv": [8.5, 12.5, 8.875, 12.875], "texture": "#0"},
				"south": {"uv": [11.5, 0.5, 13.375, 0.875], "texture": "#0"},
				"west": {"uv": [9, 12.5, 9.375, 12.875], "texture": "#0"},
				"up": {"uv": [13.375, 1.375, 11.5, 1], "texture": "#0"},
				"down": {"uv": [13.375, 1.5, 11.5, 1.875], "texture": "#0"}
			}
		},
		{
			"from": [8.5, 0.5, 7],
			"to": [12.75, 1.25, 7.5],
			"faces": {
				"north": {"uv": [9, 2.5, 12, 2.875], "texture": "#0"},
				"east": {"uv": [2, 13, 2.25, 13.375], "texture": "#0"},
				"south": {"uv": [3, 9, 6, 9.375], "texture": "#0"},
				"west": {"uv": [2.5, 13, 2.75, 13.375], "texture": "#0"},
				"up": {"uv": [14, 5.75, 11, 5.5], "texture": "#0"},
				"down": {"uv": [10.5, 11, 7.5, 11.25], "texture": "#0"}
			}
		},
		{
			"from": [0, 0.75, 6],
			"to": [7, 1.5, 6.5],
			"faces": {
				"north": {"uv": [5.5, 2.5, 9, 2.875], "texture": "#0"},
				"east": {"uv": [10, 12.5, 10.25, 12.875], "texture": "#0"},
				"south": {"uv": [5.5, 3, 9, 3.375], "texture": "#0"},
				"west": {"uv": [12.5, 10, 12.75, 10.375], "texture": "#0"},
				"up": {"uv": [13.5, 6.25, 10, 6], "texture": "#0"},
				"down": {"uv": [13.5, 6.5, 10, 6.75], "texture": "#0"}
			}
		},
		{
			"from": [1.5, 0.75, 6.5],
			"to": [8.25, 1.5, 7],
			"faces": {
				"north": {"uv": [5.5, 3.5, 8.875, 3.875], "texture": "#0"},
				"east": {"uv": [11.5, 12.5, 11.75, 12.875], "texture": "#0"},
				"south": {"uv": [4.5, 5.5, 7.875, 5.875], "texture": "#0"},
				"west": {"uv": [12.5, 11.5, 12.75, 11.875], "texture": "#0"},
				"up": {"uv": [5.875, 10.75, 2.5, 10.5], "texture": "#0"},
				"down": {"uv": [9.375, 10.5, 6, 10.75], "texture": "#0"}
			}
		},
		{
			"from": [6.5, 0.5, 3.25],
			"to": [10, 0.75, 6.5],
			"faces": {
				"north": {"uv": [12, 3, 13.75, 3.125], "texture": "#0"},
				"east": {"uv": [4, 12, 5.625, 12.125], "texture": "#0"},
				"south": {"uv": [12, 3.5, 13.75, 3.625], "texture": "#0"},
				"west": {"uv": [12, 5, 13.625, 5.125], "texture": "#0"},
				"up": {"uv": [1.75, 1.625, 0, 0], "texture": "#0"},
				"down": {"uv": [1.75, 2, 0, 3.625], "texture": "#0"}
			}
		},
		{
			"from": [8.75, 0.25, 2.75],
			"to": [11.75, 0.5, 3.25],
			"faces": {
				"north": {"uv": [9, 12, 10.5, 12.125], "texture": "#0"},
				"east": {"uv": [13, 12.5, 13.25, 12.625], "texture": "#0"},
				"south": {"uv": [10.5, 12, 12, 12.125], "texture": "#0"},
				"west": {"uv": [13, 13, 13.25, 13.125], "texture": "#0"},
				"up": {"uv": [6, 11.75, 4.5, 11.5], "texture": "#0"},
				"down": {"uv": [7.5, 11.5, 6, 11.75], "texture": "#0"}
			}
		},
		{
			"from": [8.75, 0, 1.75],
			"to": [11.75, 0.25, 2.75],
			"faces": {
				"north": {"uv": [12, 10.5, 13.5, 10.625], "texture": "#0"},
				"east": {"uv": [8, 13, 8.5, 13.125], "texture": "#0"},
				"south": {"uv": [12, 11, 13.5, 11.125], "texture": "#0"},
				"west": {"uv": [8.5, 13, 9, 13.125], "texture": "#0"},
				"up": {"uv": [12.5, 10, 11, 9.5], "texture": "#0"},
				"down": {"uv": [12, 11, 10.5, 11.5], "texture": "#0"}
			}
		}
	],
	"display": {
		"thirdperson_righthand": {
			"rotation": [0, -119, 90],
			"translation": [-1, 0, -5.25],
			"scale": [0.56055, 0.56055, 0.56055]
		},
		"thirdperson_lefthand": {
			"rotation": [0, 53, -90],
			"translation": [2.25, 0, -2.5],
			"scale": [0.56055, 0.56055, 0.56055]
		},
		"firstperson_righthand": {
			"rotation": [-1, 18, 61],
			"translation": [2.25, 5.75, 1]
		},
		"firstperson_lefthand": {
			"rotation": [19, -155, -86],
			"translation": [-1.5, 4, 0],
			"scale": [0.78906, 0.78906, 0.79883]
		},
		"ground": {
			"rotation": [0, 0, 34],
			"translation": [-2.5, 7.75, 2.5]
		},
		"gui": {
			"rotation": [58, 121, 18],
			"translation": [4.75, 1, 0],
			"scale": [0.86914, 0.86914, 0.86914]
		},
		"head": {
			"rotation": [0, -90, 88],
			"translation": [-0.25, -1.5, -16.25],
			"scale": [1.1211, 1.1211, 1.1211]
		},
		"fixed": {
			"rotation": [0, -90, 83],
			"translation": [0, 1, -17],
			"scale": [1.62305, 1.62305, 1.62305]
		}
	}
}