{
	"texture_size": [64, 64],
	"textures": {
		"0": "block/pulcinella",
		"particle": "block/pulcinella"
	},
	"elements": [
		{
			"from": [7, 3.75, 7],
			"to": [14, 7.5, 13],
			"faces": {
				"north": {"uv": [5.5, 6, 7.25, 7], "texture": "#0"},
				"east": {"uv": [6.5, 4.75, 8, 5.75], "texture": "#0"},
				"south": {"uv": [6.5, 3.75, 8.25, 4.75], "texture": "#0"},
				"west": {"uv": [7, 1.5, 8.5, 2.5], "texture": "#0"},
				"up": {"uv": [7.5, 1.5, 5.75, 0], "texture": "#0"},
				"down": {"uv": [3, 6, 1.25, 7.5], "texture": "#0"}
			}
		},
		{
			"from": [7.25, 0, 6.5],
			"to": [13.75, 7.75, 13.75],
			"faces": {
				"north": {"uv": [0, 2.25, 1.75, 4.25], "texture": "#0"},
				"east": {"uv": [1.75, 2.25, 3.5, 4.25], "texture": "#0"},
				"south": {"uv": [3.5, 2.25, 5.25, 4.25], "texture": "#0"},
				"west": {"uv": [4, 0, 5.75, 2], "texture": "#0"},
				"up": {"uv": [1.75, 6, 0, 4.25], "texture": "#0"},
				"down": {"uv": [3.5, 4.25, 1.75, 6], "texture": "#0"}
			}
		},
		{
			"from": [7.25, 7.75, 7],
			"to": [13.75, 8, 13.75],
			"faces": {
				"north": {"uv": [8.25, 7.75, 10, 8], "texture": "#0"},
				"east": {"uv": [8.25, 8, 10, 8.25], "texture": "#0"},
				"south": {"uv": [8.25, 8.25, 10, 8.5], "texture": "#0"},
				"west": {"uv": [8.5, 0, 10.25, 0.25], "texture": "#0"},
				"up": {"uv": [5.25, 6, 3.5, 4.25], "texture": "#0"},
				"down": {"uv": [7, 2, 5.25, 3.75], "texture": "#0"}
			}
		},
		{
			"from": [8, 7.75, 9],
			"to": [13, 9, 13],
			"faces": {
				"north": {"uv": [9.25, 0.25, 10.5, 0.5], "texture": "#0"},
				"east": {"uv": [9.25, 0.75, 10.25, 1], "texture": "#0"},
				"south": {"uv": [9.25, 0.5, 10.5, 0.75], "texture": "#0"},
				"west": {"uv": [9.25, 1, 10.25, 1.25], "texture": "#0"},
				"up": {"uv": [6.75, 8, 5.5, 7], "texture": "#0"},
				"down": {"uv": [8, 7, 6.75, 8], "texture": "#0"}
			}
		},
		{
			"from": [9, 6.25, 7.5],
			"to": [12, 8.5, 9.5],
			"faces": {
				"north": {"uv": [1.25, 8.75, 2, 9.25], "texture": "#0"},
				"east": {"uv": [9.5, 2.5, 10, 3], "texture": "#0"},
				"south": {"uv": [4.25, 9, 5, 9.5], "texture": "#0"},
				"west": {"uv": [9.5, 3, 10, 3.5], "texture": "#0"},
				"up": {"uv": [5.75, 9.5, 5, 9], "texture": "#0"},
				"down": {"uv": [6.5, 9, 5.75, 9.5], "texture": "#0"}
			}
		},
		{
			"from": [9, 7.25, 10.75],
			"to": [12, 9.5, 13],
			"faces": {
				"north": {"uv": [8.5, 0.25, 9.25, 0.75], "texture": "#0"},
				"east": {"uv": [1.5, 9.25, 2, 9.75], "texture": "#0"},
				"south": {"uv": [8.5, 0.75, 9.25, 1.25], "texture": "#0"},
				"west": {"uv": [9.25, 1.5, 9.75, 2], "texture": "#0"},
				"up": {"uv": [9.25, 2, 8.5, 1.5], "texture": "#0"},
				"down": {"uv": [9.25, 2, 8.5, 2.5], "texture": "#0"}
			}
		},
		{
			"from": [8, 0, 13],
			"to": [13, 8.75, 14],
			"faces": {
				"north": {"uv": [5.25, 3.75, 6.5, 6], "texture": "#0"},
				"east": {"uv": [3.25, 7.5, 3.5, 9.75], "texture": "#0"},
				"south": {"uv": [0, 6, 1.25, 8.25], "texture": "#0"},
				"west": {"uv": [3.5, 7.5, 3.75, 9.75], "texture": "#0"},
				"up": {"uv": [5.25, 2.25, 4, 2], "texture": "#0"},
				"down": {"uv": [9.25, 9, 8, 9.25], "texture": "#0"}
			}
		},
		{
			"from": [8.5, 8.75, 13],
			"to": [12.5, 9.75, 14],
			"faces": {
				"north": {"uv": [9.25, 2, 10.25, 2.25], "texture": "#0"},
				"east": {"uv": [8, 10.75, 8.25, 11], "texture": "#0"},
				"south": {"uv": [9.25, 2.25, 10.25, 2.5], "texture": "#0"},
				"west": {"uv": [10.75, 8.25, 11, 8.5], "texture": "#0"},
				"up": {"uv": [10.25, 3.75, 9.25, 3.5], "texture": "#0"},
				"down": {"uv": [9, 9.25, 8, 9.5], "texture": "#0"}
			}
		},
		{
			"from": [8.5, 3.25, 13.25],
			"to": [12.5, 8.25, 14.25],
			"faces": {
				"north": {"uv": [7.5, 0, 8.5, 1.25], "texture": "#0"},
				"east": {"uv": [2, 8.75, 2.25, 10], "texture": "#0"},
				"south": {"uv": [1.25, 7.5, 2.25, 8.75], "texture": "#0"},
				"west": {"uv": [1.25, 9.25, 1.5, 10.5], "texture": "#0"},
				"up": {"uv": [5.25, 9.75, 4.25, 9.5], "texture": "#0"},
				"down": {"uv": [6.25, 9.5, 5.25, 9.75], "texture": "#0"}
			}
		},
		{
			"from": [8, 0, 6],
			"to": [13, 5.75, 7],
			"faces": {
				"north": {"uv": [3, 6, 4.25, 7.5], "texture": "#0"},
				"east": {"uv": [0.75, 8.25, 1, 9.75], "texture": "#0"},
				"south": {"uv": [4.25, 6, 5.5, 7.5], "texture": "#0"},
				"west": {"uv": [1, 8.25, 1.25, 9.75], "texture": "#0"},
				"up": {"uv": [10.25, 8.75, 9, 8.5], "texture": "#0"},
				"down": {"uv": [10.25, 8.75, 9, 9], "texture": "#0"}
			}
		},
		{
			"from": [8.5, 5.75, 6],
			"to": [12.5, 7.25, 7],
			"faces": {
				"north": {"uv": [5.75, 1.5, 6.75, 2], "texture": "#0"},
				"east": {"uv": [6.25, 9.5, 6.5, 10], "texture": "#0"},
				"south": {"uv": [4.25, 7.5, 5.25, 8], "texture": "#0"},
				"west": {"uv": [5.25, 10, 5.5, 10.5], "texture": "#0"},
				"up": {"uv": [10, 9.5, 9, 9.25], "texture": "#0"},
				"down": {"uv": [10.25, 9, 9.25, 9.25], "texture": "#0"}
			}
		},
		{
			"from": [13.25, 1, 5.25],
			"to": [14, 1.75, 5.75],
			"faces": {
				"north": {"uv": [1.5, 10.75, 1.75, 11], "texture": "#0"},
				"east": {"uv": [10.75, 1.5, 11, 1.75], "texture": "#0"},
				"south": {"uv": [1.75, 10.75, 2, 11], "texture": "#0"},
				"west": {"uv": [10.75, 1.75, 11, 2], "texture": "#0"},
				"up": {"uv": [2.25, 11, 2, 10.75], "texture": "#0"},
				"down": {"uv": [2.5, 10.75, 2.25, 11], "texture": "#0"}
			}
		},
		{
			"from": [7, 1, 5.25],
			"to": [7.75, 1.75, 5.75],
			"faces": {
				"north": {"uv": [6.5, 10.75, 6.75, 11], "texture": "#0"},
				"east": {"uv": [6.75, 10.75, 7, 11], "texture": "#0"},
				"south": {"uv": [10.75, 6.75, 11, 7], "texture": "#0"},
				"west": {"uv": [10.75, 7, 11, 7.25], "texture": "#0"},
				"up": {"uv": [7.5, 11, 7.25, 10.75], "texture": "#0"},
				"down": {"uv": [8, 10.75, 7.75, 11], "texture": "#0"}
			}
		},
		{
			"from": [12, 0, 5],
			"to": [14, 1, 5.5],
			"faces": {
				"north": {"uv": [0.75, 9.75, 1.25, 10], "texture": "#0"},
				"east": {"uv": [3.5, 10.75, 3.75, 11], "texture": "#0"},
				"south": {"uv": [1.5, 9.75, 2, 10], "texture": "#0"},
				"west": {"uv": [10.75, 3.5, 11, 3.75], "texture": "#0"},
				"up": {"uv": [1.25, 10.25, 0.75, 10], "texture": "#0"},
				"down": {"uv": [10.5, 3, 10, 3.25], "texture": "#0"}
			}
		},
		{
			"from": [7, 0, 5],
			"to": [9, 1, 5.5],
			"faces": {
				"north": {"uv": [10, 3.25, 10.5, 3.5], "texture": "#0"},
				"east": {"uv": [10.75, 4.5, 11, 4.75], "texture": "#0"},
				"south": {"uv": [3.75, 10, 4.25, 10.25], "texture": "#0"},
				"west": {"uv": [5, 10.75, 5.25, 11], "texture": "#0"},
				"up": {"uv": [4.75, 10.25, 4.25, 10], "texture": "#0"},
				"down": {"uv": [5.25, 10, 4.75, 10.25], "texture": "#0"}
			}
		},
		{
			"from": [14, 0.75, 5.5],
			"to": [14.5, 2, 14.75],
			"faces": {
				"north": {"uv": [3.75, 10.75, 4, 11], "texture": "#0"},
				"east": {"uv": [7, 3.5, 9.25, 3.75], "texture": "#0"},
				"south": {"uv": [10.75, 3.75, 11, 4], "texture": "#0"},
				"west": {"uv": [7.25, 6.75, 9.5, 7], "texture": "#0"},
				"up": {"uv": [4, 9.75, 3.75, 7.5], "texture": "#0"},
				"down": {"uv": [4.25, 7.5, 4, 9.75], "texture": "#0"}
			}
		},
		{
			"from": [6.5, 0, 5.5],
			"to": [7, 0.75, 13.75],
			"faces": {
				"north": {"uv": [0.75, 11, 1, 11.25], "texture": "#0"},
				"east": {"uv": [8.25, 7.25, 10.25, 7.5], "texture": "#0"},
				"south": {"uv": [11, 0.75, 11.25, 1], "texture": "#0"},
				"west": {"uv": [8.25, 7.5, 10.25, 7.75], "texture": "#0"},
				"up": {"uv": [0.5, 10.25, 0.25, 8.25], "texture": "#0"},
				"down": {"uv": [0.75, 8.25, 0.5, 10.25], "texture": "#0"}
			}
		},
		{
			"from": [14, 0, 5.5],
			"to": [14.5, 0.75, 13.75],
			"faces": {
				"north": {"uv": [0.5, 11, 0.75, 11.25], "texture": "#0"},
				"east": {"uv": [8.25, 4.5, 10.25, 4.75], "texture": "#0"},
				"south": {"uv": [11, 0.5, 11.25, 0.75], "texture": "#0"},
				"west": {"uv": [8.25, 7, 10.25, 7.25], "texture": "#0"},
				"up": {"uv": [8, 10, 7.75, 8], "texture": "#0"},
				"down": {"uv": [0.25, 8.25, 0, 10.25], "texture": "#0"}
			}
		},
		{
			"from": [6.5, 0.75, 5.5],
			"to": [7, 2, 14.75],
			"faces": {
				"north": {"uv": [8.5, 10.75, 8.75, 11], "texture": "#0"},
				"east": {"uv": [8, 4.75, 10.25, 5], "texture": "#0"},
				"south": {"uv": [10.75, 8.5, 11, 8.75], "texture": "#0"},
				"west": {"uv": [8, 5, 10.25, 5.25], "texture": "#0"},
				"up": {"uv": [6.75, 10.25, 6.5, 8], "texture": "#0"},
				"down": {"uv": [7, 8, 6.75, 10.25], "texture": "#0"}
			}
		},
		{
			"from": [7, 0.75, 14.5],
			"to": [9.5, 2, 14.75],
			"faces": {
				"north": {"uv": [6.5, 5.75, 7.25, 6], "texture": "#0"},
				"east": {"uv": [9.5, 10.75, 9.75, 11], "texture": "#0"},
				"south": {"uv": [9.5, 6.75, 10.25, 7], "texture": "#0"},
				"west": {"uv": [9.75, 10.75, 10, 11], "texture": "#0"},
				"up": {"uv": [8.75, 9.75, 8, 9.5], "texture": "#0"},
				"down": {"uv": [9.5, 9.5, 8.75, 9.75], "texture": "#0"}
			}
		},
		{
			"from": [11.5, 0.75, 14.5],
			"to": [14, 2, 14.75],
			"faces": {
				"north": {"uv": [9.5, 9.5, 10.25, 9.75], "texture": "#0"},
				"east": {"uv": [10, 10.75, 10.25, 11], "texture": "#0"},
				"south": {"uv": [9.75, 1.25, 10.5, 1.5], "texture": "#0"},
				"west": {"uv": [10.75, 10, 11, 10.25], "texture": "#0"},
				"up": {"uv": [10.5, 1.75, 9.75, 1.5], "texture": "#0"},
				"down": {"uv": [10.5, 1.75, 9.75, 2], "texture": "#0"}
			}
		},
		{
			"from": [7, -0.25, 13.75],
			"to": [9.5, 0.75, 14.5],
			"faces": {
				"north": {"uv": [2.25, 10, 3, 10.25], "texture": "#0"},
				"east": {"uv": [1.25, 11, 1.5, 11.25], "texture": "#0"},
				"south": {"uv": [10, 2.5, 10.75, 2.75], "texture": "#0"},
				"west": {"uv": [11, 1.25, 11.25, 1.5], "texture": "#0"},
				"up": {"uv": [10.75, 3, 10, 2.75], "texture": "#0"},
				"down": {"uv": [3.75, 10, 3, 10.25], "texture": "#0"}
			}
		},
		{
			"from": [11.5, -0.25, 13.75],
			"to": [14, 0.75, 14.5],
			"faces": {
				"north": {"uv": [8, 9.75, 8.75, 10], "texture": "#0"},
				"east": {"uv": [1, 11, 1.25, 11.25], "texture": "#0"},
				"south": {"uv": [8.75, 9.75, 9.5, 10], "texture": "#0"},
				"west": {"uv": [11, 1, 11.25, 1.25], "texture": "#0"},
				"up": {"uv": [10.25, 10, 9.5, 9.75], "texture": "#0"},
				"down": {"uv": [2.25, 10, 1.5, 10.25], "texture": "#0"}
			}
		},
		{
			"from": [9.5, -0.25, 13.75],
			"to": [11.5, 0.25, 14.5],
			"faces": {
				"north": {"uv": [10, 9.25, 10.5, 9.5], "texture": "#0"},
				"east": {"uv": [1.5, 11, 1.75, 11.25], "texture": "#0"},
				"south": {"uv": [9.75, 10, 10.25, 10.25], "texture": "#0"},
				"west": {"uv": [11, 1.5, 11.25, 1.75], "texture": "#0"},
				"up": {"uv": [0.5, 10.5, 0, 10.25], "texture": "#0"},
				"down": {"uv": [10.75, 0, 10.25, 0.25], "texture": "#0"}
			}
		},
		{
			"from": [11.75, 2, 14.5],
			"to": [14.25, 4, 14.75],
			"faces": {
				"north": {"uv": [4.25, 8.5, 5, 9], "texture": "#0"},
				"east": {"uv": [5.75, 10, 6, 10.5], "texture": "#0"},
				"south": {"uv": [5, 8.5, 5.75, 9], "texture": "#0"},
				"west": {"uv": [6, 10, 6.25, 10.5], "texture": "#0"},
				"up": {"uv": [4, 10, 3.25, 9.75], "texture": "#0"},
				"down": {"uv": [4.75, 9.75, 4, 10], "texture": "#0"}
			}
		},
		{
			"from": [6.75, 2, 14.5],
			"to": [9.25, 4, 14.75],
			"faces": {
				"north": {"uv": [5.75, 8.5, 6.5, 9], "texture": "#0"},
				"east": {"uv": [6.25, 10, 6.5, 10.5], "texture": "#0"},
				"south": {"uv": [8.25, 8.5, 9, 9], "texture": "#0"},
				"west": {"uv": [7, 10, 7.25, 10.5], "texture": "#0"},
				"up": {"uv": [5.5, 10, 4.75, 9.75], "texture": "#0"},
				"down": {"uv": [6.25, 9.75, 5.5, 10], "texture": "#0"}
			}
		},
		{
			"from": [6.5, 4, 14.5],
			"to": [8.75, 4.5, 14.75],
			"faces": {
				"north": {"uv": [7.25, 10, 7.75, 10.25], "texture": "#0"},
				"east": {"uv": [10.75, 10.25, 11, 10.5], "texture": "#0"},
				"south": {"uv": [7.75, 10, 8.25, 10.25], "texture": "#0"},
				"west": {"uv": [10.75, 10.5, 11, 10.75], "texture": "#0"},
				"up": {"uv": [10.5, 8, 10, 7.75], "texture": "#0"},
				"down": {"uv": [10.5, 8, 10, 8.25], "texture": "#0"}
			}
		},
		{
			"from": [12.25, 4, 14.5],
			"to": [14.5, 4.5, 14.75],
			"faces": {
				"north": {"uv": [8.25, 10, 8.75, 10.25], "texture": "#0"},
				"east": {"uv": [10.75, 10.75, 11, 11], "texture": "#0"},
				"south": {"uv": [10, 8.25, 10.5, 8.5], "texture": "#0"},
				"west": {"uv": [11, 0, 11.25, 0.25], "texture": "#0"},
				"up": {"uv": [9.25, 10.25, 8.75, 10], "texture": "#0"},
				"down": {"uv": [9.75, 10, 9.25, 10.25], "texture": "#0"}
			}
		},
		{
			"from": [6.75, -0.5, 5],
			"to": [14.25, 0, 13.75],
			"faces": {
				"north": {"uv": [8.25, 3.75, 10.25, 4], "texture": "#0"},
				"east": {"uv": [7.5, 1.25, 9.75, 1.5], "texture": "#0"},
				"south": {"uv": [8.25, 4, 10.25, 4.25], "texture": "#0"},
				"west": {"uv": [4.25, 8, 6.5, 8.25], "texture": "#0"},
				"up": {"uv": [2, 2.25, 0, 0], "texture": "#0"},
				"down": {"uv": [4, 0, 2, 2.25], "texture": "#0"}
			}
		},
		{
			"from": [14.25, 2, 5.75],
			"to": [14.75, 4, 15.25],
			"faces": {
				"north": {"uv": [6.75, 1.5, 7, 2], "texture": "#0"},
				"east": {"uv": [7, 2.5, 9.5, 3], "texture": "#0"},
				"south": {"uv": [5.25, 7.5, 5.5, 8], "texture": "#0"},
				"west": {"uv": [7, 3, 9.5, 3.5], "texture": "#0"},
				"up": {"uv": [2.5, 10, 2.25, 7.5], "texture": "#0"},
				"down": {"uv": [2.75, 7.5, 2.5, 10], "texture": "#0"}
			}
		},
		{
			"from": [6.25, 2, 5.75],
			"to": [6.75, 4, 15.25],
			"faces": {
				"north": {"uv": [10, 5.25, 10.25, 5.75], "texture": "#0"},
				"east": {"uv": [7.25, 5.75, 9.75, 6.25], "texture": "#0"},
				"south": {"uv": [5.5, 10, 5.75, 10.5], "texture": "#0"},
				"west": {"uv": [7.25, 6.25, 9.75, 6.75], "texture": "#0"},
				"up": {"uv": [3, 10, 2.75, 7.5], "texture": "#0"},
				"down": {"uv": [3.25, 7.5, 3, 10], "texture": "#0"}
			}
		},
		{
			"from": [14.5, 4, 7.75],
			"to": [15, 4.75, 15.25],
			"faces": {
				"north": {"uv": [4, 10.75, 4.25, 11], "texture": "#0"},
				"east": {"uv": [8, 5.25, 10, 5.5], "texture": "#0"},
				"south": {"uv": [4.25, 10.75, 4.5, 11], "texture": "#0"},
				"west": {"uv": [8, 5.5, 10, 5.75], "texture": "#0"},
				"up": {"uv": [7.25, 10, 7, 8], "texture": "#0"},
				"down": {"uv": [8.25, 7, 8, 9], "texture": "#0"}
			}
		},
		{
			"from": [6, 4, 7.75],
			"to": [6.5, 4.75, 15.25],
			"faces": {
				"north": {"uv": [10.75, 9, 11, 9.25], "texture": "#0"},
				"east": {"uv": [4.25, 8.25, 6.25, 8.5], "texture": "#0"},
				"south": {"uv": [9.25, 10.75, 9.5, 11], "texture": "#0"},
				"west": {"uv": [8.25, 4.25, 10.25, 4.5], "texture": "#0"},
				"up": {"uv": [7.5, 10, 7.25, 8], "texture": "#0"},
				"down": {"uv": [7.75, 8, 7.5, 10], "texture": "#0"}
			}
		},
		{
			"from": [11, 0, 4.75],
			"to": [12, 0.5, 5.25],
			"faces": {
				"north": {"uv": [10.75, 2.5, 11, 2.75], "texture": "#0"},
				"east": {"uv": [10.75, 2.75, 11, 3], "texture": "#0"},
				"south": {"uv": [3, 10.75, 3.25, 11], "texture": "#0"},
				"west": {"uv": [10.75, 3, 11, 3.25], "texture": "#0"},
				"up": {"uv": [3.5, 11, 3.25, 10.75], "texture": "#0"},
				"down": {"uv": [11, 3.25, 10.75, 3.5], "texture": "#0"}
			}
		},
		{
			"from": [9, 0, 4.75],
			"to": [10, 0.5, 5.25],
			"faces": {
				"north": {"uv": [10.75, 5.25, 11, 5.5], "texture": "#0"},
				"east": {"uv": [10.75, 5.5, 11, 5.75], "texture": "#0"},
				"south": {"uv": [5.75, 10.75, 6, 11], "texture": "#0"},
				"west": {"uv": [6, 10.75, 6.25, 11], "texture": "#0"},
				"up": {"uv": [11, 6.25, 10.75, 6], "texture": "#0"},
				"down": {"uv": [11, 6.25, 10.75, 6.5], "texture": "#0"}
			}
		},
		{
			"from": [9, -0.75, 4.5],
			"to": [12, 0, 5.25],
			"faces": {
				"north": {"uv": [9.75, 5.75, 10.5, 6], "texture": "#0"},
				"east": {"uv": [0.25, 11, 0.5, 11.25], "texture": "#0"},
				"south": {"uv": [9.75, 6, 10.5, 6.25], "texture": "#0"},
				"west": {"uv": [11, 0.25, 11.25, 0.5], "texture": "#0"},
				"up": {"uv": [10.5, 6.5, 9.75, 6.25], "texture": "#0"},
				"down": {"uv": [10.5, 6.5, 9.75, 6.75], "texture": "#0"}
			}
		},
		{
			"from": [10, -1, 4],
			"to": [11, -0.25, 4.75],
			"faces": {
				"north": {"uv": [7, 11, 7.25, 11.25], "texture": "#0"},
				"east": {"uv": [11, 7, 11.25, 7.25], "texture": "#0"},
				"south": {"uv": [7.25, 11, 7.5, 11.25], "texture": "#0"},
				"west": {"uv": [11, 7.25, 11.25, 7.5], "texture": "#0"},
				"up": {"uv": [7.75, 11.25, 7.5, 11], "texture": "#0"},
				"down": {"uv": [11.25, 7.5, 11, 7.75], "texture": "#0"}
			}
		},
		{
			"from": [10.25, 6.25, 5.85],
			"to": [10.5, 6.75, 5.975],
			"faces": {
				"north": {"uv": [1.75, 11, 2, 11.25], "texture": "#0"},
				"east": {"uv": [11, 1.75, 11.25, 2], "texture": "#0"},
				"south": {"uv": [2, 11, 2.25, 11.25], "texture": "#0"},
				"west": {"uv": [11, 2, 11.25, 2.25], "texture": "#0"},
				"up": {"uv": [2.5, 11.25, 2.25, 11], "texture": "#0"},
				"down": {"uv": [11.25, 2.25, 11, 2.5], "texture": "#0"}
			}
		},
		{
			"from": [10.25, 10.75, 6.1],
			"to": [10.5, 11.25, 6.225],
			"faces": {
				"north": {"uv": [4.75, 11, 5, 11.25], "texture": "#0"},
				"east": {"uv": [11, 4.75, 11.25, 5], "texture": "#0"},
				"south": {"uv": [5, 11, 5.25, 11.25], "texture": "#0"},
				"west": {"uv": [11, 5, 11.25, 5.25], "texture": "#0"},
				"up": {"uv": [5.5, 11.25, 5.25, 11], "texture": "#0"},
				"down": {"uv": [11.25, 5.25, 11, 5.5], "texture": "#0"}
			}
		},
		{
			"from": [10.25, 11.25, 6.2],
			"to": [10.5, 11.5, 6.325],
			"faces": {
				"north": {"uv": [6.25, 11, 6.5, 11.25], "texture": "#0"},
				"east": {"uv": [11, 6.25, 11.25, 6.5], "texture": "#0"},
				"south": {"uv": [6.5, 11, 6.75, 11.25], "texture": "#0"},
				"west": {"uv": [11, 6.5, 11.25, 6.75], "texture": "#0"},
				"up": {"uv": [7, 11.25, 6.75, 11], "texture": "#0"},
				"down": {"uv": [11.25, 6.75, 11, 7], "texture": "#0"}
			}
		},
		{
			"from": [10, 6.75, 5.85],
			"to": [10.75, 7.25, 5.975],
			"faces": {
				"north": {"uv": [2.5, 11, 2.75, 11.25], "texture": "#0"},
				"east": {"uv": [11, 2.5, 11.25, 2.75], "texture": "#0"},
				"south": {"uv": [2.75, 11, 3, 11.25], "texture": "#0"},
				"west": {"uv": [11, 2.75, 11.25, 3], "texture": "#0"},
				"up": {"uv": [3.25, 11.25, 3, 11], "texture": "#0"},
				"down": {"uv": [11.25, 3, 11, 3.25], "texture": "#0"}
			}
		},
		{
			"from": [10, 9.75, 6.05],
			"to": [10.75, 10.75, 6.175],
			"faces": {
				"north": {"uv": [4, 11, 4.25, 11.25], "texture": "#0"},
				"east": {"uv": [11, 4, 11.25, 4.25], "texture": "#0"},
				"south": {"uv": [4.25, 11, 4.5, 11.25], "texture": "#0"},
				"west": {"uv": [11, 4.25, 11.25, 4.5], "texture": "#0"},
				"up": {"uv": [4.75, 11.25, 4.5, 11], "texture": "#0"},
				"down": {"uv": [11.25, 4.5, 11, 4.75], "texture": "#0"}
			}
		},
		{
			"from": [9.875, 7.25, 5.85],
			"to": [10.875, 8.5, 5.975],
			"faces": {
				"north": {"uv": [3.25, 11, 3.5, 11.25], "texture": "#0"},
				"east": {"uv": [11, 3.25, 11.25, 3.5], "texture": "#0"},
				"south": {"uv": [3.5, 11, 3.75, 11.25], "texture": "#0"},
				"west": {"uv": [11, 3.5, 11.25, 3.75], "texture": "#0"},
				"up": {"uv": [4, 11.25, 3.75, 11], "texture": "#0"},
				"down": {"uv": [11.25, 3.75, 11, 4], "texture": "#0"}
			}
		},
		{
			"from": [9.875, 8.5, 5.95],
			"to": [10.875, 9.75, 6.075],
			"faces": {
				"north": {"uv": [5.5, 11, 5.75, 11.25], "texture": "#0"},
				"east": {"uv": [11, 5.5, 11.25, 5.75], "texture": "#0"},
				"south": {"uv": [5.75, 11, 6, 11.25], "texture": "#0"},
				"west": {"uv": [11, 5.75, 11.25, 6], "texture": "#0"},
				"up": {"uv": [6.25, 11.25, 6, 11], "texture": "#0"},
				"down": {"uv": [11.25, 6, 11, 6.25], "texture": "#0"}
			}
		},
		{
			"from": [6.5344, 5.6054, 13.3694],
			"to": [6.7528, 6.479, 15.1166],
			"rotation": {"angle": 22.5, "axis": "x", "origin": [6.0344, 12.2304, 13.5692]},
			"faces": {
				"north": {"uv": [7.75, 11, 8, 11.25], "texture": "#0"},
				"east": {"uv": [0.5, 10.25, 1, 10.5], "texture": "#0"},
				"south": {"uv": [11, 7.75, 11.25, 8], "texture": "#0"},
				"west": {"uv": [10.25, 0.75, 10.75, 1], "texture": "#0"},
				"up": {"uv": [1.25, 10.75, 1, 10.25], "texture": "#0"},
				"down": {"uv": [1.75, 10.25, 1.5, 10.75], "texture": "#0"}
			}
		},
		{
			"from": [6.5344, 4.7318, 13.151],
			"to": [6.7528, 5.6054, 14.8982],
			"rotation": {"angle": 22.5, "axis": "x", "origin": [6.0344, 12.2304, 13.5692]},
			"faces": {
				"north": {"uv": [9.75, 11, 10, 11.25], "texture": "#0"},
				"east": {"uv": [2.5, 10.25, 3, 10.5], "texture": "#0"},
				"south": {"uv": [11, 9.75, 11.25, 10], "texture": "#0"},
				"west": {"uv": [3, 10.25, 3.5, 10.5], "texture": "#0"},
				"up": {"uv": [3.75, 10.75, 3.5, 10.25], "texture": "#0"},
				"down": {"uv": [10.5, 3.5, 10.25, 4], "texture": "#0"}
			}
		},
		{
			"from": [6.5344, 2.9846, 13.151],
			"to": [6.7528, 4.7318, 14.4614],
			"rotation": {"angle": 22.5, "axis": "x", "origin": [6.0344, 12.2304, 13.5692]},
			"faces": {
				"north": {"uv": [3.75, 10.25, 4, 10.75], "texture": "#0"},
				"east": {"uv": [4, 10.25, 4.25, 10.75], "texture": "#0"},
				"south": {"uv": [10.25, 4, 10.5, 4.5], "texture": "#0"},
				"west": {"uv": [4.25, 10.25, 4.5, 10.75], "texture": "#0"},
				"up": {"uv": [10.25, 11.25, 10, 11], "texture": "#0"},
				"down": {"uv": [11.25, 10, 11, 10.25], "texture": "#0"}
			}
		},
		{
			"from": [14.25, 5.6054, 13.3694],
			"to": [14.4684, 6.479, 15.1166],
			"rotation": {"angle": 22.5, "axis": "x", "origin": [7.25, 12.2304, 13.5692]},
			"faces": {
				"north": {"uv": [11.25, 9.75, 11.5, 10], "texture": "#0"},
				"east": {"uv": [10.5, 6.5, 11, 6.75], "texture": "#0"},
				"south": {"uv": [10, 11.25, 10.25, 11.5], "texture": "#0"},
				"west": {"uv": [10.5, 7.25, 11, 7.5], "texture": "#0"},
				"up": {"uv": [7.25, 11, 7, 10.5], "texture": "#0"},
				"down": {"uv": [7.75, 10.5, 7.5, 11], "texture": "#0"}
			}
		},
		{
			"from": [14.25, 4.7318, 13.151],
			"to": [14.4684, 5.6054, 14.8982],
			"rotation": {"angle": 22.5, "axis": "x", "origin": [7.25, 12.2304, 13.5692]},
			"faces": {
				"north": {"uv": [11.25, 9.5, 11.5, 9.75], "texture": "#0"},
				"east": {"uv": [5.75, 10.5, 6.25, 10.75], "texture": "#0"},
				"south": {"uv": [9.75, 11.25, 10, 11.5], "texture": "#0"},
				"west": {"uv": [10.5, 5.75, 11, 6], "texture": "#0"},
				"up": {"uv": [10.75, 6.5, 10.5, 6], "texture": "#0"},
				"down": {"uv": [6.5, 10.5, 6.25, 11], "texture": "#0"}
			}
		},
		{
			"from": [14.25, 8.0078, 15.1166],
			"to": [14.4684, 8.4446, 15.9902],
			"rotation": {"angle": 22.5, "axis": "x", "origin": [7.25, 12.2304, 13.5692]},
			"faces": {
				"north": {"uv": [11.25, 8.75, 11.5, 9], "texture": "#0"},
				"east": {"uv": [9, 11.25, 9.25, 11.5], "texture": "#0"},
				"south": {"uv": [11.25, 9, 11.5, 9.25], "texture": "#0"},
				"west": {"uv": [9.25, 11.25, 9.5, 11.5], "texture": "#0"},
				"up": {"uv": [11.5, 9.5, 11.25, 9.25], "texture": "#0"},
				"down": {"uv": [9.75, 11.25, 9.5, 11.5], "texture": "#0"}
			}
		},
		{
			"from": [14.25, 7.3526, 14.243],
			"to": [14.4684, 8.0078, 15.5534],
			"rotation": {"angle": 22.5, "axis": "x", "origin": [7.25, 12.2304, 13.5692]},
			"faces": {
				"north": {"uv": [11.25, 8, 11.5, 8.25], "texture": "#0"},
				"east": {"uv": [8.25, 11.25, 8.5, 11.5], "texture": "#0"},
				"south": {"uv": [11.25, 8.25, 11.5, 8.5], "texture": "#0"},
				"west": {"uv": [8.5, 11.25, 8.75, 11.5], "texture": "#0"},
				"up": {"uv": [11.5, 8.75, 11.25, 8.5], "texture": "#0"},
				"down": {"uv": [9, 11.25, 8.75, 11.5], "texture": "#0"}
			}
		},
		{
			"from": [14.25, 6.479, 13.8062],
			"to": [14.4684, 7.3526, 15.5534],
			"rotation": {"angle": 22.5, "axis": "x", "origin": [7.25, 12.2304, 13.5692]},
			"faces": {
				"north": {"uv": [11.25, 7.75, 11.5, 8], "texture": "#0"},
				"east": {"uv": [10.5, 4.75, 11, 5], "texture": "#0"},
				"south": {"uv": [8, 11.25, 8.25, 11.5], "texture": "#0"},
				"west": {"uv": [10.5, 5, 11, 5.25], "texture": "#0"},
				"up": {"uv": [5.5, 11, 5.25, 10.5], "texture": "#0"},
				"down": {"uv": [5.75, 10.5, 5.5, 11], "texture": "#0"}
			}
		},
		{
			"from": [14.0316, 8.2262, 16.6454],
			"to": [14.25, 8.663, 17.519],
			"rotation": {"angle": 22.5, "axis": "x", "origin": [7.25, 12.2304, 13.5692]},
			"faces": {
				"north": {"uv": [11.25, 7, 11.5, 7.25], "texture": "#0"},
				"east": {"uv": [7.25, 11.25, 7.5, 11.5], "texture": "#0"},
				"south": {"uv": [11.25, 7.25, 11.5, 7.5], "texture": "#0"},
				"west": {"uv": [7.5, 11.25, 7.75, 11.5], "texture": "#0"},
				"up": {"uv": [11.5, 7.75, 11.25, 7.5], "texture": "#0"},
				"down": {"uv": [8, 11.25, 7.75, 11.5], "texture": "#0"}
			}
		},
		{
			"from": [14.0316, 7.7894, 15.7718],
			"to": [14.25, 8.2262, 17.519],
			"rotation": {"angle": 22.5, "axis": "x", "origin": [7.25, 12.2304, 13.5692]},
			"faces": {
				"north": {"uv": [11.25, 6.75, 11.5, 7], "texture": "#0"},
				"east": {"uv": [10.5, 4, 11, 4.25], "texture": "#0"},
				"south": {"uv": [7, 11.25, 7.25, 11.5], "texture": "#0"},
				"west": {"uv": [10.5, 4.25, 11, 4.5], "texture": "#0"},
				"up": {"uv": [4.75, 11, 4.5, 10.5], "texture": "#0"},
				"down": {"uv": [5, 10.5, 4.75, 11], "texture": "#0"}
			}
		},
		{
			"from": [14.0316, 7.3526, 15.335],
			"to": [14.25, 7.7894, 17.0822],
			"rotation": {"angle": 22.5, "axis": "x", "origin": [7.25, 12.2304, 13.5692]},
			"faces": {
				"north": {"uv": [11.25, 6.5, 11.5, 6.75], "texture": "#0"},
				"east": {"uv": [10.5, 2.25, 11, 2.5], "texture": "#0"},
				"south": {"uv": [6.75, 11.25, 7, 11.5], "texture": "#0"},
				"west": {"uv": [3, 10.5, 3.5, 10.75], "texture": "#0"},
				"up": {"uv": [10.75, 3.5, 10.5, 3], "texture": "#0"},
				"down": {"uv": [10.75, 3.5, 10.5, 4], "texture": "#0"}
			}
		},
		{
			"from": [14.0316, 6.0422, 14.4614],
			"to": [14.25, 6.9158, 14.8982],
			"rotation": {"angle": 22.5, "axis": "x", "origin": [7.25, 12.2304, 13.5692]},
			"faces": {
				"north": {"uv": [11.25, 5.75, 11.5, 6], "texture": "#0"},
				"east": {"uv": [6, 11.25, 6.25, 11.5], "texture": "#0"},
				"south": {"uv": [11.25, 6, 11.5, 6.25], "texture": "#0"},
				"west": {"uv": [6.25, 11.25, 6.5, 11.5], "texture": "#0"},
				"up": {"uv": [11.5, 6.5, 11.25, 6.25], "texture": "#0"},
				"down": {"uv": [6.75, 11.25, 6.5, 11.5], "texture": "#0"}
			}
		},
		{
			"from": [14.0316, 5.1686, 15.7718],
			"to": [14.25, 6.0422, 16.2086],
			"rotation": {"angle": 22.5, "axis": "x", "origin": [7.25, 12.2304, 13.5692]},
			"faces": {
				"north": {"uv": [11.25, 5, 11.5, 5.25], "texture": "#0"},
				"east": {"uv": [5.25, 11.25, 5.5, 11.5], "texture": "#0"},
				"south": {"uv": [11.25, 5.25, 11.5, 5.5], "texture": "#0"},
				"west": {"uv": [5.5, 11.25, 5.75, 11.5], "texture": "#0"},
				"up": {"uv": [11.5, 5.75, 11.25, 5.5], "texture": "#0"},
				"down": {"uv": [6, 11.25, 5.75, 11.5], "texture": "#0"}
			}
		},
		{
			"from": [14.0316, 6.0422, 14.8982],
			"to": [14.25, 7.3526, 16.6454],
			"rotation": {"angle": 22.5, "axis": "x", "origin": [7.25, 12.2304, 13.5692]},
			"faces": {
				"north": {"uv": [11.25, 4.75, 11.5, 5], "texture": "#0"},
				"east": {"uv": [1.75, 10.5, 2.25, 10.75], "texture": "#0"},
				"south": {"uv": [5, 11.25, 5.25, 11.5], "texture": "#0"},
				"west": {"uv": [10.5, 2, 11, 2.25], "texture": "#0"},
				"up": {"uv": [2.75, 11, 2.5, 10.5], "texture": "#0"},
				"down": {"uv": [3, 10.5, 2.75, 11], "texture": "#0"}
			}
		},
		{
			"from": [14.0316, 4.7318, 14.0246],
			"to": [14.25, 6.0422, 15.7718],
			"rotation": {"angle": 22.5, "axis": "x", "origin": [7.25, 12.2304, 13.5692]},
			"faces": {
				"north": {"uv": [11.25, 4.5, 11.5, 4.75], "texture": "#0"},
				"east": {"uv": [10.5, 0.5, 11, 0.75], "texture": "#0"},
				"south": {"uv": [4.75, 11.25, 5, 11.5], "texture": "#0"},
				"west": {"uv": [10.5, 1.25, 11, 1.5], "texture": "#0"},
				"up": {"uv": [1.5, 11, 1.25, 10.5], "texture": "#0"},
				"down": {"uv": [10.75, 1.5, 10.5, 2], "texture": "#0"}
			}
		},
		{
			"from": [14.0316, 2.111, 13.5878],
			"to": [14.25, 3.4214, 14.8982],
			"rotation": {"angle": 22.5, "axis": "x", "origin": [7.25, 12.2304, 13.5692]},
			"faces": {
				"north": {"uv": [11.25, 3.75, 11.5, 4], "texture": "#0"},
				"east": {"uv": [4, 11.25, 4.25, 11.5], "texture": "#0"},
				"south": {"uv": [11.25, 4, 11.5, 4.25], "texture": "#0"},
				"west": {"uv": [4.25, 11.25, 4.5, 11.5], "texture": "#0"},
				"up": {"uv": [11.5, 4.5, 11.25, 4.25], "texture": "#0"},
				"down": {"uv": [4.75, 11.25, 4.5, 11.5], "texture": "#0"}
			}
		},
		{
			"from": [14.0316, 3.4214, 13.5878],
			"to": [14.25, 4.7318, 15.335],
			"rotation": {"angle": 22.5, "axis": "x", "origin": [7.25, 12.2304, 13.5692]},
			"faces": {
				"north": {"uv": [11.25, 3.5, 11.5, 3.75], "texture": "#0"},
				"east": {"uv": [0, 10.5, 0.5, 10.75], "texture": "#0"},
				"south": {"uv": [3.75, 11.25, 4, 11.5], "texture": "#0"},
				"west": {"uv": [10.5, 0.25, 11, 0.5], "texture": "#0"},
				"up": {"uv": [0.75, 11, 0.5, 10.5], "texture": "#0"},
				"down": {"uv": [1, 10.5, 0.75, 11], "texture": "#0"}
			}
		},
		{
			"from": [14.25, 2.9846, 13.151],
			"to": [14.4684, 4.7318, 14.4614],
			"rotation": {"angle": 22.5, "axis": "x", "origin": [7.25, 12.2304, 13.5692]},
			"faces": {
				"north": {"uv": [10.25, 9.5, 10.5, 10], "texture": "#0"},
				"east": {"uv": [9.75, 10.25, 10, 10.75], "texture": "#0"},
				"south": {"uv": [10, 10.25, 10.25, 10.75], "texture": "#0"},
				"west": {"uv": [10.25, 10, 10.5, 10.5], "texture": "#0"},
				"up": {"uv": [11.5, 3.5, 11.25, 3.25], "texture": "#0"},
				"down": {"uv": [3.75, 11.25, 3.5, 11.5], "texture": "#0"}
			}
		},
		{
			"from": [6.816, 3.4214, 13.5878],
			"to": [7.0344, 4.7318, 15.335],
			"rotation": {"angle": 22.5, "axis": "x", "origin": [6.0344, 12.2304, 13.5692]},
			"faces": {
				"north": {"uv": [10.25, 11, 10.5, 11.25], "texture": "#0"},
				"east": {"uv": [4.5, 10.25, 5, 10.5], "texture": "#0"},
				"south": {"uv": [11, 10.25, 11.25, 10.5], "texture": "#0"},
				"west": {"uv": [10.25, 4.5, 10.75, 4.75], "texture": "#0"},
				"up": {"uv": [10.5, 5.25, 10.25, 4.75], "texture": "#0"},
				"down": {"uv": [5.25, 10.25, 5, 10.75], "texture": "#0"}
			}
		},
		{
			"from": [6.816, 2.111, 13.5878],
			"to": [7.0344, 3.4214, 14.8982],
			"rotation": {"angle": 22.5, "axis": "x", "origin": [6.0344, 12.2304, 13.5692]},
			"faces": {
				"north": {"uv": [11.25, 1.75, 11.5, 2], "texture": "#0"},
				"east": {"uv": [2, 11.25, 2.25, 11.5], "texture": "#0"},
				"south": {"uv": [11.25, 2, 11.5, 2.25], "texture": "#0"},
				"west": {"uv": [2.25, 11.25, 2.5, 11.5], "texture": "#0"},
				"up": {"uv": [11.5, 2.5, 11.25, 2.25], "texture": "#0"},
				"down": {"uv": [2.75, 11.25, 2.5, 11.5], "texture": "#0"}
			}
		},
		{
			"from": [6.816, 4.7318, 14.0246],
			"to": [7.0344, 6.0422, 15.7718],
			"rotation": {"angle": 22.5, "axis": "x", "origin": [6.0344, 12.2304, 13.5692]},
			"faces": {
				"north": {"uv": [10.5, 11, 10.75, 11.25], "texture": "#0"},
				"east": {"uv": [10.25, 5.25, 10.75, 5.5], "texture": "#0"},
				"south": {"uv": [11, 10.5, 11.25, 10.75], "texture": "#0"},
				"west": {"uv": [10.25, 5.5, 10.75, 5.75], "texture": "#0"},
				"up": {"uv": [6.75, 10.75, 6.5, 10.25], "texture": "#0"},
				"down": {"uv": [7, 10.25, 6.75, 10.75], "texture": "#0"}
			}
		},
		{
			"from": [6.816, 6.0422, 14.8982],
			"to": [7.0344, 7.3526, 16.6454],
			"rotation": {"angle": 22.5, "axis": "x", "origin": [6.0344, 12.2304, 13.5692]},
			"faces": {
				"north": {"uv": [10.75, 11, 11, 11.25], "texture": "#0"},
				"east": {"uv": [10.25, 6.75, 10.75, 7], "texture": "#0"},
				"south": {"uv": [11, 10.75, 11.25, 11], "texture": "#0"},
				"west": {"uv": [10.25, 7, 10.75, 7.25], "texture": "#0"},
				"up": {"uv": [7.5, 10.75, 7.25, 10.25], "texture": "#0"},
				"down": {"uv": [10.5, 7.25, 10.25, 7.75], "texture": "#0"}
			}
		},
		{
			"from": [6.816, 5.1686, 15.7718],
			"to": [7.0344, 6.0422, 16.2086],
			"rotation": {"angle": 22.5, "axis": "x", "origin": [6.0344, 12.2304, 13.5692]},
			"faces": {
				"north": {"uv": [11.25, 0, 11.5, 0.25], "texture": "#0"},
				"east": {"uv": [0.25, 11.25, 0.5, 11.5], "texture": "#0"},
				"south": {"uv": [11.25, 0.25, 11.5, 0.5], "texture": "#0"},
				"west": {"uv": [0.5, 11.25, 0.75, 11.5], "texture": "#0"},
				"up": {"uv": [11.5, 0.75, 11.25, 0.5], "texture": "#0"},
				"down": {"uv": [1, 11.25, 0.75, 11.5], "texture": "#0"}
			}
		},
		{
			"from": [6.816, 6.0422, 14.4614],
			"to": [7.0344, 6.9158, 14.8982],
			"rotation": {"angle": 22.5, "axis": "x", "origin": [6.0344, 12.2304, 13.5692]},
			"faces": {
				"north": {"uv": [11.25, 1, 11.5, 1.25], "texture": "#0"},
				"east": {"uv": [1.25, 11.25, 1.5, 11.5], "texture": "#0"},
				"south": {"uv": [11.25, 1.25, 11.5, 1.5], "texture": "#0"},
				"west": {"uv": [1.5, 11.25, 1.75, 11.5], "texture": "#0"},
				"up": {"uv": [11.5, 1.75, 11.25, 1.5], "texture": "#0"},
				"down": {"uv": [2, 11.25, 1.75, 11.5], "texture": "#0"}
			}
		},
		{
			"from": [6.816, 7.3526, 15.335],
			"to": [7.0344, 7.7894, 17.0822],
			"rotation": {"angle": 22.5, "axis": "x", "origin": [6.0344, 12.2304, 13.5692]},
			"faces": {
				"north": {"uv": [11, 11, 11.25, 11.25], "texture": "#0"},
				"east": {"uv": [7.5, 10.25, 8, 10.5], "texture": "#0"},
				"south": {"uv": [0, 11.25, 0.25, 11.5], "texture": "#0"},
				"west": {"uv": [8, 10.25, 8.5, 10.5], "texture": "#0"},
				"up": {"uv": [8.75, 10.75, 8.5, 10.25], "texture": "#0"},
				"down": {"uv": [10.5, 8.5, 10.25, 9], "texture": "#0"}
			}
		},
		{
			"from": [6.816, 7.7894, 15.7718],
			"to": [7.0344, 8.2262, 17.519],
			"rotation": {"angle": 22.5, "axis": "x", "origin": [6.0344, 12.2304, 13.5692]},
			"faces": {
				"north": {"uv": [11.25, 0.75, 11.5, 1], "texture": "#0"},
				"east": {"uv": [8.75, 10.25, 9.25, 10.5], "texture": "#0"},
				"south": {"uv": [1, 11.25, 1.25, 11.5], "texture": "#0"},
				"west": {"uv": [10.25, 9, 10.75, 9.25], "texture": "#0"},
				"up": {"uv": [9.5, 10.75, 9.25, 10.25], "texture": "#0"},
				"down": {"uv": [9.75, 10.25, 9.5, 10.75], "texture": "#0"}
			}
		},
		{
			"from": [6.816, 8.2262, 16.6454],
			"to": [7.0344, 8.663, 17.519],
			"rotation": {"angle": 22.5, "axis": "x", "origin": [6.0344, 12.2304, 13.5692]},
			"faces": {
				"north": {"uv": [11.25, 2.5, 11.5, 2.75], "texture": "#0"},
				"east": {"uv": [2.75, 11.25, 3, 11.5], "texture": "#0"},
				"south": {"uv": [11.25, 2.75, 11.5, 3], "texture": "#0"},
				"west": {"uv": [3, 11.25, 3.25, 11.5], "texture": "#0"},
				"up": {"uv": [11.5, 3.25, 11.25, 3], "texture": "#0"},
				"down": {"uv": [3.5, 11.25, 3.25, 11.5], "texture": "#0"}
			}
		},
		{
			"from": [6.5344, 6.479, 13.8062],
			"to": [6.7528, 7.3526, 15.5534],
			"rotation": {"angle": 22.5, "axis": "x", "origin": [6.0344, 12.2304, 13.5692]},
			"faces": {
				"north": {"uv": [8, 11, 8.25, 11.25], "texture": "#0"},
				"east": {"uv": [10.25, 1, 10.75, 1.25], "texture": "#0"},
				"south": {"uv": [11, 8, 11.25, 8.25], "texture": "#0"},
				"west": {"uv": [1.75, 10.25, 2.25, 10.5], "texture": "#0"},
				"up": {"uv": [10.5, 2.5, 10.25, 2], "texture": "#0"},
				"down": {"uv": [2.5, 10.25, 2.25, 10.75], "texture": "#0"}
			}
		},
		{
			"from": [6.5344, 7.3526, 14.243],
			"to": [6.7528, 8.0078, 15.5534],
			"rotation": {"angle": 22.5, "axis": "x", "origin": [6.0344, 12.2304, 13.5692]},
			"faces": {
				"north": {"uv": [8.25, 11, 8.5, 11.25], "texture": "#0"},
				"east": {"uv": [11, 8.25, 11.25, 8.5], "texture": "#0"},
				"south": {"uv": [8.5, 11, 8.75, 11.25], "texture": "#0"},
				"west": {"uv": [11, 8.5, 11.25, 8.75], "texture": "#0"},
				"up": {"uv": [9, 11.25, 8.75, 11], "texture": "#0"},
				"down": {"uv": [11.25, 8.75, 11, 9], "texture": "#0"}
			}
		},
		{
			"from": [6.5344, 8.0078, 15.1166],
			"to": [6.7528, 8.4446, 15.9902],
			"rotation": {"angle": 22.5, "axis": "x", "origin": [6.0344, 12.2304, 13.5692]},
			"faces": {
				"north": {"uv": [9, 11, 9.25, 11.25], "texture": "#0"},
				"east": {"uv": [11, 9, 11.25, 9.25], "texture": "#0"},
				"south": {"uv": [9.25, 11, 9.5, 11.25], "texture": "#0"},
				"west": {"uv": [11, 9.25, 11.25, 9.5], "texture": "#0"},
				"up": {"uv": [9.75, 11.25, 9.5, 11], "texture": "#0"},
				"down": {"uv": [11.25, 9.5, 11, 9.75], "texture": "#0"}
			}
		},
		{
			"from": [6.5656, -8.3112, 5.8528],
			"to": [8.6392, -7.8504, 6.0832],
			"rotation": {"angle": 45, "axis": "z", "origin": [-4.9024, 1.8432, -6.6304]},
			"faces": {
				"north": {"uv": [10.5, 7.5, 11, 7.75], "texture": "#0"},
				"east": {"uv": [11.25, 10, 11.5, 10.25], "texture": "#0"},
				"south": {"uv": [7.75, 10.5, 8.25, 10.75], "texture": "#0"},
				"west": {"uv": [10.25, 11.25, 10.5, 11.5], "texture": "#0"},
				"up": {"uv": [11, 8, 10.5, 7.75], "texture": "#0"},
				"down": {"uv": [11, 8, 10.5, 8.25], "texture": "#0"}
			}
		},
		{
			"from": [8.4284, -7.8504, 5.8528],
			"to": [9.1, -7.3896, 6.0832],
			"rotation": {"angle": 45, "axis": "z", "origin": [-4.9024, 1.8432, -6.6304]},
			"faces": {
				"north": {"uv": [6.25, 8.25, 6.5, 8.5], "texture": "#0"},
				"east": {"uv": [10.75, 0, 11, 0.25], "texture": "#0"},
				"south": {"uv": [0.25, 10.75, 0.5, 11], "texture": "#0"},
				"west": {"uv": [10.75, 0.75, 11, 1], "texture": "#0"},
				"up": {"uv": [1.25, 11, 1, 10.75], "texture": "#0"},
				"down": {"uv": [11, 1, 10.75, 1.25], "texture": "#0"}
			}
		},
		{
			"from": [8.6196, -7.3896, 5.8528],
			"to": [9.3304, -6.9288, 6.0832],
			"rotation": {"angle": 45, "axis": "z", "origin": [-4.9024, 1.8432, -6.6304]},
			"faces": {
				"north": {"uv": [0, 11.5, 0.25, 11.75], "texture": "#0"},
				"east": {"uv": [11.5, 0, 11.75, 0.25], "texture": "#0"},
				"south": {"uv": [0.25, 11.5, 0.5, 11.75], "texture": "#0"},
				"west": {"uv": [11.5, 0.25, 11.75, 0.5], "texture": "#0"},
				"up": {"uv": [0.75, 11.75, 0.5, 11.5], "texture": "#0"},
				"down": {"uv": [11.75, 0.5, 11.5, 0.75], "texture": "#0"}
			}
		},
		{
			"from": [6.5656, -7.8504, 5.8528],
			"to": [7.0264, -6.32976, 6.0832],
			"rotation": {"angle": 45, "axis": "z", "origin": [-4.9024, 1.8432, -6.6304]},
			"faces": {
				"north": {"uv": [8.25, 10.5, 8.5, 11], "texture": "#0"},
				"east": {"uv": [10.5, 8.25, 10.75, 8.75], "texture": "#0"},
				"south": {"uv": [8.75, 10.5, 9, 11], "texture": "#0"},
				"west": {"uv": [9, 10.5, 9.25, 11], "texture": "#0"},
				"up": {"uv": [11.5, 10.5, 11.25, 10.25], "texture": "#0"},
				"down": {"uv": [10.75, 11.25, 10.5, 11.5], "texture": "#0"}
			}
		},
		{
			"from": [7.0264, -6.52213, 5.8528],
			"to": [7.4872, -5.85053, 6.0832],
			"rotation": {"angle": 45, "axis": "z", "origin": [-4.9024, 1.8432, -6.6304]},
			"faces": {
				"north": {"uv": [11.25, 10.5, 11.5, 10.75], "texture": "#0"},
				"east": {"uv": [10.75, 11.25, 11, 11.5], "texture": "#0"},
				"south": {"uv": [11.25, 10.75, 11.5, 11], "texture": "#0"},
				"west": {"uv": [11, 11.25, 11.25, 11.5], "texture": "#0"},
				"up": {"uv": [11.5, 11.25, 11.25, 11], "texture": "#0"},
				"down": {"uv": [11.5, 11.25, 11.25, 11.5], "texture": "#0"}
			}
		},
		{
			"from": [7.67152, -7.23293, 5.8528],
			"to": [8.13232, -6.77213, 6.0832],
			"rotation": {"angle": 45, "axis": "z", "origin": [-4.9024, 1.8432, -6.6304]},
			"faces": {
				"north": {"uv": [6, 11.5, 6.25, 11.75], "texture": "#0"},
				"east": {"uv": [11.5, 6, 11.75, 6.25], "texture": "#0"},
				"south": {"uv": [6.25, 11.5, 6.5, 11.75], "texture": "#0"},
				"west": {"uv": [11.5, 6.25, 11.75, 6.5], "texture": "#0"},
				"up": {"uv": [6.75, 11.75, 6.5, 11.5], "texture": "#0"},
				"down": {"uv": [11.75, 6.5, 11.5, 6.75], "texture": "#0"}
			}
		},
		{
			"from": [8.0033, -8.772, 5.8528],
			"to": [8.4641, -8.3112, 6.0832],
			"rotation": {"angle": 45, "axis": "z", "origin": [-4.9024, 1.8432, -6.6304]},
			"faces": {
				"north": {"uv": [7.5, 11.5, 7.75, 11.75], "texture": "#0"},
				"east": {"uv": [11.5, 7.5, 11.75, 7.75], "texture": "#0"},
				"south": {"uv": [7.75, 11.5, 8, 11.75], "texture": "#0"},
				"west": {"uv": [11.5, 7.75, 11.75, 8], "texture": "#0"},
				"up": {"uv": [8.25, 11.75, 8, 11.5], "texture": "#0"},
				"down": {"uv": [11.75, 8, 11.5, 8.25], "texture": "#0"}
			}
		},
		{
			"from": [7.21072, -9.2328, 5.8528],
			"to": [8.36272, -8.772, 6.0832],
			"rotation": {"angle": 45, "axis": "z", "origin": [-4.9024, 1.8432, -6.6304]},
			"faces": {
				"north": {"uv": [8.25, 11.5, 8.5, 11.75], "texture": "#0"},
				"east": {"uv": [11.5, 8.25, 11.75, 8.5], "texture": "#0"},
				"south": {"uv": [8.5, 11.5, 8.75, 11.75], "texture": "#0"},
				"west": {"uv": [11.5, 8.5, 11.75, 8.75], "texture": "#0"},
				"up": {"uv": [9, 11.75, 8.75, 11.5], "texture": "#0"},
				"down": {"uv": [11.75, 8.75, 11.5, 9], "texture": "#0"}
			}
		},
		{
			"from": [6.03912, -9.4632, 5.8528],
			"to": [7.69112, -9.2328, 6.0832],
			"rotation": {"angle": 45, "axis": "z", "origin": [-4.9024, 1.8432, -6.6304]},
			"faces": {
				"north": {"uv": [10.5, 8.75, 11, 9], "texture": "#0"},
				"east": {"uv": [9.75, 11.5, 10, 11.75], "texture": "#0"},
				"south": {"uv": [10.5, 9.25, 11, 9.5], "texture": "#0"},
				"west": {"uv": [11.5, 9.75, 11.75, 10], "texture": "#0"},
				"up": {"uv": [11, 9.75, 10.5, 9.5], "texture": "#0"},
				"down": {"uv": [11, 9.75, 10.5, 10], "texture": "#0"}
			}
		},
		{
			"from": [6.1048, -6.9288, 5.8528],
			"to": [6.5656, -6.468, 6.0832],
			"rotation": {"angle": 45, "axis": "z", "origin": [-4.9024, 1.8432, -6.6304]},
			"faces": {
				"north": {"uv": [6.75, 11.5, 7, 11.75], "texture": "#0"},
				"east": {"uv": [11.5, 6.75, 11.75, 7], "texture": "#0"},
				"south": {"uv": [7, 11.5, 7.25, 11.75], "texture": "#0"},
				"west": {"uv": [11.5, 7, 11.75, 7.25], "texture": "#0"},
				"up": {"uv": [7.5, 11.75, 7.25, 11.5], "texture": "#0"},
				"down": {"uv": [11.75, 7.25, 11.5, 7.5], "texture": "#0"}
			}
		},
		{
			"from": [5.644, -7.69373, 5.8528],
			"to": [6.1048, -6.54173, 6.0832],
			"rotation": {"angle": 45, "axis": "z", "origin": [-4.9024, 1.8432, -6.6304]},
			"faces": {
				"north": {"uv": [9, 11.5, 9.25, 11.75], "texture": "#0"},
				"east": {"uv": [11.5, 9, 11.75, 9.25], "texture": "#0"},
				"south": {"uv": [9.25, 11.5, 9.5, 11.75], "texture": "#0"},
				"west": {"uv": [11.5, 9.25, 11.75, 9.5], "texture": "#0"},
				"up": {"uv": [9.75, 11.75, 9.5, 11.5], "texture": "#0"},
				"down": {"uv": [11.75, 9.5, 11.5, 9.75], "texture": "#0"}
			}
		},
		{
			"from": [5.4136, -8.86533, 5.8528],
			"to": [5.644, -7.21333, 6.0832],
			"rotation": {"angle": 45, "axis": "z", "origin": [-4.9024, 1.8432, -6.6304]},
			"faces": {
				"north": {"uv": [10.5, 10, 10.75, 10.5], "texture": "#0"},
				"east": {"uv": [10.25, 10.5, 10.5, 11], "texture": "#0"},
				"south": {"uv": [10.5, 10.5, 10.75, 11], "texture": "#0"},
				"west": {"uv": [0, 10.75, 0.25, 11.25], "texture": "#0"},
				"up": {"uv": [10.25, 11.75, 10, 11.5], "texture": "#0"},
				"down": {"uv": [11.75, 10, 11.5, 10.25], "texture": "#0"}
			}
		},
		{
			"from": [7.4872, -6.2572, 5.8528],
			"to": [7.948, -5.5464, 6.0832],
			"rotation": {"angle": 45, "axis": "z", "origin": [-4.9024, 1.8432, -6.6304]},
			"faces": {
				"north": {"uv": [0.75, 11.5, 1, 11.75], "texture": "#0"},
				"east": {"uv": [11.5, 0.75, 11.75, 1], "texture": "#0"},
				"south": {"uv": [1, 11.5, 1.25, 11.75], "texture": "#0"},
				"west": {"uv": [11.5, 1, 11.75, 1.25], "texture": "#0"},
				"up": {"uv": [1.5, 11.75, 1.25, 11.5], "texture": "#0"},
				"down": {"uv": [11.75, 1.25, 11.5, 1.5], "texture": "#0"}
			}
		},
		{
			"from": [7.948, -6.0072, 5.8528],
			"to": [8.4088, -5.5464, 6.0832],
			"rotation": {"angle": 45, "axis": "z", "origin": [-4.9024, 1.8432, -6.6304]},
			"faces": {
				"north": {"uv": [1.5, 11.5, 1.75, 11.75], "texture": "#0"},
				"east": {"uv": [11.5, 1.5, 11.75, 1.75], "texture": "#0"},
				"south": {"uv": [1.75, 11.5, 2, 11.75], "texture": "#0"},
				"west": {"uv": [11.5, 1.75, 11.75, 2], "texture": "#0"},
				"up": {"uv": [2.25, 11.75, 2, 11.5], "texture": "#0"},
				"down": {"uv": [11.75, 2, 11.5, 2.25], "texture": "#0"}
			}
		},
		{
			"from": [7.62544, -5.5464, 5.8528],
			"to": [8.08624, -5.0856, 6.0832],
			"rotation": {"angle": 45, "axis": "z", "origin": [-4.9024, 1.8432, -6.6304]},
			"faces": {
				"north": {"uv": [3.75, 11.5, 4, 11.75], "texture": "#0"},
				"east": {"uv": [11.5, 3.75, 11.75, 4], "texture": "#0"},
				"south": {"uv": [4, 11.5, 4.25, 11.75], "texture": "#0"},
				"west": {"uv": [11.5, 4, 11.75, 4.25], "texture": "#0"},
				"up": {"uv": [4.5, 11.75, 4.25, 11.5], "texture": "#0"},
				"down": {"uv": [11.75, 4.25, 11.5, 4.5], "texture": "#0"}
			}
		},
		{
			"from": [7.62544, -5.0856, 5.8528],
			"to": [8.54704, -4.8552, 6.0832],
			"rotation": {"angle": 45, "axis": "z", "origin": [-4.9024, 1.8432, -6.6304]},
			"faces": {
				"north": {"uv": [4.5, 11.5, 4.75, 11.75], "texture": "#0"},
				"east": {"uv": [11.5, 4.5, 11.75, 4.75], "texture": "#0"},
				"south": {"uv": [4.75, 11.5, 5, 11.75], "texture": "#0"},
				"west": {"uv": [11.5, 4.75, 11.75, 5], "texture": "#0"},
				"up": {"uv": [5.25, 11.75, 5, 11.5], "texture": "#0"},
				"down": {"uv": [11.75, 5, 11.5, 5.25], "texture": "#0"}
			}
		},
		{
			"from": [8.8696, -6.9288, 5.8528],
			"to": [9.3304, -6.468, 6.0832],
			"rotation": {"angle": 45, "axis": "z", "origin": [-4.9024, 1.8432, -6.6304]},
			"faces": {
				"north": {"uv": [2.25, 11.5, 2.5, 11.75], "texture": "#0"},
				"east": {"uv": [11.5, 2.25, 11.75, 2.5], "texture": "#0"},
				"south": {"uv": [2.5, 11.5, 2.75, 11.75], "texture": "#0"},
				"west": {"uv": [11.5, 2.5, 11.75, 2.75], "texture": "#0"},
				"up": {"uv": [3, 11.75, 2.75, 11.5], "texture": "#0"},
				"down": {"uv": [11.75, 2.75, 11.5, 3], "texture": "#0"}
			}
		},
		{
			"from": [9.3304, -7.1592, 5.8528],
			"to": [9.7912, -6.6984, 6.0832],
			"rotation": {"angle": 45, "axis": "z", "origin": [-4.9024, 1.8432, -6.6304]},
			"faces": {
				"north": {"uv": [3, 11.5, 3.25, 11.75], "texture": "#0"},
				"east": {"uv": [11.5, 3, 11.75, 3.25], "texture": "#0"},
				"south": {"uv": [3.25, 11.5, 3.5, 11.75], "texture": "#0"},
				"west": {"uv": [11.5, 3.25, 11.75, 3.5], "texture": "#0"},
				"up": {"uv": [3.75, 11.75, 3.5, 11.5], "texture": "#0"},
				"down": {"uv": [11.75, 3.5, 11.5, 3.75], "texture": "#0"}
			}
		},
		{
			"from": [9.7912, -7.1592, 5.8528],
			"to": [10.0216, -6.2376, 6.0832],
			"rotation": {"angle": 45, "axis": "z", "origin": [-4.9024, 1.8432, -6.6304]},
			"faces": {
				"north": {"uv": [5.25, 11.5, 5.5, 11.75], "texture": "#0"},
				"east": {"uv": [11.5, 5.25, 11.75, 5.5], "texture": "#0"},
				"south": {"uv": [5.5, 11.5, 5.75, 11.75], "texture": "#0"},
				"west": {"uv": [11.5, 5.5, 11.75, 5.75], "texture": "#0"},
				"up": {"uv": [6, 11.75, 5.75, 11.5], "texture": "#0"},
				"down": {"uv": [11.75, 5.75, 11.5, 6], "texture": "#0"}
			}
		}
	],
	"display": {
		"thirdperson_righthand": {
			"translation": [-1.5, 0, -3.25],
			"scale": [0.75781, 0.75781, 0.75781]
		},
		"thirdperson_lefthand": {
			"translation": [1.75, 0, -3.25],
			"scale": [0.75, 0.75, 0.75]
		},
		"firstperson_righthand": {
			"rotation": [0, 94, 0],
			"translation": [0, 6.5, 2],
			"scale": [0.81641, 0.81641, 0.81641]
		},
		"firstperson_lefthand": {
			"rotation": [0, 101, 0],
			"translation": [0, 6.25, 0],
			"scale": [0.74219, 0.74219, 0.74219]
		},
		"ground": {
			"translation": [-2, 6.25, -1.5]
		},
		"gui": {
			"rotation": [4, -139, 0],
			"translation": [3.75, 3, 0]
		},
		"head": {
			"translation": [-5, 18.25, -3.5],
			"scale": [2.00977, 1.94531, 1.94531]
		},
		"fixed": {
			"rotation": [-19, 0, 0],
			"translation": [-6.75, 4.75, -15.75],
			"scale": [2.64063, 2.64063, 2.64063]
		}
	}
}