{
	"texture_size": [64, 64],
	"textures": {
		"0": "block/scara",
		"particle": "block/scara"
	},
	"elements": [
		{
			"from": [6, 8, 1],
			"to": [11, 8.5, 2],
			"rotation": {"angle": 0, "axis": "y", "origin": [0, 8, 0]},
			"faces": {
				"north": {"uv": [6.25, 0, 7.5, 0.125], "texture": "#0"},
				"east": {"uv": [9, 4.25, 9.25, 4.375], "texture": "#0"},
				"south": {"uv": [6.25, 0.25, 7.5, 0.375], "texture": "#0"},
				"west": {"uv": [6.75, 9, 7, 9.125], "texture": "#0"},
				"up": {"uv": [5.5, 1.25, 4.25, 1], "texture": "#0"},
				"down": {"uv": [5.5, 1.25, 4.25, 1.5], "texture": "#0"}
			}
		},
		{
			"from": [8, 8, 2],
			"to": [9, 8.5, 3],
			"rotation": {"angle": 0, "axis": "y", "origin": [0, 8, 0]},
			"faces": {
				"north": {"uv": [6.25, 0, 7.5, 0.125], "texture": "#0"},
				"east": {"uv": [9, 4.25, 9.25, 4.375], "texture": "#0"},
				"south": {"uv": [6.25, 0.25, 7.5, 0.375], "texture": "#0"},
				"west": {"uv": [6.75, 9, 7, 9.125], "texture": "#0"},
				"up": {"uv": [5.5, 1.25, 4.25, 1], "texture": "#0"},
				"down": {"uv": [5.5, 1.25, 4.25, 1.5], "texture": "#0"}
			}
		},
		{
			"from": [8, 8, 14],
			"to": [9, 8.5, 15],
			"rotation": {"angle": 0, "axis": "y", "origin": [0, 8, 0]},
			"faces": {
				"north": {"uv": [6.25, 0, 7.5, 0.125], "texture": "#0"},
				"east": {"uv": [9, 4.25, 9.25, 4.375], "texture": "#0"},
				"south": {"uv": [6.25, 0.25, 7.5, 0.375], "texture": "#0"},
				"west": {"uv": [6.75, 9, 7, 9.125], "texture": "#0"},
				"up": {"uv": [5.5, 1.25, 4.25, 1], "texture": "#0"},
				"down": {"uv": [5.5, 1.25, 4.25, 1.5], "texture": "#0"}
			}
		},
		{
			"from": [2, 8, 8],
			"to": [3, 8.5, 9],
			"rotation": {"angle": 0, "axis": "y", "origin": [0, 8, 0]},
			"faces": {
				"north": {"uv": [6.25, 0, 7.5, 0.125], "texture": "#0"},
				"east": {"uv": [9, 4.25, 9.25, 4.375], "texture": "#0"},
				"south": {"uv": [6.25, 0.25, 7.5, 0.375], "texture": "#0"},
				"west": {"uv": [6.75, 9, 7, 9.125], "texture": "#0"},
				"up": {"uv": [5.5, 1.25, 4.25, 1], "texture": "#0"},
				"down": {"uv": [5.5, 1.25, 4.25, 1.5], "texture": "#0"}
			}
		},
		{
			"from": [14, 8, 8],
			"to": [15, 8.5, 9],
			"rotation": {"angle": 0, "axis": "y", "origin": [0, 8, 0]},
			"faces": {
				"north": {"uv": [6.25, 0, 7.5, 0.125], "texture": "#0"},
				"east": {"uv": [9, 4.25, 9.25, 4.375], "texture": "#0"},
				"south": {"uv": [6.25, 0.25, 7.5, 0.375], "texture": "#0"},
				"west": {"uv": [6.75, 9, 7, 9.125], "texture": "#0"},
				"up": {"uv": [5.5, 1.25, 4.25, 1], "texture": "#0"},
				"down": {"uv": [5.5, 1.25, 4.25, 1.5], "texture": "#0"}
			}
		},
		{
			"from": [4, 8, 2],
			"to": [6, 8.5, 3],
			"rotation": {"angle": 0, "axis": "y", "origin": [0, 8, 0]},
			"faces": {
				"north": {"uv": [7.75, 7.75, 8.25, 7.875], "texture": "#0"},
				"east": {"uv": [7, 9, 7.25, 9.125], "texture": "#0"},
				"south": {"uv": [8, 0, 8.5, 0.125], "texture": "#0"},
				"west": {"uv": [9, 7, 9.25, 7.125], "texture": "#0"},
				"up": {"uv": [6, 3.5, 5.5, 3.25], "texture": "#0"},
				"down": {"uv": [4.25, 6.5, 3.75, 6.75], "texture": "#0"}
			}
		},
		{
			"from": [11, 8, 2],
			"to": [13, 8.5, 3],
			"rotation": {"angle": 0, "axis": "y", "origin": [0, 8, 0]},
			"faces": {
				"north": {"uv": [8.25, 3.5, 8.75, 3.625], "texture": "#0"},
				"east": {"uv": [2.75, 9.25, 3, 9.375], "texture": "#0"},
				"south": {"uv": [6.25, 8.25, 6.75, 8.375], "texture": "#0"},
				"west": {"uv": [9.25, 2.75, 9.5, 2.875], "texture": "#0"},
				"up": {"uv": [1.75, 7.25, 1.25, 7], "texture": "#0"},
				"down": {"uv": [2.25, 7, 1.75, 7.25], "texture": "#0"}
			}
		},
		{
			"from": [3, 8, 3],
			"to": [4, 8.5, 4],
			"rotation": {"angle": 0, "axis": "y", "origin": [0, 8, 0]},
			"faces": {
				"north": {"uv": [7.25, 9, 7.5, 9.125], "texture": "#0"},
				"east": {"uv": [9, 7.25, 9.25, 7.375], "texture": "#0"},
				"south": {"uv": [7.5, 9, 7.75, 9.125], "texture": "#0"},
				"west": {"uv": [9, 7.5, 9.25, 7.625], "texture": "#0"},
				"up": {"uv": [0.5, 8.25, 0.25, 8], "texture": "#0"},
				"down": {"uv": [8.25, 0.25, 8, 0.5], "texture": "#0"}
			}
		},
		{
			"from": [13, 8, 3],
			"to": [14, 8.5, 4],
			"rotation": {"angle": 0, "axis": "y", "origin": [0, 8, 0]},
			"faces": {
				"north": {"uv": [9.25, 1.75, 9.5, 1.875], "texture": "#0"},
				"east": {"uv": [2, 9.25, 2.25, 9.375], "texture": "#0"},
				"south": {"uv": [2.5, 9.25, 2.75, 9.375], "texture": "#0"},
				"west": {"uv": [9.25, 2.5, 9.5, 2.625], "texture": "#0"},
				"up": {"uv": [1, 8.5, 0.75, 8.25], "texture": "#0"},
				"down": {"uv": [8.5, 3.25, 8.25, 3.5], "texture": "#0"}
			}
		},
		{
			"from": [3, 8, 13],
			"to": [4, 8.5, 14],
			"rotation": {"angle": 0, "axis": "y", "origin": [0, 8, 0]},
			"faces": {
				"north": {"uv": [8.5, 9, 8.75, 9.125], "texture": "#0"},
				"east": {"uv": [9, 8.5, 9.25, 8.625], "texture": "#0"},
				"south": {"uv": [8.75, 9, 9, 9.125], "texture": "#0"},
				"west": {"uv": [9, 8.75, 9.25, 8.875], "texture": "#0"},
				"up": {"uv": [8.25, 3.5, 8, 3.25], "texture": "#0"},
				"down": {"uv": [8.25, 3.5, 8, 3.75], "texture": "#0"}
			}
		},
		{
			"from": [13, 8, 13],
			"to": [14, 8.5, 14],
			"rotation": {"angle": 0, "axis": "y", "origin": [0, 8, 0]},
			"faces": {
				"north": {"uv": [9.25, 0.5, 9.5, 0.625], "texture": "#0"},
				"east": {"uv": [0.75, 9.25, 1, 9.375], "texture": "#0"},
				"south": {"uv": [9.25, 0.75, 9.5, 0.875], "texture": "#0"},
				"west": {"uv": [1, 9.25, 1.25, 9.375], "texture": "#0"},
				"up": {"uv": [8.25, 7.5, 8, 7.25], "texture": "#0"},
				"down": {"uv": [8, 8, 7.75, 8.25], "texture": "#0"}
			}
		},
		{
			"from": [4, 8, 14],
			"to": [6, 8.5, 15],
			"rotation": {"angle": 0, "axis": "y", "origin": [0, 8, 0]},
			"faces": {
				"north": {"uv": [8, 3.75, 8.5, 3.875], "texture": "#0"},
				"east": {"uv": [9, 9, 9.25, 9.125], "texture": "#0"},
				"south": {"uv": [8, 4, 8.5, 4.125], "texture": "#0"},
				"west": {"uv": [0, 9.25, 0.25, 9.375], "texture": "#0"},
				"up": {"uv": [7.25, 1.25, 6.75, 1], "texture": "#0"},
				"down": {"uv": [7.25, 1.25, 6.75, 1.5], "texture": "#0"}
			}
		},
		{
			"from": [11, 8, 14],
			"to": [13, 8.5, 15],
			"rotation": {"angle": 0, "axis": "y", "origin": [0, 8, 0]},
			"faces": {
				"north": {"uv": [8, 4.25, 8.5, 4.375], "texture": "#0"},
				"east": {"uv": [9.25, 0.25, 9.5, 0.375], "texture": "#0"},
				"south": {"uv": [8, 7, 8.5, 7.125], "texture": "#0"},
				"west": {"uv": [0.5, 9.25, 0.75, 9.375], "texture": "#0"},
				"up": {"uv": [2.25, 7, 1.75, 6.75], "texture": "#0"},
				"down": {"uv": [4.25, 6.75, 3.75, 7], "texture": "#0"}
			}
		},
		{
			"from": [6, 8, 15],
			"to": [11, 8.5, 16],
			"rotation": {"angle": 0, "axis": "y", "origin": [0, 8, 0]},
			"faces": {
				"north": {"uv": [6.25, 4.5, 7.5, 4.625], "texture": "#0"},
				"east": {"uv": [9.25, 0, 9.5, 0.125], "texture": "#0"},
				"south": {"uv": [6.25, 4.75, 7.5, 4.875], "texture": "#0"},
				"west": {"uv": [0.25, 9.25, 0.5, 9.375], "texture": "#0"},
				"up": {"uv": [5.5, 4.25, 4.25, 4], "texture": "#0"},
				"down": {"uv": [5.5, 4.25, 4.25, 4.5], "texture": "#0"}
			}
		},
		{
			"from": [2, 8, 4],
			"to": [3, 8.5, 6],
			"rotation": {"angle": 0, "axis": "y", "origin": [0, 8, 0]},
			"faces": {
				"north": {"uv": [7.75, 9, 8, 9.125], "texture": "#0"},
				"east": {"uv": [0.5, 8, 1, 8.125], "texture": "#0"},
				"south": {"uv": [9, 7.75, 9.25, 7.875], "texture": "#0"},
				"west": {"uv": [8, 2.5, 8.5, 2.625], "texture": "#0"},
				"up": {"uv": [1.25, 7, 1, 6.5], "texture": "#0"},
				"down": {"uv": [2.5, 6.5, 2.25, 7], "texture": "#0"}
			}
		},
		{
			"from": [14, 8, 4],
			"to": [15, 8.5, 6],
			"rotation": {"angle": 0, "axis": "y", "origin": [0, 8, 0]},
			"faces": {
				"north": {"uv": [9.25, 1.5, 9.5, 1.625], "texture": "#0"},
				"east": {"uv": [8.25, 0.25, 8.75, 0.375], "texture": "#0"},
				"south": {"uv": [1.75, 9.25, 2, 9.375], "texture": "#0"},
				"west": {"uv": [8.25, 0.5, 8.75, 0.625], "texture": "#0"},
				"up": {"uv": [1, 7.5, 0.75, 7], "texture": "#0"},
				"down": {"uv": [1.25, 7, 1, 7.5], "texture": "#0"}
			}
		},
		{
			"from": [1, 8, 6],
			"to": [2, 8.5, 11],
			"rotation": {"angle": 0, "axis": "y", "origin": [0, 8, 0]},
			"faces": {
				"north": {"uv": [8, 9, 8.25, 9.125], "texture": "#0"},
				"east": {"uv": [6.25, 0.5, 7.5, 0.625], "texture": "#0"},
				"south": {"uv": [9, 8, 9.25, 8.125], "texture": "#0"},
				"west": {"uv": [6.25, 0.75, 7.5, 0.875], "texture": "#0"},
				"up": {"uv": [4.5, 2.75, 4.25, 1.5], "texture": "#0"},
				"down": {"uv": [4.5, 2.75, 4.25, 4], "texture": "#0"}
			}
		},
		{
			"from": [15, 8, 6],
			"to": [16, 8.5, 11],
			"rotation": {"angle": 0, "axis": "y", "origin": [0, 8, 0]},
			"faces": {
				"north": {"uv": [9.25, 1.25, 9.5, 1.375], "texture": "#0"},
				"east": {"uv": [6.25, 5, 7.5, 5.125], "texture": "#0"},
				"south": {"uv": [1.5, 9.25, 1.75, 9.375], "texture": "#0"},
				"west": {"uv": [6.25, 5.25, 7.5, 5.375], "texture": "#0"},
				"up": {"uv": [4.75, 2.75, 4.5, 1.5], "texture": "#0"},
				"down": {"uv": [4.75, 2.75, 4.5, 4], "texture": "#0"}
			}
		},
		{
			"from": [2, 8, 11],
			"to": [3, 8.5, 13],
			"rotation": {"angle": 0, "axis": "y", "origin": [0, 8, 0]},
			"faces": {
				"north": {"uv": [8.25, 9, 8.5, 9.125], "texture": "#0"},
				"east": {"uv": [8, 2.75, 8.5, 2.875], "texture": "#0"},
				"south": {"uv": [9, 8.25, 9.25, 8.375], "texture": "#0"},
				"west": {"uv": [8, 3, 8.5, 3.125], "texture": "#0"},
				"up": {"uv": [6.5, 7, 6.25, 6.5], "texture": "#0"},
				"down": {"uv": [6.75, 6.5, 6.5, 7], "texture": "#0"}
			}
		},
		{
			"from": [14, 8, 11],
			"to": [15, 8.5, 13],
			"rotation": {"angle": 0, "axis": "y", "origin": [0, 8, 0]},
			"faces": {
				"north": {"uv": [9.25, 1, 9.5, 1.125], "texture": "#0"},
				"east": {"uv": [8, 8, 8.5, 8.125], "texture": "#0"},
				"south": {"uv": [1.25, 9.25, 1.5, 9.375], "texture": "#0"},
				"west": {"uv": [0.25, 8.25, 0.75, 8.375], "texture": "#0"},
				"up": {"uv": [7, 7, 6.75, 6.5], "texture": "#0"},
				"down": {"uv": [0.75, 7, 0.5, 7.5], "texture": "#0"}
			}
		},
		{
			"from": [6, 8.25, 3],
			"to": [11, 8.75, 4],
			"rotation": {"angle": 0, "axis": "y", "origin": [0, 8, 0]},
			"faces": {
				"north": {"uv": [6.25, 5.5, 7.5, 5.625], "texture": "#0"},
				"east": {"uv": [9.25, 3, 9.5, 3.125], "texture": "#0"},
				"south": {"uv": [6.25, 5.75, 7.5, 5.875], "texture": "#0"},
				"west": {"uv": [3.25, 9.25, 3.5, 9.375], "texture": "#0"},
				"up": {"uv": [5.5, 4.75, 4.25, 4.5], "texture": "#0"},
				"down": {"uv": [6, 1.5, 4.75, 1.75], "texture": "#0"}
			}
		},
		{
			"from": [6, 8.25, 13],
			"to": [11, 8.75, 14],
			"rotation": {"angle": 0, "axis": "y", "origin": [0, 8, 0]},
			"faces": {
				"north": {"uv": [6.25, 6, 7.5, 6.125], "texture": "#0"},
				"east": {"uv": [9.25, 3.25, 9.5, 3.375], "texture": "#0"},
				"south": {"uv": [6.25, 6.25, 7.5, 6.375], "texture": "#0"},
				"west": {"uv": [3.5, 9.25, 3.75, 9.375], "texture": "#0"},
				"up": {"uv": [6, 2, 4.75, 1.75], "texture": "#0"},
				"down": {"uv": [6, 2, 4.75, 2.25], "texture": "#0"}
			}
		},
		{
			"from": [3, 8.25, 6],
			"to": [4, 8.75, 11],
			"rotation": {"angle": 0, "axis": "y", "origin": [8.5, 8.5, 13.5]},
			"faces": {
				"north": {"uv": [9.25, 3.5, 9.5, 3.625], "texture": "#0"},
				"east": {"uv": [6.5, 1.5, 7.75, 1.625], "texture": "#0"},
				"south": {"uv": [9.25, 3.75, 9.5, 3.875], "texture": "#0"},
				"west": {"uv": [6.5, 1.75, 7.75, 1.875], "texture": "#0"},
				"up": {"uv": [5, 3.5, 4.75, 2.25], "texture": "#0"},
				"down": {"uv": [2.8125, 6.625, 2.5625, 7.875], "texture": "#0"}
			}
		},
		{
			"from": [13, 8.25, 6],
			"to": [14, 8.75, 11],
			"rotation": {"angle": 0, "axis": "y", "origin": [8.5, 8.5, 13.5]},
			"faces": {
				"north": {"uv": [4, 9.25, 4.25, 9.375], "texture": "#0"},
				"east": {"uv": [6.5, 2, 7.75, 2.125], "texture": "#0"},
				"south": {"uv": [9.25, 4.25, 9.5, 4.375], "texture": "#0"},
				"west": {"uv": [6.5, 2.25, 7.75, 2.375], "texture": "#0"},
				"up": {"uv": [4.5, 6, 4.25, 4.75], "texture": "#0"},
				"down": {"uv": [4.75, 4.75, 4.5, 6], "texture": "#0"}
			}
		},
		{
			"from": [11, 8.25, 12],
			"to": [12, 8.75, 13],
			"rotation": {"angle": 0, "axis": "y", "origin": [8.5, 8.5, 13.5]},
			"faces": {
				"north": {"uv": [9.25, 4.5, 9.5, 4.625], "texture": "#0"},
				"east": {"uv": [9.25, 4.75, 9.5, 4.875], "texture": "#0"},
				"south": {"uv": [9.25, 5, 9.5, 5.125], "texture": "#0"},
				"west": {"uv": [9.25, 5.25, 9.5, 5.375], "texture": "#0"},
				"up": {"uv": [4.25, 8.5, 4, 8.25], "texture": "#0"},
				"down": {"uv": [8.5, 6.5, 8.25, 6.75], "texture": "#0"}
			}
		},
		{
			"from": [11, 8.25, 4],
			"to": [12, 8.75, 5],
			"rotation": {"angle": 0, "axis": "y", "origin": [8.5, 8.5, 13.5]},
			"faces": {
				"north": {"uv": [9.25, 8, 9.5, 8.125], "texture": "#0"},
				"east": {"uv": [8.25, 9.25, 8.5, 9.375], "texture": "#0"},
				"south": {"uv": [9.25, 8.25, 9.5, 8.375], "texture": "#0"},
				"west": {"uv": [8.5, 9.25, 8.75, 9.375], "texture": "#0"},
				"up": {"uv": [1.25, 8.75, 1, 8.5], "texture": "#0"},
				"down": {"uv": [8.75, 1.75, 8.5, 2], "texture": "#0"}
			}
		},
		{
			"from": [5, 8.25, 12],
			"to": [6, 8.75, 13],
			"rotation": {"angle": 0, "axis": "y", "origin": [8.5, 8.5, 13.5]},
			"faces": {
				"north": {"uv": [9.25, 6, 9.5, 6.125], "texture": "#0"},
				"east": {"uv": [9.25, 6.25, 9.5, 6.375], "texture": "#0"},
				"south": {"uv": [9.25, 6.5, 9.5, 6.625], "texture": "#0"},
				"west": {"uv": [6.75, 9.25, 7, 9.375], "texture": "#0"},
				"up": {"uv": [7.5, 8.5, 7.25, 8.25], "texture": "#0"},
				"down": {"uv": [8.5, 7.25, 8.25, 7.5], "texture": "#0"}
			}
		},
		{
			"from": [5, 8.25, 4],
			"to": [6, 8.75, 5],
			"rotation": {"angle": 0, "axis": "y", "origin": [8.5, 8.5, 13.5]},
			"faces": {
				"north": {"uv": [9.25, 7.25, 9.5, 7.375], "texture": "#0"},
				"east": {"uv": [7.5, 9.25, 7.75, 9.375], "texture": "#0"},
				"south": {"uv": [9.25, 7.5, 9.5, 7.625], "texture": "#0"},
				"west": {"uv": [7.75, 9.25, 8, 9.375], "texture": "#0"},
				"up": {"uv": [8.75, 0.25, 8.5, 0], "texture": "#0"},
				"down": {"uv": [0.5, 8.5, 0.25, 8.75], "texture": "#0"}
			}
		},
		{
			"from": [12, 8.25, 11],
			"to": [13, 8.75, 13],
			"rotation": {"angle": 0, "axis": "y", "origin": [8.5, 8.5, 13.5]},
			"faces": {
				"north": {"uv": [9.25, 5.5, 9.5, 5.625], "texture": "#0"},
				"east": {"uv": [6.75, 8.25, 7.25, 8.375], "texture": "#0"},
				"south": {"uv": [9.25, 5.75, 9.5, 5.875], "texture": "#0"},
				"west": {"uv": [8.25, 6.75, 8.75, 6.875], "texture": "#0"},
				"up": {"uv": [2.5, 7.5, 2.25, 7], "texture": "#0"},
				"down": {"uv": [3.5, 7, 3.25, 7.5], "texture": "#0"}
			}
		},
		{
			"from": [12, 8.25, 4],
			"to": [13, 8.75, 6],
			"rotation": {"angle": 0, "axis": "y", "origin": [8.5, 8.5, 13.5]},
			"faces": {
				"north": {"uv": [9.25, 7.75, 9.5, 7.875], "texture": "#0"},
				"east": {"uv": [0.5, 8.5, 1, 8.625], "texture": "#0"},
				"south": {"uv": [8, 9.25, 8.25, 9.375], "texture": "#0"},
				"west": {"uv": [8.5, 1.5, 9, 1.625], "texture": "#0"},
				"up": {"uv": [6.75, 7.5, 6.5, 7], "texture": "#0"},
				"down": {"uv": [7.25, 6.5, 7, 7], "texture": "#0"}
			}
		},
		{
			"from": [4, 8.25, 11],
			"to": [5, 8.75, 13],
			"rotation": {"angle": 0, "axis": "y", "origin": [8.5, 8.5, 13.5]},
			"faces": {
				"north": {"uv": [9.25, 6.75, 9.5, 6.875], "texture": "#0"},
				"east": {"uv": [7.5, 8.25, 8, 8.375], "texture": "#0"},
				"south": {"uv": [7, 9.25, 7.25, 9.375], "texture": "#0"},
				"west": {"uv": [8.25, 7.5, 8.75, 7.625], "texture": "#0"},
				"up": {"uv": [3.75, 7.5, 3.5, 7], "texture": "#0"},
				"down": {"uv": [4, 7, 3.75, 7.5], "texture": "#0"}
			}
		},
		{
			"from": [4, 8.25, 4],
			"to": [5, 8.75, 6],
			"rotation": {"angle": 0, "axis": "y", "origin": [8.5, 8.5, 13.5]},
			"faces": {
				"north": {"uv": [9.25, 7, 9.5, 7.125], "texture": "#0"},
				"east": {"uv": [8.25, 7.75, 8.75, 7.875], "texture": "#0"},
				"south": {"uv": [7.25, 9.25, 7.5, 9.375], "texture": "#0"},
				"west": {"uv": [8, 8.25, 8.5, 8.375], "texture": "#0"},
				"up": {"uv": [4.25, 7.5, 4, 7], "texture": "#0"},
				"down": {"uv": [6.5, 7, 6.25, 7.5], "texture": "#0"}
			}
		},
		{
			"from": [4, 8.75, 6],
			"to": [5, 9.25, 11],
			"rotation": {"angle": 0, "axis": "y", "origin": [0, 8, 0]},
			"faces": {
				"north": {"uv": [9.25, 8.5, 9.5, 8.625], "texture": "#0"},
				"east": {"uv": [6.5, 2.5, 7.75, 2.625], "texture": "#0"},
				"south": {"uv": [8.75, 9.25, 9, 9.375], "texture": "#0"},
				"west": {"uv": [6.5, 2.75, 7.75, 2.875], "texture": "#0"},
				"up": {"uv": [5, 6, 4.75, 4.75], "texture": "#0"},
				"down": {"uv": [2.8125, 7.25, 2.5625, 8.5], "texture": "#0"}
			}
		},
		{
			"from": [12, 8.75, 6],
			"to": [13, 9.25, 11],
			"rotation": {"angle": 0, "axis": "y", "origin": [0, 8, 0]},
			"faces": {
				"north": {"uv": [9.25, 8.75, 9.5, 8.875], "texture": "#0"},
				"east": {"uv": [6.5, 3, 7.75, 3.125], "texture": "#0"},
				"south": {"uv": [9, 9.25, 9.25, 9.375], "texture": "#0"},
				"west": {"uv": [6.5, 3.25, 7.75, 3.375], "texture": "#0"},
				"up": {"uv": [5.25, 3.5, 5, 2.25], "texture": "#0"},
				"down": {"uv": [2.75, 5, 2.5, 6.25], "texture": "#0"}
			}
		},
		{
			"from": [6, 8.75, 12],
			"to": [11, 9.25, 13],
			"rotation": {"angle": 0, "axis": "y", "origin": [12.5, 9, 8.5]},
			"faces": {
				"north": {"uv": [6.5, 3.5, 7.75, 3.625], "texture": "#0"},
				"east": {"uv": [9.25, 9, 9.5, 9.125], "texture": "#0"},
				"south": {"uv": [6.5, 3.75, 7.75, 3.875], "texture": "#0"},
				"west": {"uv": [9.25, 9.25, 9.5, 9.375], "texture": "#0"},
				"up": {"uv": [6, 3.75, 4.75, 3.5], "texture": "#0"},
				"down": {"uv": [6, 3.75, 4.75, 4], "texture": "#0"}
			}
		},
		{
			"from": [6, 8.75, 4],
			"to": [11, 9.25, 5],
			"rotation": {"angle": 0, "axis": "y", "origin": [12.5, 9, 8.5]},
			"faces": {
				"north": {"uv": [6.5, 4, 7.75, 4.125], "texture": "#0"},
				"east": {"uv": [0, 9.5, 0.25, 9.625], "texture": "#0"},
				"south": {"uv": [6.5, 4.25, 7.75, 4.375], "texture": "#0"},
				"west": {"uv": [9.5, 0, 9.75, 0.125], "texture": "#0"},
				"up": {"uv": [6.25, 0.25, 5, 0], "texture": "#0"},
				"down": {"uv": [6.25, 0.25, 5, 0.5], "texture": "#0"}
			}
		},
		{
			"from": [11, 8.75, 5],
			"to": [12, 9.25, 6],
			"rotation": {"angle": 0, "axis": "y", "origin": [12.5, 9, 8.5]},
			"faces": {
				"north": {"uv": [0.25, 9.5, 0.5, 9.625], "texture": "#0"},
				"east": {"uv": [9.5, 0.25, 9.75, 0.375], "texture": "#0"},
				"south": {"uv": [0.5, 9.5, 0.75, 9.625], "texture": "#0"},
				"west": {"uv": [9.5, 0.5, 9.75, 0.625], "texture": "#0"},
				"up": {"uv": [8.75, 2.25, 8.5, 2], "texture": "#0"},
				"down": {"uv": [8.75, 2.25, 8.5, 2.5], "texture": "#0"}
			}
		},
		{
			"from": [11, 8.75, 11],
			"to": [12, 9.25, 12],
			"rotation": {"angle": 0, "axis": "y", "origin": [12.5, 9, 8.5]},
			"faces": {
				"north": {"uv": [0.75, 9.5, 1, 9.625], "texture": "#0"},
				"east": {"uv": [9.5, 0.75, 9.75, 0.875], "texture": "#0"},
				"south": {"uv": [1, 9.5, 1.25, 9.625], "texture": "#0"},
				"west": {"uv": [9.5, 1, 9.75, 1.125], "texture": "#0"},
				"up": {"uv": [8.75, 2.75, 8.5, 2.5], "texture": "#0"},
				"down": {"uv": [8.75, 2.75, 8.5, 3], "texture": "#0"}
			}
		},
		{
			"from": [5, 8.75, 11],
			"to": [6, 9.25, 12],
			"rotation": {"angle": 0, "axis": "y", "origin": [12.5, 9, 8.5]},
			"faces": {
				"north": {"uv": [1.25, 9.5, 1.5, 9.625], "texture": "#0"},
				"east": {"uv": [9.5, 1.25, 9.75, 1.375], "texture": "#0"},
				"south": {"uv": [1.5, 9.5, 1.75, 9.625], "texture": "#0"},
				"west": {"uv": [9.5, 1.5, 9.75, 1.625], "texture": "#0"},
				"up": {"uv": [8.75, 3.25, 8.5, 3], "texture": "#0"},
				"down": {"uv": [8.75, 3.25, 8.5, 3.5], "texture": "#0"}
			}
		},
		{
			"from": [5, 8.75, 5],
			"to": [6, 9.25, 6],
			"rotation": {"angle": 0, "axis": "y", "origin": [12.5, 9, 8.5]},
			"faces": {
				"north": {"uv": [1.75, 9.5, 2, 9.625], "texture": "#0"},
				"east": {"uv": [9.5, 1.75, 9.75, 1.875], "texture": "#0"},
				"south": {"uv": [2, 9.5, 2.25, 9.625], "texture": "#0"},
				"west": {"uv": [9.5, 2, 9.75, 2.125], "texture": "#0"},
				"up": {"uv": [8.75, 4, 8.5, 3.75], "texture": "#0"},
				"down": {"uv": [4.25, 8.5, 4, 8.75], "texture": "#0"}
			}
		},
		{
			"from": [5, 9.25, 6],
			"to": [6, 9.5, 11],
			"rotation": {"angle": 0, "axis": "y", "origin": [0, 8, 0]},
			"faces": {
				"north": {"uv": [9.75, 1.5, 10, 1.5625], "texture": "#0"},
				"east": {"uv": [7.5, 0.75, 8.75, 0.8125], "texture": "#0"},
				"south": {"uv": [1.75, 9.75, 2, 9.8125], "texture": "#0"},
				"west": {"uv": [7.5, 1, 8.75, 1.0625], "texture": "#0"},
				"up": {"uv": [3, 6.25, 2.75, 5], "texture": "#0"},
				"down": {"uv": [5.25, 4.75, 5, 6], "texture": "#0"}
			}
		},
		{
			"from": [11, 9.25, 6],
			"to": [12, 9.5, 11],
			"rotation": {"angle": 0, "axis": "y", "origin": [0, 8, 0]},
			"faces": {
				"north": {"uv": [9.75, 1.75, 10, 1.8125], "texture": "#0"},
				"east": {"uv": [7.5, 1.25, 8.75, 1.3125], "texture": "#0"},
				"south": {"uv": [2, 9.75, 2.25, 9.8125], "texture": "#0"},
				"west": {"uv": [7.5, 4.5, 8.75, 4.5625], "texture": "#0"},
				"up": {"uv": [5.5, 3.5, 5.25, 2.25], "texture": "#0"},
				"down": {"uv": [5.5, 4.75, 5.25, 6], "texture": "#0"}
			}
		},
		{
			"from": [6, 9.25, 5],
			"to": [11, 9.5, 6],
			"rotation": {"angle": 0, "axis": "y", "origin": [11.5, 9.375, 8.5]},
			"faces": {
				"north": {"uv": [7.5, 4.75, 8.75, 4.8125], "texture": "#0"},
				"east": {"uv": [9.75, 2, 10, 2.0625], "texture": "#0"},
				"south": {"uv": [7.5, 5, 8.75, 5.0625], "texture": "#0"},
				"west": {"uv": [2.25, 9.75, 2.5, 9.8125], "texture": "#0"},
				"up": {"uv": [6.25, 0.75, 5, 0.5], "texture": "#0"},
				"down": {"uv": [6.25, 0.75, 5, 1], "texture": "#0"}
			}
		},
		{
			"from": [6, 9.25, 11],
			"to": [11, 9.5, 12],
			"rotation": {"angle": 0, "axis": "y", "origin": [11.5, 9.375, 8.5]},
			"faces": {
				"north": {"uv": [7.5, 5.25, 8.75, 5.3125], "texture": "#0"},
				"east": {"uv": [9.75, 2.25, 10, 2.3125], "texture": "#0"},
				"south": {"uv": [7.5, 5.5, 8.75, 5.5625], "texture": "#0"},
				"west": {"uv": [2.5, 9.75, 2.75, 9.8125], "texture": "#0"},
				"up": {"uv": [6.75, 1.25, 5.5, 1], "texture": "#0"},
				"down": {"uv": [6.75, 1.25, 5.5, 1.5], "texture": "#0"}
			}
		},
		{
			"from": [6, 9.5, 6],
			"to": [11, 9.75, 11],
			"rotation": {"angle": 0, "axis": "y", "origin": [11.5, 9.375, 8.5]},
			"faces": {
				"north": {"uv": [7.5, 5.75, 8.75, 5.8125], "texture": "#0"},
				"east": {"uv": [7.5, 6, 8.75, 6.0625], "texture": "#0"},
				"south": {"uv": [6.25, 7.5, 7.5, 7.5625], "texture": "#0"},
				"west": {"uv": [7.5, 6.25, 8.75, 6.3125], "texture": "#0"},
				"up": {"uv": [1.25, 1.25, 0, 0], "texture": "#0"},
				"down": {"uv": [1.25, 1.25, 0, 2.5], "texture": "#0"}
			}
		},
		{
			"from": [7.25, 9.75, 6.75],
			"to": [9.75, 10.25, 10.25],
			"rotation": {"angle": 0, "axis": "y", "origin": [0, 8, 0]},
			"faces": {
				"north": {"uv": [7.5, 7.5, 8.125, 7.625], "texture": "#0"},
				"east": {"uv": [7.25, 6.5, 8.125, 6.625], "texture": "#0"},
				"south": {"uv": [0.25, 7.75, 0.875, 7.875], "texture": "#0"},
				"west": {"uv": [7.25, 6.75, 8.125, 6.875], "texture": "#0"},
				"up": {"uv": [3.125, 0.875, 2.5, 0], "texture": "#0"},
				"down": {"uv": [0.875, 2.5, 0.25, 3.375], "texture": "#0"}
			}
		},
		{
			"from": [7.5, 10.25, 7.5],
			"to": [9.5, 10.75, 9.5],
			"rotation": {"angle": 0, "axis": "y", "origin": [0, 8, 0]},
			"faces": {
				"north": {"uv": [8.5, 4, 9, 4.125], "texture": "#0"},
				"east": {"uv": [8.5, 4.25, 9, 4.375], "texture": "#0"},
				"south": {"uv": [6, 8.5, 6.5, 8.625], "texture": "#0"},
				"west": {"uv": [6.5, 8.5, 7, 8.625], "texture": "#0"},
				"up": {"uv": [6, 2.75, 5.5, 2.25], "texture": "#0"},
				"down": {"uv": [6, 2.75, 5.5, 3.25], "texture": "#0"}
			}
		},
		{
			"from": [9.75, 9.75, 7.25],
			"to": [10.25, 10.25, 9.75],
			"rotation": {"angle": 0, "axis": "y", "origin": [8.5, 10, 8.5]},
			"faces": {
				"north": {"uv": [9.75, 2.5, 9.875, 2.625], "texture": "#0"},
				"east": {"uv": [7.75, 1.5, 8.375, 1.625], "texture": "#0"},
				"south": {"uv": [2.75, 9.75, 2.875, 9.875], "texture": "#0"},
				"west": {"uv": [7.75, 1.75, 8.375, 1.875], "texture": "#0"},
				"up": {"uv": [4.125, 8.125, 4, 7.5], "texture": "#0"},
				"down": {"uv": [1.125, 7.75, 1, 8.375], "texture": "#0"}
			}
		},
		{
			"from": [6.75, 9.75, 7.25],
			"to": [7.25, 10.25, 9.75],
			"rotation": {"angle": 0, "axis": "y", "origin": [8.5, 10, 8.5]},
			"faces": {
				"north": {"uv": [9.75, 2.75, 9.875, 2.875], "texture": "#0"},
				"east": {"uv": [7.75, 2, 8.375, 2.125], "texture": "#0"},
				"south": {"uv": [9.75, 3, 9.875, 3.125], "texture": "#0"},
				"west": {"uv": [7.75, 2.25, 8.375, 2.375], "texture": "#0"},
				"up": {"uv": [7.875, 3.125, 7.75, 2.5], "texture": "#0"},
				"down": {"uv": [7.875, 3.25, 7.75, 3.875], "texture": "#0"}
			}
		},
		{
			"from": [3.5, 8.5, 3],
			"to": [5.5, 9, 5],
			"rotation": {"angle": 0, "axis": "y", "origin": [0, 8, 0]},
			"faces": {
				"north": {"uv": [8.5, 6.5, 9, 6.625], "texture": "#0"},
				"east": {"uv": [7, 8.5, 7.5, 8.625], "texture": "#0"},
				"south": {"uv": [8.5, 7, 9, 7.125], "texture": "#0"},
				"west": {"uv": [8.5, 7.25, 9, 7.375], "texture": "#0"},
				"up": {"uv": [6, 4.5, 5.5, 4], "texture": "#0"},
				"down": {"uv": [6, 4.5, 5.5, 5], "texture": "#0"}
			}
		},
		{
			"from": [2.5, 8.5, 5],
			"to": [4, 9, 7],
			"rotation": {"angle": 0, "axis": "y", "origin": [0, 8, 0]},
			"faces": {
				"north": {"uv": [0.5, 7.5, 1.25, 7.625], "texture": "#0"},
				"east": {"uv": [8.75, 1.25, 9.25, 1.375], "texture": "#0"},
				"south": {"uv": [7.5, 0.5, 8.25, 0.625], "texture": "#0"},
				"west": {"uv": [8.75, 1.75, 9.25, 1.875], "texture": "#0"},
				"up": {"uv": [5, 0.5, 4.25, 0], "texture": "#0"},
				"down": {"uv": [5, 0.5, 4.25, 1], "texture": "#0"}
			}
		},
		{
			"from": [4, 8.5, 5],
			"to": [5, 9, 6],
			"rotation": {"angle": 0, "axis": "y", "origin": [0, 8, 0]},
			"faces": {
				"north": {"uv": [0.5, 7.5, 1.25, 7.625], "texture": "#0"},
				"east": {"uv": [8.75, 1.25, 9.25, 1.375], "texture": "#0"},
				"south": {"uv": [7.5, 0.5, 8.25, 0.625], "texture": "#0"},
				"west": {"uv": [8.75, 1.75, 9.25, 1.875], "texture": "#0"},
				"up": {"uv": [5, 0.5, 4.25, 0], "texture": "#0"},
				"down": {"uv": [5, 0.5, 4.25, 1], "texture": "#0"}
			}
		},
		{
			"from": [5, 8.5, 2.25],
			"to": [6.25, 9, 3],
			"rotation": {"angle": 0, "axis": "y", "origin": [0, 8, 0]},
			"faces": {
				"north": {"uv": [3.25, 9, 3.5625, 9.125], "texture": "#0"},
				"east": {"uv": [9.5, 7.75, 9.6875, 7.875], "texture": "#0"},
				"south": {"uv": [9, 4, 9.3125, 4.125], "texture": "#0"},
				"west": {"uv": [8, 9.5, 8.1875, 9.625], "texture": "#0"},
				"up": {"uv": [9.0625, 5.6875, 8.75, 5.5], "texture": "#0"},
				"down": {"uv": [9.0625, 5.75, 8.75, 5.9375], "texture": "#0"}
			}
		},
		{
			"from": [3.5, 8.5, 11.75],
			"to": [5.5, 9, 13.75],
			"rotation": {"angle": 0, "axis": "y", "origin": [0, 8, 0]},
			"faces": {
				"north": {"uv": [7.5, 8.5, 8, 8.625], "texture": "#0"},
				"east": {"uv": [8, 8.5, 8.5, 8.625], "texture": "#0"},
				"south": {"uv": [8.5, 8, 9, 8.125], "texture": "#0"},
				"west": {"uv": [8.5, 8.25, 9, 8.375], "texture": "#0"},
				"up": {"uv": [6, 5.5, 5.5, 5], "texture": "#0"},
				"down": {"uv": [6, 5.5, 5.5, 6], "texture": "#0"}
			}
		},
		{
			"from": [5.5, 8.5, 13],
			"to": [7.5, 9, 14.25],
			"rotation": {"angle": 0, "axis": "y", "origin": [0, 8, 0]},
			"faces": {
				"north": {"uv": [8.75, 2.5, 9.25, 2.625], "texture": "#0"},
				"east": {"uv": [8.75, 2.75, 9.25, 2.875], "texture": "#0"},
				"south": {"uv": [8.75, 3, 9.25, 3.125], "texture": "#0"},
				"west": {"uv": [8.75, 3.25, 9.25, 3.375], "texture": "#0"},
				"up": {"uv": [6.5, 4, 6, 3.5], "texture": "#0"},
				"down": {"uv": [6.5, 4, 6, 4.5], "texture": "#0"}
			}
		},
		{
			"from": [5.5, 8.5, 12],
			"to": [6, 9, 13],
			"rotation": {"angle": 0, "axis": "y", "origin": [0, 8, 0]},
			"faces": {
				"north": {"uv": [8.75, 2.5, 9.25, 2.625], "texture": "#0"},
				"east": {"uv": [8.75, 2.75, 9.25, 2.875], "texture": "#0"},
				"south": {"uv": [8.75, 3, 9.25, 3.125], "texture": "#0"},
				"west": {"uv": [8.75, 3.25, 9.25, 3.375], "texture": "#0"},
				"up": {"uv": [6.5, 4, 6, 3.5], "texture": "#0"},
				"down": {"uv": [6.5, 4, 6, 4.5], "texture": "#0"}
			}
		},
		{
			"from": [2.5, 8.5, 11.25],
			"to": [3.5, 9, 12.25],
			"rotation": {"angle": 0, "axis": "y", "origin": [0, 8, 0]},
			"faces": {
				"north": {"uv": [2.25, 9.5, 2.5, 9.625], "texture": "#0"},
				"east": {"uv": [9.5, 2.25, 9.75, 2.375], "texture": "#0"},
				"south": {"uv": [2.5, 9.5, 2.75, 9.625], "texture": "#0"},
				"west": {"uv": [9.5, 2.5, 9.75, 2.625], "texture": "#0"},
				"up": {"uv": [9, 2.25, 8.75, 2], "texture": "#0"},
				"down": {"uv": [9, 2.25, 8.75, 2.5], "texture": "#0"}
			}
		},
		{
			"from": [13.25, 8.5, 8.25],
			"to": [15.25, 9, 10.25],
			"rotation": {"angle": 0, "axis": "y", "origin": [0, 8, 0]},
			"faces": {
				"north": {"uv": [8.5, 8.5, 9, 8.625], "texture": "#0"},
				"east": {"uv": [8.75, 0, 9.25, 0.125], "texture": "#0"},
				"south": {"uv": [0.25, 8.75, 0.75, 8.875], "texture": "#0"},
				"west": {"uv": [8.75, 0.25, 9.25, 0.375], "texture": "#0"},
				"up": {"uv": [6.5, 2, 6, 1.5], "texture": "#0"},
				"down": {"uv": [6.5, 2, 6, 2.5], "texture": "#0"}
			}
		},
		{
			"from": [12.5, 8.5, 6.25],
			"to": [14.5, 9, 8.25],
			"rotation": {"angle": 0, "axis": "y", "origin": [0, 8, 0]},
			"faces": {
				"north": {"uv": [8.75, 0.5, 9.25, 0.625], "texture": "#0"},
				"east": {"uv": [0.75, 8.75, 1.25, 8.875], "texture": "#0"},
				"south": {"uv": [8.75, 0.75, 9.25, 0.875], "texture": "#0"},
				"west": {"uv": [8.75, 1, 9.25, 1.125], "texture": "#0"},
				"up": {"uv": [6.5, 3, 6, 2.5], "texture": "#0"},
				"down": {"uv": [6.5, 3, 6, 3.5], "texture": "#0"}
			}
		},
		{
			"from": [14.25, 8.5, 10.25],
			"to": [15, 9, 11.5],
			"rotation": {"angle": 0, "axis": "y", "origin": [0, 8, 0]},
			"faces": {
				"north": {"uv": [9.5, 7.5, 9.6875, 7.625], "texture": "#0"},
				"east": {"uv": [9, 2, 9.3125, 2.125], "texture": "#0"},
				"south": {"uv": [7.75, 9.5, 7.9375, 9.625], "texture": "#0"},
				"west": {"uv": [9, 2.25, 9.3125, 2.375], "texture": "#0"},
				"up": {"uv": [4.1875, 9.0625, 4, 8.75], "texture": "#0"},
				"down": {"uv": [8.9375, 5, 8.75, 5.3125], "texture": "#0"}
			}
		},
		{
			"from": [-0.25, 8.25, 8],
			"to": [1.5, 8.75, 9],
			"rotation": {"angle": -22.5, "axis": "z", "origin": [1, 8.5, 8.5]},
			"faces": {
				"north": {"uv": [6, 8.75, 6.4375, 8.875], "texture": "#0"},
				"east": {"uv": [2.75, 9.5, 3, 9.625], "texture": "#0"},
				"south": {"uv": [8.75, 6, 9.1875, 6.125], "texture": "#0"},
				"west": {"uv": [9.5, 2.75, 9.75, 2.875], "texture": "#0"},
				"up": {"uv": [7.6875, 7.25, 7.25, 7], "texture": "#0"},
				"down": {"uv": [7.6875, 7.25, 7.25, 7.5], "texture": "#0"}
			}
		},
		{
			"from": [0.75, 7.5, 8],
			"to": [1.25, 8.25, 9],
			"rotation": {"angle": -22.5, "axis": "z", "origin": [1, 8.5, 8.5]},
			"faces": {
				"north": {"uv": [9.5, 8.25, 9.625, 8.4375], "texture": "#0"},
				"east": {"uv": [7.25, 8.75, 7.5, 8.9375], "texture": "#0"},
				"south": {"uv": [8.5, 9.5, 8.625, 9.6875], "texture": "#0"},
				"west": {"uv": [7.5, 8.75, 7.75, 8.9375], "texture": "#0"},
				"up": {"uv": [9.625, 3.75, 9.5, 3.5], "texture": "#0"},
				"down": {"uv": [3.875, 9.5, 3.75, 9.75], "texture": "#0"}
			}
		},
		{
			"from": [7.91507, 10.26371, 16.25915],
			"to": [8.91507, 10.76371, 17.00915],
			"rotation": {"angle": -22.5, "axis": "x", "origin": [8.41507, 9.20121, 17.07165]},
			"faces": {
				"north": {"uv": [9.5, 7.25, 9.75, 7.375], "texture": "#0"},
				"east": {"uv": [0.25, 9.75, 0.4375, 9.875], "texture": "#0"},
				"south": {"uv": [7.5, 9.5, 7.75, 9.625], "texture": "#0"},
				"west": {"uv": [9.75, 0.25, 9.9375, 0.375], "texture": "#0"},
				"up": {"uv": [1.25, 9.1875, 1, 9], "texture": "#0"},
				"down": {"uv": [9.25, 1.5, 9, 1.6875], "texture": "#0"}
			}
		},
		{
			"from": [7.91507, 9.76371, 17.50915],
			"to": [8.91507, 10.01371, 17.75915],
			"rotation": {"angle": -22.5, "axis": "x", "origin": [8.41507, 9.20121, 17.07165]},
			"faces": {
				"north": {"uv": [9.75, 5.25, 10, 5.3125], "texture": "#0"},
				"east": {"uv": [6, 10, 6.0625, 10.0625], "texture": "#0"},
				"south": {"uv": [9.75, 5.5, 10, 5.5625], "texture": "#0"},
				"west": {"uv": [10, 6, 10.0625, 6.0625], "texture": "#0"},
				"up": {"uv": [6, 9.8125, 5.75, 9.75], "texture": "#0"},
				"down": {"uv": [10, 5.75, 9.75, 5.8125], "texture": "#0"}
			}
		},
		{
			"from": [7.91507, 9.26371, 17.00915],
			"to": [8.91507, 10.51371, 17.50915],
			"rotation": {"angle": -22.5, "axis": "x", "origin": [8.41507, 9.20121, 17.07165]},
			"faces": {
				"north": {"uv": [7.25, 7.75, 7.5, 8.0625], "texture": "#0"},
				"east": {"uv": [6.5, 9, 6.625, 9.3125], "texture": "#0"},
				"south": {"uv": [7.5, 7.75, 7.75, 8.0625], "texture": "#0"},
				"west": {"uv": [9, 6.5, 9.125, 6.8125], "texture": "#0"},
				"up": {"uv": [9.75, 7.125, 9.5, 7], "texture": "#0"},
				"down": {"uv": [7.5, 9.5, 7.25, 9.625], "texture": "#0"}
			}
		},
		{
			"from": [7.91507, 8.76371, 15.25915],
			"to": [8.91507, 9.26371, 17.25915],
			"rotation": {"angle": -22.5, "axis": "x", "origin": [8.41507, 9.20121, 17.07165]},
			"faces": {
				"north": {"uv": [9.5, 6.75, 9.75, 6.875], "texture": "#0"},
				"east": {"uv": [8.75, 4.5, 9.25, 4.625], "texture": "#0"},
				"south": {"uv": [7, 9.5, 7.25, 9.625], "texture": "#0"},
				"west": {"uv": [8.75, 4.75, 9.25, 4.875], "texture": "#0"},
				"up": {"uv": [0.5, 7.75, 0.25, 7.25], "texture": "#0"},
				"down": {"uv": [7.5, 1, 7.25, 1.5], "texture": "#0"}
			}
		},
		{
			"from": [7.91507, 8.01371, 15.75915],
			"to": [8.91507, 8.76371, 16.25915],
			"rotation": {"angle": -22.5, "axis": "x", "origin": [8.41507, 9.20121, 17.07165]},
			"faces": {
				"north": {"uv": [0.5, 9, 0.75, 9.1875], "texture": "#0"},
				"east": {"uv": [0, 9.75, 0.125, 9.9375], "texture": "#0"},
				"south": {"uv": [0.75, 9, 1, 9.1875], "texture": "#0"},
				"west": {"uv": [9.75, 0, 9.875, 0.1875], "texture": "#0"},
				"up": {"uv": [9.75, 6.625, 9.5, 6.5], "texture": "#0"},
				"down": {"uv": [7, 9.5, 6.75, 9.625], "texture": "#0"}
			}
		},
		{
			"from": [-0.5, 8.75, 8],
			"to": [0, 10, 9],
			"rotation": {"angle": -22.5, "axis": "z", "origin": [1, 8.5, 8.5]},
			"faces": {
				"north": {"uv": [2.25, 9, 2.375, 9.3125], "texture": "#0"},
				"east": {"uv": [7.75, 4, 8, 4.3125], "texture": "#0"},
				"south": {"uv": [3.75, 9, 3.875, 9.3125], "texture": "#0"},
				"west": {"uv": [6.25, 7.75, 6.5, 8.0625], "texture": "#0"},
				"up": {"uv": [9.625, 3.25, 9.5, 3], "texture": "#0"},
				"down": {"uv": [3.375, 9.5, 3.25, 9.75], "texture": "#0"}
			}
		},
		{
			"from": [-0.75, 9.25, 8],
			"to": [-0.5, 9.5, 9],
			"rotation": {"angle": -22.5, "axis": "z", "origin": [1, 8.5, 8.5]},
			"faces": {
				"north": {"uv": [5.25, 10, 5.3125, 10.0625], "texture": "#0"},
				"east": {"uv": [3.25, 9.75, 3.5, 9.8125], "texture": "#0"},
				"south": {"uv": [10, 5.25, 10.0625, 5.3125], "texture": "#0"},
				"west": {"uv": [9.75, 3.25, 10, 3.3125], "texture": "#0"},
				"up": {"uv": [3.5625, 10, 3.5, 9.75], "texture": "#0"},
				"down": {"uv": [9.8125, 3.5, 9.75, 3.75], "texture": "#0"}
			}
		},
		{
			"from": [16.209, 9.94376, 8],
			"to": [16.959, 10.44376, 9],
			"rotation": {"angle": 22.5, "axis": "z", "origin": [16.69984, 8.95383, 8.5]},
			"faces": {
				"north": {"uv": [9.5, 8.75, 9.6875, 8.875], "texture": "#0"},
				"east": {"uv": [9.5, 5, 9.75, 5.125], "texture": "#0"},
				"south": {"uv": [9, 9.5, 9.1875, 9.625], "texture": "#0"},
				"west": {"uv": [9.5, 5.25, 9.75, 5.375], "texture": "#0"},
				"up": {"uv": [8.9375, 8, 8.75, 7.75], "texture": "#0"},
				"down": {"uv": [8.1875, 8.75, 8, 9], "texture": "#0"}
			}
		},
		{
			"from": [16.959, 8.94376, 8],
			"to": [17.459, 10.19376, 9],
			"rotation": {"angle": 22.5, "axis": "z", "origin": [16.69984, 8.95383, 8.5]},
			"faces": {
				"north": {"uv": [9, 5, 9.125, 5.3125], "texture": "#0"},
				"east": {"uv": [6.5, 7.75, 6.75, 8.0625], "texture": "#0"},
				"south": {"uv": [5.75, 9, 5.875, 9.3125], "texture": "#0"},
				"west": {"uv": [6.75, 7.75, 7, 8.0625], "texture": "#0"},
				"up": {"uv": [9.625, 4.75, 9.5, 4.5], "texture": "#0"},
				"down": {"uv": [9.625, 4.75, 9.5, 5], "texture": "#0"}
			}
		},
		{
			"from": [15.459, 8.44376, 8],
			"to": [17.209, 8.94376, 9],
			"rotation": {"angle": 22.5, "axis": "z", "origin": [16.69984, 8.95383, 8.5]},
			"faces": {
				"north": {"uv": [8.75, 6.25, 9.1875, 6.375], "texture": "#0"},
				"east": {"uv": [9.5, 4, 9.75, 4.125], "texture": "#0"},
				"south": {"uv": [6.5, 8.75, 6.9375, 8.875], "texture": "#0"},
				"west": {"uv": [9.5, 4.25, 9.75, 4.375], "texture": "#0"},
				"up": {"uv": [7.9375, 0.25, 7.5, 0], "texture": "#0"},
				"down": {"uv": [7.9375, 0.25, 7.5, 0.5], "texture": "#0"}
			}
		},
		{
			"from": [15.709, 7.69376, 8],
			"to": [16.209, 8.44376, 9],
			"rotation": {"angle": 22.5, "axis": "z", "origin": [16.69984, 8.95383, 8.5]},
			"faces": {
				"north": {"uv": [9.5, 8.5, 9.625, 8.6875], "texture": "#0"},
				"east": {"uv": [8.75, 7.5, 9, 7.6875], "texture": "#0"},
				"south": {"uv": [8.75, 9.5, 8.875, 9.6875], "texture": "#0"},
				"west": {"uv": [7.75, 8.75, 8, 8.9375], "texture": "#0"},
				"up": {"uv": [9.625, 4, 9.5, 3.75], "texture": "#0"},
				"down": {"uv": [4.125, 9.5, 4, 9.75], "texture": "#0"}
			}
		},
		{
			"from": [17.459, 9.44376, 8],
			"to": [17.709, 9.69376, 9],
			"rotation": {"angle": 22.5, "axis": "z", "origin": [16.69984, 8.95383, 8.5]},
			"faces": {
				"north": {"uv": [5.5, 10, 5.5625, 10.0625], "texture": "#0"},
				"east": {"uv": [3.75, 9.75, 4, 9.8125], "texture": "#0"},
				"south": {"uv": [10, 5.5, 10.0625, 5.5625], "texture": "#0"},
				"west": {"uv": [9.75, 3.75, 10, 3.8125], "texture": "#0"},
				"up": {"uv": [4.0625, 10, 4, 9.75], "texture": "#0"},
				"down": {"uv": [9.8125, 4, 9.75, 4.25], "texture": "#0"}
			}
		},
		{
			"from": [8, 10.08417, -0.10154],
			"to": [9, 10.58417, 0.64846],
			"rotation": {"angle": 22.5, "axis": "x", "origin": [8.5, 8.84424, 0.15762]},
			"faces": {
				"north": {"uv": [9.5, 6.25, 9.75, 6.375], "texture": "#0"},
				"east": {"uv": [9.5, 9.25, 9.6875, 9.375], "texture": "#0"},
				"south": {"uv": [6.5, 9.5, 6.75, 9.625], "texture": "#0"},
				"west": {"uv": [9.5, 9.5, 9.6875, 9.625], "texture": "#0"},
				"up": {"uv": [9, 8.9375, 8.75, 8.75], "texture": "#0"},
				"down": {"uv": [0.5, 9, 0.25, 9.1875], "texture": "#0"}
			}
		},
		{
			"from": [8, 9.08417, -0.60154],
			"to": [9, 10.33417, -0.10154],
			"rotation": {"angle": 22.5, "axis": "x", "origin": [8.5, 8.84424, 0.15762]},
			"faces": {
				"north": {"uv": [7, 7.75, 7.25, 8.0625], "texture": "#0"},
				"east": {"uv": [6, 9, 6.125, 9.3125], "texture": "#0"},
				"south": {"uv": [7.75, 7, 8, 7.3125], "texture": "#0"},
				"west": {"uv": [6.25, 9, 6.375, 9.3125], "texture": "#0"},
				"up": {"uv": [9.75, 6.125, 9.5, 6], "texture": "#0"},
				"down": {"uv": [6.5, 9.5, 6.25, 9.625], "texture": "#0"}
			}
		},
		{
			"from": [8, 8.58417, -0.35154],
			"to": [9, 9.08417, 1.64846],
			"rotation": {"angle": 22.5, "axis": "x", "origin": [8.5, 8.84424, 0.15762]},
			"faces": {
				"north": {"uv": [9.5, 5.75, 9.75, 5.875], "texture": "#0"},
				"east": {"uv": [8.75, 3.5, 9.25, 3.625], "texture": "#0"},
				"south": {"uv": [6, 9.5, 6.25, 9.625], "texture": "#0"},
				"west": {"uv": [8.75, 3.75, 9.25, 3.875], "texture": "#0"},
				"up": {"uv": [7, 7.5, 6.75, 7], "texture": "#0"},
				"down": {"uv": [7.25, 7, 7, 7.5], "texture": "#0"}
			}
		},
		{
			"from": [8, 7.83417, 0.64846],
			"to": [9, 8.58417, 1.14846],
			"rotation": {"angle": 22.5, "axis": "x", "origin": [8.5, 8.84424, 0.15762]},
			"faces": {
				"north": {"uv": [8.25, 8.75, 8.5, 8.9375], "texture": "#0"},
				"east": {"uv": [9.5, 9, 9.625, 9.1875], "texture": "#0"},
				"south": {"uv": [8.5, 8.75, 8.75, 8.9375], "texture": "#0"},
				"west": {"uv": [9.25, 9.5, 9.375, 9.6875], "texture": "#0"},
				"up": {"uv": [9.75, 5.625, 9.5, 5.5], "texture": "#0"},
				"down": {"uv": [6, 9.5, 5.75, 9.625], "texture": "#0"}
			}
		},
		{
			"from": [8, 9.58417, -0.85154],
			"to": [9, 9.83417, -0.60154],
			"rotation": {"angle": 22.5, "axis": "x", "origin": [8.5, 8.84424, 0.15762]},
			"faces": {
				"north": {"uv": [9.75, 4.25, 10, 4.3125], "texture": "#0"},
				"east": {"uv": [5.75, 10, 5.8125, 10.0625], "texture": "#0"},
				"south": {"uv": [9.75, 4.5, 10, 4.5625], "texture": "#0"},
				"west": {"uv": [10, 5.75, 10.0625, 5.8125], "texture": "#0"},
				"up": {"uv": [10, 4.8125, 9.75, 4.75], "texture": "#0"},
				"down": {"uv": [10, 5, 9.75, 5.0625], "texture": "#0"}
			}
		},
		{
			"from": [0, 9.75, 8],
			"to": [0.75, 10.25, 9],
			"rotation": {"angle": -22.5, "axis": "z", "origin": [1, 8.5, 8.5]},
			"faces": {
				"north": {"uv": [9.5, 8, 9.6875, 8.125], "texture": "#0"},
				"east": {"uv": [9.5, 3.25, 9.75, 3.375], "texture": "#0"},
				"south": {"uv": [8.25, 9.5, 8.4375, 9.625], "texture": "#0"},
				"west": {"uv": [3.5, 9.5, 3.75, 9.625], "texture": "#0"},
				"up": {"uv": [8.9375, 7, 8.75, 6.75], "texture": "#0"},
				"down": {"uv": [7.1875, 8.75, 7, 9], "texture": "#0"}
			}
		},
		{
			"from": [0.75, -3.5, 6.25],
			"to": [1, 8.5, 6.5],
			"faces": {
				"north": {"uv": [5.75, 6, 5.8125, 9], "texture": "#0"},
				"east": {"uv": [0, 6.25, 0.0625, 9.25], "texture": "#0"},
				"south": {"uv": [2.5, 6.25, 2.5625, 9.25], "texture": "#0"},
				"west": {"uv": [2.75, 6.25, 2.8125, 9.25], "texture": "#0"},
				"up": {"uv": [6.3125, 10.0625, 6.25, 10], "texture": "#0"},
				"down": {"uv": [10.0625, 6.25, 10, 6.3125], "texture": "#0"}
			}
		},
		{
			"from": [4.5, -7.5, 1.75],
			"to": [4.75, 8.5, 2],
			"faces": {
				"north": {"uv": [4.75, 6, 4.8125, 10], "texture": "#0"},
				"east": {"uv": [5, 6, 5.0625, 10], "texture": "#0"},
				"south": {"uv": [5.25, 6, 5.3125, 10], "texture": "#0"},
				"west": {"uv": [5.5, 6, 5.5625, 10], "texture": "#0"},
				"up": {"uv": [6.8125, 10.0625, 6.75, 10], "texture": "#0"},
				"down": {"uv": [10.0625, 6.75, 10, 6.8125], "texture": "#0"}
			}
		},
		{
			"from": [16, 1.25, 6.25],
			"to": [16.25, 8.5, 6.5],
			"faces": {
				"north": {"uv": [1.25, 7.25, 1.3125, 9.0625], "texture": "#0"},
				"east": {"uv": [1.5, 7.25, 1.5625, 9.0625], "texture": "#0"},
				"south": {"uv": [1.75, 7.25, 1.8125, 9.0625], "texture": "#0"},
				"west": {"uv": [2, 7.25, 2.0625, 9.0625], "texture": "#0"},
				"up": {"uv": [10.0625, 10.0625, 10, 10], "texture": "#0"},
				"down": {"uv": [0.0625, 10.25, 0, 10.3125], "texture": "#0"}
			}
		},
		{
			"from": [12.25, -7.5, 1.75],
			"to": [12.5, 8.5, 2],
			"faces": {
				"north": {"uv": [3, 6, 3.0625, 10], "texture": "#0"},
				"east": {"uv": [4.25, 6, 4.3125, 10], "texture": "#0"},
				"south": {"uv": [4.5, 6, 4.5625, 10], "texture": "#0"},
				"west": {"uv": [6, 4.5, 6.0625, 8.5], "texture": "#0"},
				"up": {"uv": [6.5625, 10.0625, 6.5, 10], "texture": "#0"},
				"down": {"uv": [10.0625, 6.5, 10, 6.5625], "texture": "#0"}
			}
		},
		{
			"from": [11.25, -7.5, 1.75],
			"to": [11.75, 7.5, 1.75],
			"rotation": {"angle": 0, "axis": "z", "origin": [11.125, 1.5, 1.75]},
			"faces": {
				"north": {"uv": [1.3125, 0, 1.4375, 3.75], "texture": "#0"},
				"east": {"uv": [0, 0, 0, 3.75], "texture": "#0"},
				"south": {"uv": [3.25, 0, 3.375, 3.75], "texture": "#0"},
				"west": {"uv": [0, 0, 0, 3.75], "texture": "#0"},
				"up": {"uv": [0.125, 0, 0, 0], "texture": "#0"},
				"down": {"uv": [0.125, 0, 0, 0], "texture": "#0"}
			}
		},
		{
			"from": [5.25, -7.5, 1.75],
			"to": [5.75, 7.5, 1.75],
			"rotation": {"angle": 0, "axis": "y", "origin": [11.125, 1.5, 1.75]},
			"faces": {
				"north": {"uv": [3.5, 0, 3.625, 3.75], "texture": "#0"},
				"east": {"uv": [0, 0, 0, 3.75], "texture": "#0"},
				"south": {"uv": [0.25, 3.5, 0.375, 7.25], "texture": "#0"},
				"west": {"uv": [0, 0, 0, 3.75], "texture": "#0"},
				"up": {"uv": [0.125, 0, 0, 0], "texture": "#0"},
				"down": {"uv": [0.125, 0, 0, 0], "texture": "#0"}
			}
		},
		{
			"from": [8.75, -6, 1.75],
			"to": [9, 7.75, 1.75],
			"rotation": {"angle": 0, "axis": "y", "origin": [11.125, 1.5, 1.75]},
			"faces": {
				"north": {"uv": [2.1875, 3.0625, 2.25, 4.5625], "texture": "#0"},
				"east": {"uv": [0, 0, 0, 1.5], "texture": "#0"},
				"south": {"uv": [3.625, 3.5, 3.6875, 5], "texture": "#0"},
				"west": {"uv": [0, 0, 0, 1.5], "texture": "#0"},
				"up": {"uv": [0.0625, 0, 0, 0], "texture": "#0"},
				"down": {"uv": [0.0625, 0, 0, 0], "texture": "#0"}
			}
		},
		{
			"from": [8, -6, 1.75],
			"to": [8.25, 7.75, 1.75],
			"rotation": {"angle": 0, "axis": "y", "origin": [11.125, 1.5, 1.75]},
			"faces": {
				"north": {"uv": [3.5, 7.5, 3.5625, 9], "texture": "#0"},
				"east": {"uv": [0, 0, 0, 1.5], "texture": "#0"},
				"south": {"uv": [3.75, 7.5, 3.8125, 9], "texture": "#0"},
				"west": {"uv": [0, 0, 0, 1.5], "texture": "#0"},
				"up": {"uv": [0.0625, 0, 0, 0], "texture": "#0"},
				"down": {"uv": [0.0625, 0, 0, 0], "texture": "#0"}
			}
		},
		{
			"from": [10, -7.25, 1.75],
			"to": [10.5, 7.25, 1.75],
			"rotation": {"angle": 0, "axis": "y", "origin": [11.125, 1.5, 1.75]},
			"faces": {
				"north": {"uv": [0.5, 3.5, 0.625, 6.8125], "texture": "#0"},
				"east": {"uv": [0, 0, 0, 3.3125], "texture": "#0"},
				"south": {"uv": [0.75, 3.5, 0.875, 6.8125], "texture": "#0"},
				"west": {"uv": [0, 0, 0, 3.3125], "texture": "#0"},
				"up": {"uv": [0.125, 0, 0, 0], "texture": "#0"},
				"down": {"uv": [0.125, 0, 0, 0], "texture": "#0"}
			}
		},
		{
			"from": [6.5, -7.25, 1.75],
			"to": [7, 7.25, 1.75],
			"rotation": {"angle": 0, "axis": "y", "origin": [11.125, 1.5, 1.75]},
			"faces": {
				"north": {"uv": [1.25, 3.5, 1.375, 6.8125], "texture": "#0"},
				"east": {"uv": [0, 0, 0, 3.3125], "texture": "#0"},
				"south": {"uv": [1.5, 3.5, 1.625, 6.8125], "texture": "#0"},
				"west": {"uv": [0, 0, 0, 3.3125], "texture": "#0"},
				"up": {"uv": [0.125, 0, 0, 0], "texture": "#0"},
				"down": {"uv": [0.125, 0, 0, 0], "texture": "#0"}
			}
		},
		{
			"from": [9.5, -7, 1.75],
			"to": [10, 7.5, 1.75],
			"rotation": {"angle": 0, "axis": "y", "origin": [11.125, 1.5, 1.75]},
			"faces": {
				"north": {"uv": [1.75, 3.5, 1.875, 6.6875], "texture": "#0"},
				"east": {"uv": [0, 0, 0, 3.1875], "texture": "#0"},
				"south": {"uv": [2, 3.5, 2.125, 6.6875], "texture": "#0"},
				"west": {"uv": [0, 0, 0, 3.1875], "texture": "#0"},
				"up": {"uv": [0.125, 0, 0, 0], "texture": "#0"},
				"down": {"uv": [0.125, 0, 0, 0], "texture": "#0"}
			}
		},
		{
			"from": [7, -7, 1.75],
			"to": [7.5, 7.5, 1.75],
			"rotation": {"angle": 0, "axis": "y", "origin": [11.125, 1.5, 1.75]},
			"faces": {
				"north": {"uv": [3.75, 0, 3.875, 3.1875], "texture": "#0"},
				"east": {"uv": [0, 0, 0, 3.1875], "texture": "#0"},
				"south": {"uv": [3.25, 3.75, 3.375, 6.9375], "texture": "#0"},
				"west": {"uv": [0, 0, 0, 3.1875], "texture": "#0"},
				"up": {"uv": [0.125, 0, 0, 0], "texture": "#0"},
				"down": {"uv": [0.125, 0, 0, 0], "texture": "#0"}
			}
		},
		{
			"from": [10.5, -7.25, 1.75],
			"to": [11.25, 7, 1.75],
			"rotation": {"angle": 0, "axis": "y", "origin": [11.125, 1.5, 1.75]},
			"faces": {
				"north": {"uv": [1.25, 0, 1.4375, 3.4375], "texture": "#0"},
				"east": {"uv": [0, 0, 0, 3.4375], "texture": "#0"},
				"south": {"uv": [1.5, 0, 1.6875, 3.4375], "texture": "#0"},
				"west": {"uv": [0, 0, 0, 3.4375], "texture": "#0"},
				"up": {"uv": [0.1875, 0, 0, 0], "texture": "#0"},
				"down": {"uv": [0.1875, 0, 0, 0], "texture": "#0"}
			}
		},
		{
			"from": [5.75, -7.25, 1.75],
			"to": [6.5, 7, 1.75],
			"rotation": {"angle": 0, "axis": "y", "origin": [11.125, 1.5, 1.75]},
			"faces": {
				"north": {"uv": [1.75, 0, 1.9375, 3.4375], "texture": "#0"},
				"east": {"uv": [0, 0, 0, 3.4375], "texture": "#0"},
				"south": {"uv": [2, 0, 2.1875, 3.4375], "texture": "#0"},
				"west": {"uv": [0, 0, 0, 3.4375], "texture": "#0"},
				"up": {"uv": [0.1875, 0, 0, 0], "texture": "#0"},
				"down": {"uv": [0.1875, 0, 0, 0], "texture": "#0"}
			}
		},
		{
			"from": [11.75, -7.75, 1.75],
			"to": [12.25, 8, 1.75],
			"rotation": {"angle": 0, "axis": "y", "origin": [11.125, 1.5, 1.75]},
			"faces": {
				"north": {"uv": [1.9375, 0.3125, 2.25, 3.4375], "texture": "#0"},
				"east": {"uv": [0, 0, 0, 3.9375], "texture": "#0"},
				"south": {"uv": [2.5, 1, 2.625, 4.9375], "texture": "#0"},
				"west": {"uv": [0, 0, 0, 3.9375], "texture": "#0"},
				"up": {"uv": [0.125, 0, 0, 0], "texture": "#0"},
				"down": {"uv": [0.125, 0, 0, 0], "texture": "#0"}
			}
		},
		{
			"from": [4.75, -7.75, 1.75],
			"to": [5.25, 8, 1.75],
			"rotation": {"angle": 0, "axis": "y", "origin": [11.125, 1.5, 1.75]},
			"faces": {
				"north": {"uv": [2.25, 2.5, 2.375, 6.4375], "texture": "#0"},
				"east": {"uv": [0, 0, 0, 3.9375], "texture": "#0"},
				"south": {"uv": [2.75, 1, 2.875, 4.9375], "texture": "#0"},
				"west": {"uv": [0, 0, 0, 3.9375], "texture": "#0"},
				"up": {"uv": [0.125, 0, 0, 0], "texture": "#0"},
				"down": {"uv": [0.125, 0, 0, 0], "texture": "#0"}
			}
		},
		{
			"from": [9, -6.75, 1.75],
			"to": [9.5, 8, 1.75],
			"rotation": {"angle": 0, "axis": "y", "origin": [11.125, 1.5, 1.75]},
			"faces": {
				"north": {"uv": [3.75, 3.25, 3.875, 6.375], "texture": "#0"},
				"east": {"uv": [0, 0, 0, 3.125], "texture": "#0"},
				"south": {"uv": [3.5, 3.75, 3.625, 6.875], "texture": "#0"},
				"west": {"uv": [0, 0, 0, 3.125], "texture": "#0"},
				"up": {"uv": [0.125, 0, 0, 0], "texture": "#0"},
				"down": {"uv": [0.125, 0, 0, 0], "texture": "#0"}
			}
		},
		{
			"from": [7.5, -6.75, 1.75],
			"to": [8, 8, 1.75],
			"rotation": {"angle": 0, "axis": "y", "origin": [11.125, 1.5, 1.75]},
			"faces": {
				"north": {"uv": [4, 0, 4.125, 3.125], "texture": "#0"},
				"east": {"uv": [0, 0, 0, 3.125], "texture": "#0"},
				"south": {"uv": [4, 3.25, 4.125, 6.375], "texture": "#0"},
				"west": {"uv": [0, 0, 0, 3.125], "texture": "#0"},
				"up": {"uv": [0.125, 0, 0, 0], "texture": "#0"},
				"down": {"uv": [0.125, 0, 0, 0], "texture": "#0"}
			}
		},
		{
			"from": [0.5, -3.75, 6.25],
			"to": [0.75, -3.5, 6.5],
			"faces": {
				"north": {"uv": [7, 10, 7.0625, 10.0625], "texture": "#0"},
				"east": {"uv": [10, 7, 10.0625, 7.0625], "texture": "#0"},
				"south": {"uv": [7.25, 10, 7.3125, 10.0625], "texture": "#0"},
				"west": {"uv": [10, 7.25, 10.0625, 7.3125], "texture": "#0"},
				"up": {"uv": [7.5625, 10.0625, 7.5, 10], "texture": "#0"},
				"down": {"uv": [10.0625, 7.5, 10, 7.5625], "texture": "#0"}
			}
		},
		{
			"from": [0.5, -5, 6.25],
			"to": [0.75, -4.5, 6.5],
			"faces": {
				"north": {"uv": [10, 0, 10.0625, 0.125], "texture": "#0"},
				"east": {"uv": [0.25, 10, 0.3125, 10.125], "texture": "#0"},
				"south": {"uv": [10, 0.25, 10.0625, 0.375], "texture": "#0"},
				"west": {"uv": [0.5, 10, 0.5625, 10.125], "texture": "#0"},
				"up": {"uv": [9.0625, 10.0625, 9, 10], "texture": "#0"},
				"down": {"uv": [10.0625, 9, 10, 9.0625], "texture": "#0"}
			}
		},
		{
			"from": [1, -5, 6.25],
			"to": [1.25, -4.5, 6.5],
			"faces": {
				"north": {"uv": [10, 0.5, 10.0625, 0.625], "texture": "#0"},
				"east": {"uv": [0.75, 10, 0.8125, 10.125], "texture": "#0"},
				"south": {"uv": [10, 0.75, 10.0625, 0.875], "texture": "#0"},
				"west": {"uv": [10, 1, 10.0625, 1.125], "texture": "#0"},
				"up": {"uv": [9.3125, 10.0625, 9.25, 10], "texture": "#0"},
				"down": {"uv": [10.0625, 9.25, 10, 9.3125], "texture": "#0"}
			}
		},
		{
			"from": [0.75, -5.75, 6.25],
			"to": [1, -5, 6.5],
			"faces": {
				"north": {"uv": [7.5, 9.75, 7.5625, 9.9375], "texture": "#0"},
				"east": {"uv": [9.75, 7.5, 9.8125, 7.6875], "texture": "#0"},
				"south": {"uv": [7.75, 9.75, 7.8125, 9.9375], "texture": "#0"},
				"west": {"uv": [9.75, 7.75, 9.8125, 7.9375], "texture": "#0"},
				"up": {"uv": [9.5625, 10.0625, 9.5, 10], "texture": "#0"},
				"down": {"uv": [10.0625, 9.5, 10, 9.5625], "texture": "#0"}
			}
		},
		{
			"from": [0.5, -6.25, 6.25],
			"to": [1.25, -5.75, 6.5],
			"faces": {
				"north": {"uv": [0.5, 9.75, 0.6875, 9.875], "texture": "#0"},
				"east": {"uv": [2, 10, 2.0625, 10.125], "texture": "#0"},
				"south": {"uv": [9.75, 0.5, 9.9375, 0.625], "texture": "#0"},
				"west": {"uv": [10, 2, 10.0625, 2.125], "texture": "#0"},
				"up": {"uv": [8.1875, 9.8125, 8, 9.75], "texture": "#0"},
				"down": {"uv": [9.9375, 8, 9.75, 8.0625], "texture": "#0"}
			}
		},
		{
			"from": [16, 1, 6.5],
			"to": [16.25, 1.25, 6.75],
			"rotation": {"angle": 0, "axis": "y", "origin": [14.125, -0.3125, 3.375]},
			"faces": {
				"north": {"uv": [10.25, 2.25, 10.3125, 2.3125], "texture": "#0"},
				"east": {"uv": [2.5, 10.25, 2.5625, 10.3125], "texture": "#0"},
				"south": {"uv": [10.25, 2.5, 10.3125, 2.5625], "texture": "#0"},
				"west": {"uv": [2.75, 10.25, 2.8125, 10.3125], "texture": "#0"},
				"up": {"uv": [10.3125, 2.8125, 10.25, 2.75], "texture": "#0"},
				"down": {"uv": [3.0625, 10.25, 3, 10.3125], "texture": "#0"}
			}
		},
		{
			"from": [16, 1, 6],
			"to": [16.25, 1.25, 6.25],
			"rotation": {"angle": 0, "axis": "y", "origin": [14.125, -0.3125, 3.375]},
			"faces": {
				"north": {"uv": [10.25, 1.5, 10.3125, 1.5625], "texture": "#0"},
				"east": {"uv": [1.75, 10.25, 1.8125, 10.3125], "texture": "#0"},
				"south": {"uv": [10.25, 1.75, 10.3125, 1.8125], "texture": "#0"},
				"west": {"uv": [2, 10.25, 2.0625, 10.3125], "texture": "#0"},
				"up": {"uv": [10.3125, 2.0625, 10.25, 2], "texture": "#0"},
				"down": {"uv": [2.3125, 10.25, 2.25, 10.3125], "texture": "#0"}
			}
		},
		{
			"from": [16, 0.4, 6.12],
			"to": [16.25, 0.9, 6.62],
			"rotation": {"angle": 0, "axis": "y", "origin": [14.125, -0.3125, 3.375]},
			"faces": {
				"north": {"uv": [4.5, 10, 4.5625, 10.125], "texture": "#0"},
				"east": {"uv": [6.25, 9.75, 6.375, 9.875], "texture": "#0"},
				"south": {"uv": [10, 4.5, 10.0625, 4.625], "texture": "#0"},
				"west": {"uv": [9.75, 6.25, 9.875, 6.375], "texture": "#0"},
				"up": {"uv": [4.8125, 10.125, 4.75, 10], "texture": "#0"},
				"down": {"uv": [10.0625, 4.75, 10, 4.875], "texture": "#0"}
			}
		},
		{
			"from": [16, 0.25, 5.75],
			"to": [16.25, 1, 6],
			"rotation": {"angle": 0, "axis": "y", "origin": [14.125, -0.3125, 3.375]},
			"faces": {
				"north": {"uv": [9.5, 9.75, 9.5625, 9.9375], "texture": "#0"},
				"east": {"uv": [9.75, 9.5, 9.8125, 9.6875], "texture": "#0"},
				"south": {"uv": [9.75, 9.75, 9.8125, 9.9375], "texture": "#0"},
				"west": {"uv": [0, 10, 0.0625, 10.1875], "texture": "#0"},
				"up": {"uv": [10.3125, 1.3125, 10.25, 1.25], "texture": "#0"},
				"down": {"uv": [1.5625, 10.25, 1.5, 10.3125], "texture": "#0"}
			}
		},
		{
			"from": [16, -1, 6.25],
			"to": [16.25, -0.25, 6.5],
			"rotation": {"angle": 0, "axis": "y", "origin": [14.125, -0.3125, 3.375]},
			"faces": {
				"north": {"uv": [9, 9.75, 9.0625, 9.9375], "texture": "#0"},
				"east": {"uv": [9.75, 9, 9.8125, 9.1875], "texture": "#0"},
				"south": {"uv": [9.25, 9.75, 9.3125, 9.9375], "texture": "#0"},
				"west": {"uv": [9.75, 9.25, 9.8125, 9.4375], "texture": "#0"},
				"up": {"uv": [10.3125, 1.0625, 10.25, 1], "texture": "#0"},
				"down": {"uv": [1.3125, 10.25, 1.25, 10.3125], "texture": "#0"}
			}
		},
		{
			"from": [16, 0.25, 6.75],
			"to": [16.25, 1, 7],
			"rotation": {"angle": 0, "axis": "y", "origin": [14.125, -0.3125, 3.375]},
			"faces": {
				"north": {"uv": [8.5, 9.75, 8.5625, 9.9375], "texture": "#0"},
				"east": {"uv": [9.75, 8.5, 9.8125, 8.6875], "texture": "#0"},
				"south": {"uv": [8.75, 9.75, 8.8125, 9.9375], "texture": "#0"},
				"west": {"uv": [9.75, 8.75, 9.8125, 8.9375], "texture": "#0"},
				"up": {"uv": [10.3125, 0.8125, 10.25, 0.75], "texture": "#0"},
				"down": {"uv": [1.0625, 10.25, 1, 10.3125], "texture": "#0"}
			}
		},
		{
			"from": [16, -0.25, 6.5],
			"to": [16.25, 0.25, 6.75],
			"rotation": {"angle": 0, "axis": "y", "origin": [14.125, -0.3125, 3.375]},
			"faces": {
				"north": {"uv": [4, 10, 4.0625, 10.125], "texture": "#0"},
				"east": {"uv": [10, 4, 10.0625, 4.125], "texture": "#0"},
				"south": {"uv": [4.25, 10, 4.3125, 10.125], "texture": "#0"},
				"west": {"uv": [10, 4.25, 10.0625, 4.375], "texture": "#0"},
				"up": {"uv": [10.3125, 0.5625, 10.25, 0.5], "texture": "#0"},
				"down": {"uv": [0.8125, 10.25, 0.75, 10.3125], "texture": "#0"}
			}
		},
		{
			"from": [16, -0.25, 6],
			"to": [16.25, 0.25, 6.25],
			"rotation": {"angle": 0, "axis": "y", "origin": [14.125, -0.3125, 3.375]},
			"faces": {
				"north": {"uv": [3.5, 10, 3.5625, 10.125], "texture": "#0"},
				"east": {"uv": [10, 3.5, 10.0625, 3.625], "texture": "#0"},
				"south": {"uv": [3.75, 10, 3.8125, 10.125], "texture": "#0"},
				"west": {"uv": [10, 3.75, 10.0625, 3.875], "texture": "#0"},
				"up": {"uv": [10.3125, 0.3125, 10.25, 0.25], "texture": "#0"},
				"down": {"uv": [0.5625, 10.25, 0.5, 10.3125], "texture": "#0"}
			}
		},
		{
			"from": [16, -2, 6.25],
			"to": [16.25, -1.5, 6.5],
			"rotation": {"angle": 0, "axis": "y", "origin": [14.125, -0.3125, 3.375]},
			"faces": {
				"north": {"uv": [3, 10, 3.0625, 10.125], "texture": "#0"},
				"east": {"uv": [10, 3, 10.0625, 3.125], "texture": "#0"},
				"south": {"uv": [3.25, 10, 3.3125, 10.125], "texture": "#0"},
				"west": {"uv": [10, 3.25, 10.0625, 3.375], "texture": "#0"},
				"up": {"uv": [10.3125, 0.0625, 10.25, 0], "texture": "#0"},
				"down": {"uv": [0.3125, 10.25, 0.25, 10.3125], "texture": "#0"}
			}
		},
		{
			"from": [16, -3.25, 6.25],
			"to": [16.25, -2, 6.5],
			"rotation": {"angle": 0, "axis": "y", "origin": [14.125, -0.3125, 3.375]},
			"faces": {
				"north": {"uv": [1, 9.75, 1.0625, 10.0625], "texture": "#0"},
				"east": {"uv": [9.75, 1, 9.8125, 1.3125], "texture": "#0"},
				"south": {"uv": [1.25, 9.75, 1.3125, 10.0625], "texture": "#0"},
				"west": {"uv": [1.5, 9.75, 1.5625, 10.0625], "texture": "#0"},
				"up": {"uv": [5.0625, 10.0625, 5, 10], "texture": "#0"},
				"down": {"uv": [10.0625, 5, 10, 5.0625], "texture": "#0"}
			}
		},
		{
			"from": [16, -1.5, 6],
			"to": [16.25, -1, 6.75],
			"rotation": {"angle": 0, "axis": "y", "origin": [14.125, -0.3125, 3.375]},
			"faces": {
				"north": {"uv": [2.75, 10, 2.8125, 10.125], "texture": "#0"},
				"east": {"uv": [0.75, 9.75, 0.9375, 9.875], "texture": "#0"},
				"south": {"uv": [10, 2.75, 10.0625, 2.875], "texture": "#0"},
				"west": {"uv": [9.75, 0.75, 9.9375, 0.875], "texture": "#0"},
				"up": {"uv": [8.3125, 9.9375, 8.25, 9.75], "texture": "#0"},
				"down": {"uv": [9.8125, 8.25, 9.75, 8.4375], "texture": "#0"}
			}
		},
		{
			"from": [0.75, -8.75, 6.25],
			"to": [1, -6.25, 6.5],
			"faces": {
				"north": {"uv": [2.25, 10, 2.3125, 10.125], "texture": "#0"},
				"east": {"uv": [10, 2.25, 10.0625, 2.375], "texture": "#0"},
				"south": {"uv": [2.5, 10, 2.5625, 10.125], "texture": "#0"},
				"west": {"uv": [10, 2.5, 10.0625, 2.625], "texture": "#0"},
				"up": {"uv": [9.8125, 10.0625, 9.75, 10], "texture": "#0"},
				"down": {"uv": [10.0625, 9.75, 10, 9.8125], "texture": "#0"}
			}
		},
		{
			"from": [1, -3.75, 6.25],
			"to": [1.25, -3.5, 6.5],
			"faces": {
				"north": {"uv": [7.75, 10, 7.8125, 10.0625], "texture": "#0"},
				"east": {"uv": [10, 7.75, 10.0625, 7.8125], "texture": "#0"},
				"south": {"uv": [8, 10, 8.0625, 10.0625], "texture": "#0"},
				"west": {"uv": [10, 8, 10.0625, 8.0625], "texture": "#0"},
				"up": {"uv": [8.3125, 10.0625, 8.25, 10], "texture": "#0"},
				"down": {"uv": [10.0625, 8.25, 10, 8.3125], "texture": "#0"}
			}
		},
		{
			"from": [1.25, -4.5, 6.25],
			"to": [1.5, -3.75, 6.5],
			"faces": {
				"north": {"uv": [6.5, 9.75, 6.5625, 9.9375], "texture": "#0"},
				"east": {"uv": [9.75, 6.5, 9.8125, 6.6875], "texture": "#0"},
				"south": {"uv": [6.75, 9.75, 6.8125, 9.9375], "texture": "#0"},
				"west": {"uv": [9.75, 6.75, 9.8125, 6.9375], "texture": "#0"},
				"up": {"uv": [8.5625, 10.0625, 8.5, 10], "texture": "#0"},
				"down": {"uv": [10.0625, 8.5, 10, 8.5625], "texture": "#0"}
			}
		},
		{
			"from": [0.63, -4.35, 6.25],
			"to": [1.13, -3.85, 6.5],
			"faces": {
				"north": {"uv": [6, 9.75, 6.125, 9.875], "texture": "#0"},
				"east": {"uv": [10, 1.25, 10.0625, 1.375], "texture": "#0"},
				"south": {"uv": [9.75, 6, 9.875, 6.125], "texture": "#0"},
				"west": {"uv": [10, 1.5, 10.0625, 1.625], "texture": "#0"},
				"up": {"uv": [1.875, 10.0625, 1.75, 10], "texture": "#0"},
				"down": {"uv": [10.125, 1.75, 10, 1.8125], "texture": "#0"}
			}
		},
		{
			"from": [0.25, -4.5, 6.25],
			"to": [0.5, -3.75, 6.5],
			"faces": {
				"north": {"uv": [7, 9.75, 7.0625, 9.9375], "texture": "#0"},
				"east": {"uv": [9.75, 7, 9.8125, 7.1875], "texture": "#0"},
				"south": {"uv": [7.25, 9.75, 7.3125, 9.9375], "texture": "#0"},
				"west": {"uv": [9.75, 7.25, 9.8125, 7.4375], "texture": "#0"},
				"up": {"uv": [8.8125, 10.0625, 8.75, 10], "texture": "#0"},
				"down": {"uv": [10.0625, 8.75, 10, 8.8125], "texture": "#0"}
			}
		}
	],
	"display": {
		"thirdperson_righthand": {
			"translation": [0, 0.25, -0.75],
			"scale": [0.79102, 0.79102, 0.79102]
		},
		"thirdperson_lefthand": {
			"translation": [1.25, 0.25, 0],
			"scale": [0.79102, 0.79102, 0.79102]
		},
		"firstperson_righthand": {
			"rotation": [18, 161, 0],
			"translation": [1.75, 0.75, 0]
		},
		"firstperson_lefthand": {
			"rotation": [14, -37, 0],
			"translation": [4, 0, 0]
		},
		"ground": {
			"translation": [0, 11.5, 0],
			"scale": [0.9375, 0.9375, 0.9375]
		},
		"gui": {
			"rotation": [49, 46, 0],
			"translation": [0, 1.75, 0],
			"scale": [0.85352, 0.85352, 0.85352]
		},
		"head": {
			"rotation": [0, 180, 0],
			"translation": [1.25, 2, 1.25],
			"scale": [2.60156, 2.60156, 2.60156]
		},
		"fixed": {
			"rotation": [-74, 180, 0],
			"translation": [0.5, 0.5, -3.5],
			"scale": [1.46094, 1.46094, 1.46094]
		}
	}
}