{
	"texture_size": [32, 32],
	"textures": {
		"0": "block/signora",
		"particle": "block/signora"
	},
	"elements": [
		{
			"from": [8, 0.5, 12.75],
			"to": [9, 1.25, 14],
			"faces": {
				"north": {"uv": [4, 10, 4.5, 10.5], "texture": "#0"},
				"east": {"uv": [10, 6.5, 10.5, 7], "texture": "#0"},
				"south": {"uv": [10, 7, 10.5, 7.5], "texture": "#0"},
				"west": {"uv": [7.5, 10, 8, 10.5], "texture": "#0"},
				"up": {"uv": [10.5, 8, 10, 7.5], "texture": "#0"},
				"down": {"uv": [8.5, 10, 8, 10.5], "texture": "#0"}
			}
		},
		{
			"from": [8, 0.5, 7.5],
			"to": [9, 1, 12.75],
			"faces": {
				"north": {"uv": [13.5, 0, 14, 0.5], "texture": "#0"},
				"east": {"uv": [2, 2, 4.5, 2.5], "texture": "#0"},
				"south": {"uv": [0.5, 13.5, 1, 14], "texture": "#0"},
				"west": {"uv": [2, 2.5, 4.5, 3], "texture": "#0"},
				"up": {"uv": [2.5, 5.5, 2, 3], "texture": "#0"},
				"down": {"uv": [3, 3, 2.5, 5.5], "texture": "#0"}
			}
		},
		{
			"from": [8.75, 0.5, 12.25],
			"to": [9, 1.25, 12.75],
			"faces": {
				"north": {"uv": [10.5, 13, 11, 13.5], "texture": "#0"},
				"east": {"uv": [13, 10.5, 13.5, 11], "texture": "#0"},
				"south": {"uv": [11, 13, 11.5, 13.5], "texture": "#0"},
				"west": {"uv": [13, 11, 13.5, 11.5], "texture": "#0"},
				"up": {"uv": [12, 13.5, 11.5, 13], "texture": "#0"},
				"down": {"uv": [13.5, 11.5, 13, 12], "texture": "#0"}
			}
		},
		{
			"from": [8, 0.5, 12.25],
			"to": [8.25, 1.25, 12.75],
			"faces": {
				"north": {"uv": [12, 13, 12.5, 13.5], "texture": "#0"},
				"east": {"uv": [13, 12, 13.5, 12.5], "texture": "#0"},
				"south": {"uv": [12.5, 13, 13, 13.5], "texture": "#0"},
				"west": {"uv": [13, 12.5, 13.5, 13], "texture": "#0"},
				"up": {"uv": [13.5, 13.5, 13, 13], "texture": "#0"},
				"down": {"uv": [0.5, 13.5, 0, 14], "texture": "#0"}
			}
		},
		{
			"from": [8, 0.5, 6],
			"to": [9, 1.25, 7.75],
			"faces": {
				"north": {"uv": [10, 13, 10.5, 13.5], "texture": "#0"},
				"east": {"uv": [8, 9, 9, 9.5], "texture": "#0"},
				"south": {"uv": [13, 10, 13.5, 10.5], "texture": "#0"},
				"west": {"uv": [9, 9, 10, 9.5], "texture": "#0"},
				"up": {"uv": [0.5, 10.5, 0, 9.5], "texture": "#0"},
				"down": {"uv": [10, 0, 9.5, 1], "texture": "#0"}
			}
		},
		{
			"from": [7, 0.5, 7.5],
			"to": [8, 1.25, 13],
			"faces": {
				"north": {"uv": [8.5, 10, 9, 10.5], "texture": "#0"},
				"east": {"uv": [0, 0, 3, 0.5], "texture": "#0"},
				"south": {"uv": [9, 10, 9.5, 10.5], "texture": "#0"},
				"west": {"uv": [0, 0.5, 3, 1], "texture": "#0"},
				"up": {"uv": [0.5, 4, 0, 1], "texture": "#0"},
				"down": {"uv": [1, 1, 0.5, 4], "texture": "#0"}
			}
		},
		{
			"from": [7.5, 0.5, 6.75],
			"to": [8, 1.25, 7.5],
			"faces": {
				"north": {"uv": [1, 11, 1.5, 11.5], "texture": "#0"},
				"east": {"uv": [11, 1, 11.5, 1.5], "texture": "#0"},
				"south": {"uv": [1.5, 11, 2, 11.5], "texture": "#0"},
				"west": {"uv": [11, 1.5, 11.5, 2], "texture": "#0"},
				"up": {"uv": [2.5, 11.5, 2, 11], "texture": "#0"},
				"down": {"uv": [11.5, 2, 11, 2.5], "texture": "#0"}
			}
		},
		{
			"from": [9, 0.5, 6.75],
			"to": [9.5, 1.25, 7.5],
			"faces": {
				"north": {"uv": [2.5, 11, 3, 11.5], "texture": "#0"},
				"east": {"uv": [11, 2.5, 11.5, 3], "texture": "#0"},
				"south": {"uv": [3, 11, 3.5, 11.5], "texture": "#0"},
				"west": {"uv": [11, 3, 11.5, 3.5], "texture": "#0"},
				"up": {"uv": [4, 11.5, 3.5, 11], "texture": "#0"},
				"down": {"uv": [11.5, 3.5, 11, 4], "texture": "#0"}
			}
		},
		{
			"from": [9, 0.5, 7.5],
			"to": [10, 1.25, 13],
			"faces": {
				"north": {"uv": [10, 9, 10.5, 9.5], "texture": "#0"},
				"east": {"uv": [1, 1, 4, 1.5], "texture": "#0"},
				"south": {"uv": [9.5, 10, 10, 10.5], "texture": "#0"},
				"west": {"uv": [1, 1.5, 4, 2], "texture": "#0"},
				"up": {"uv": [1.5, 5, 1, 2], "texture": "#0"},
				"down": {"uv": [2, 2, 1.5, 5], "texture": "#0"}
			}
		},
		{
			"from": [10, 0.5, 8.25],
			"to": [11, 1.25, 9],
			"faces": {
				"north": {"uv": [10, 10, 10.5, 10.5], "texture": "#0"},
				"east": {"uv": [0, 10.5, 0.5, 11], "texture": "#0"},
				"south": {"uv": [0.5, 10.5, 1, 11], "texture": "#0"},
				"west": {"uv": [1, 10.5, 1.5, 11], "texture": "#0"},
				"up": {"uv": [11, 1.5, 10.5, 1], "texture": "#0"},
				"down": {"uv": [2, 10.5, 1.5, 11], "texture": "#0"}
			}
		},
		{
			"from": [10, 0.5, 11.75],
			"to": [11, 1.25, 12.5],
			"faces": {
				"north": {"uv": [13.5, 4, 14, 4.5], "texture": "#0"},
				"east": {"uv": [4.5, 13.5, 5, 14], "texture": "#0"},
				"south": {"uv": [13.5, 4.5, 14, 5], "texture": "#0"},
				"west": {"uv": [5, 13.5, 5.5, 14], "texture": "#0"},
				"up": {"uv": [14, 5.5, 13.5, 5], "texture": "#0"},
				"down": {"uv": [6, 13.5, 5.5, 14], "texture": "#0"}
			}
		},
		{
			"from": [5, 0.5, 8.5],
			"to": [6, 1.25, 12.75],
			"faces": {
				"north": {"uv": [2, 10.5, 2.5, 11], "texture": "#0"},
				"east": {"uv": [3, 0, 5, 0.5], "texture": "#0"},
				"south": {"uv": [2.5, 10.5, 3, 11], "texture": "#0"},
				"west": {"uv": [3, 0.5, 5, 1], "texture": "#0"},
				"up": {"uv": [3.5, 5, 3, 3], "texture": "#0"},
				"down": {"uv": [4, 3, 3.5, 5], "texture": "#0"}
			}
		},
		{
			"from": [11, 0.5, 8.5],
			"to": [12, 1.25, 12.75],
			"faces": {
				"north": {"uv": [5.5, 10.5, 6, 11], "texture": "#0"},
				"east": {"uv": [4, 1, 6, 1.5], "texture": "#0"},
				"south": {"uv": [6, 10.5, 6.5, 11], "texture": "#0"},
				"west": {"uv": [4, 1.5, 6, 2], "texture": "#0"},
				"up": {"uv": [0.5, 6, 0, 4], "texture": "#0"},
				"down": {"uv": [1, 4, 0.5, 6], "texture": "#0"}
			}
		},
		{
			"from": [11.25, 0.5, 12.75],
			"to": [11.75, 1.25, 13.25],
			"faces": {
				"north": {"uv": [10.5, 7, 11, 7.5], "texture": "#0"},
				"east": {"uv": [7.5, 10.5, 8, 11], "texture": "#0"},
				"south": {"uv": [10.5, 7.5, 11, 8], "texture": "#0"},
				"west": {"uv": [8, 10.5, 8.5, 11], "texture": "#0"},
				"up": {"uv": [11, 8.5, 10.5, 8], "texture": "#0"},
				"down": {"uv": [9, 10.5, 8.5, 11], "texture": "#0"}
			}
		},
		{
			"from": [5.25, 0.5, 12.75],
			"to": [5.75, 1.25, 13.25],
			"faces": {
				"north": {"uv": [10.5, 8.5, 11, 9], "texture": "#0"},
				"east": {"uv": [9, 10.5, 9.5, 11], "texture": "#0"},
				"south": {"uv": [10.5, 9, 11, 9.5], "texture": "#0"},
				"west": {"uv": [9.5, 10.5, 10, 11], "texture": "#0"},
				"up": {"uv": [11, 10, 10.5, 9.5], "texture": "#0"},
				"down": {"uv": [10.5, 10.5, 10, 11], "texture": "#0"}
			}
		},
		{
			"from": [8.25, 0.5, 14],
			"to": [8.75, 1.25, 14.5],
			"faces": {
				"north": {"uv": [10.5, 10, 11, 10.5], "texture": "#0"},
				"east": {"uv": [10.5, 10.5, 11, 11], "texture": "#0"},
				"south": {"uv": [0, 11, 0.5, 11.5], "texture": "#0"},
				"west": {"uv": [11, 0, 11.5, 0.5], "texture": "#0"},
				"up": {"uv": [1, 11.5, 0.5, 11], "texture": "#0"},
				"down": {"uv": [11.5, 0.5, 11, 1], "texture": "#0"}
			}
		},
		{
			"from": [12, 0.5, 9.25],
			"to": [12.5, 1.25, 12.5],
			"faces": {
				"north": {"uv": [10.5, 6, 11, 6.5], "texture": "#0"},
				"east": {"uv": [4, 3, 5.5, 3.5], "texture": "#0"},
				"south": {"uv": [6.5, 10.5, 7, 11], "texture": "#0"},
				"west": {"uv": [4, 3.5, 5.5, 4], "texture": "#0"},
				"up": {"uv": [4.5, 5.5, 4, 4], "texture": "#0"},
				"down": {"uv": [5, 4, 4.5, 5.5], "texture": "#0"}
			}
		},
		{
			"from": [4.5, 0.5, 9.25],
			"to": [5, 1.25, 12.5],
			"faces": {
				"north": {"uv": [10.5, 6.5, 11, 7], "texture": "#0"},
				"east": {"uv": [4.5, 2, 6, 2.5], "texture": "#0"},
				"south": {"uv": [7, 10.5, 7.5, 11], "texture": "#0"},
				"west": {"uv": [4.5, 2.5, 6, 3], "texture": "#0"},
				"up": {"uv": [1.5, 6.5, 1, 5], "texture": "#0"},
				"down": {"uv": [2, 5, 1.5, 6.5], "texture": "#0"}
			}
		},
		{
			"from": [6, 0.5, 11.75],
			"to": [7, 1.25, 12.5],
			"faces": {
				"north": {"uv": [3, 10.5, 3.5, 11], "texture": "#0"},
				"east": {"uv": [3.5, 10.5, 4, 11], "texture": "#0"},
				"south": {"uv": [10.5, 3.5, 11, 4], "texture": "#0"},
				"west": {"uv": [4, 10.5, 4.5, 11], "texture": "#0"},
				"up": {"uv": [5, 11, 4.5, 10.5], "texture": "#0"},
				"down": {"uv": [5.5, 10.5, 5, 11], "texture": "#0"}
			}
		},
		{
			"from": [6.75, 0.5, 11],
			"to": [7, 1.25, 11.75],
			"faces": {
				"north": {"uv": [13.5, 2.5, 14, 3], "texture": "#0"},
				"east": {"uv": [3, 13.5, 3.5, 14], "texture": "#0"},
				"south": {"uv": [13.5, 3, 14, 3.5], "texture": "#0"},
				"west": {"uv": [3.5, 13.5, 4, 14], "texture": "#0"},
				"up": {"uv": [14, 4, 13.5, 3.5], "texture": "#0"},
				"down": {"uv": [4.5, 13.5, 4, 14], "texture": "#0"}
			}
		},
		{
			"from": [10, 0.5, 11],
			"to": [10.25, 1.25, 11.75],
			"faces": {
				"north": {"uv": [13.5, 6, 14, 6.5], "texture": "#0"},
				"east": {"uv": [6.5, 13.5, 7, 14], "texture": "#0"},
				"south": {"uv": [13.5, 6.5, 14, 7], "texture": "#0"},
				"west": {"uv": [7, 13.5, 7.5, 14], "texture": "#0"},
				"up": {"uv": [14, 7.5, 13.5, 7], "texture": "#0"},
				"down": {"uv": [8, 13.5, 7.5, 14], "texture": "#0"}
			}
		},
		{
			"from": [10.75, 0.5, 9],
			"to": [11, 1.25, 9.5],
			"faces": {
				"north": {"uv": [13.5, 7.5, 14, 8], "texture": "#0"},
				"east": {"uv": [8, 13.5, 8.5, 14], "texture": "#0"},
				"south": {"uv": [13.5, 8, 14, 8.5], "texture": "#0"},
				"west": {"uv": [8.5, 13.5, 9, 14], "texture": "#0"},
				"up": {"uv": [14, 9, 13.5, 8.5], "texture": "#0"},
				"down": {"uv": [9.5, 13.5, 9, 14], "texture": "#0"}
			}
		},
		{
			"from": [6, 0.5, 9],
			"to": [6.25, 1.25, 9.5],
			"faces": {
				"north": {"uv": [13.5, 9, 14, 9.5], "texture": "#0"},
				"east": {"uv": [9.5, 13.5, 10, 14], "texture": "#0"},
				"south": {"uv": [13.5, 9.5, 14, 10], "texture": "#0"},
				"west": {"uv": [10, 13.5, 10.5, 14], "texture": "#0"},
				"up": {"uv": [14, 10.5, 13.5, 10], "texture": "#0"},
				"down": {"uv": [11, 13.5, 10.5, 14], "texture": "#0"}
			}
		},
		{
			"from": [6, 0.5, 9],
			"to": [7, 1, 11.75],
			"faces": {
				"north": {"uv": [13.5, 0.5, 14, 1], "texture": "#0"},
				"east": {"uv": [6.5, 4, 8, 4.5], "texture": "#0"},
				"south": {"uv": [1, 13.5, 1.5, 14], "texture": "#0"},
				"west": {"uv": [6.5, 4.5, 8, 5], "texture": "#0"},
				"up": {"uv": [4, 8, 3.5, 6.5], "texture": "#0"},
				"down": {"uv": [5.5, 6.5, 5, 8], "texture": "#0"}
			}
		},
		{
			"from": [10, 0.5, 9],
			"to": [11, 1, 11.75],
			"faces": {
				"north": {"uv": [13.5, 5.5, 14, 6], "texture": "#0"},
				"east": {"uv": [6.5, 6, 8, 6.5], "texture": "#0"},
				"south": {"uv": [6, 13.5, 6.5, 14], "texture": "#0"},
				"west": {"uv": [6.5, 6.5, 8, 7], "texture": "#0"},
				"up": {"uv": [2.5, 8.5, 2, 7], "texture": "#0"},
				"down": {"uv": [3, 7, 2.5, 8.5], "texture": "#0"}
			}
		},
		{
			"from": [6, 0.5, 8.25],
			"to": [7, 1.25, 9],
			"faces": {
				"north": {"uv": [13.5, 1, 14, 1.5], "texture": "#0"},
				"east": {"uv": [1.5, 13.5, 2, 14], "texture": "#0"},
				"south": {"uv": [13.5, 1.5, 14, 2], "texture": "#0"},
				"west": {"uv": [2, 13.5, 2.5, 14], "texture": "#0"},
				"up": {"uv": [14, 2.5, 13.5, 2], "texture": "#0"},
				"down": {"uv": [3, 13.5, 2.5, 14], "texture": "#0"}
			}
		},
		{
			"from": [-1, 0.5, 14.5],
			"to": [-0.5, 0.75, 15],
			"rotation": {"angle": 0, "axis": "z", "origin": [15.375, 0.375, 12.5]},
			"faces": {
				"north": {"uv": [3, 13, 3.5, 13.5], "texture": "#0"},
				"east": {"uv": [13, 3, 13.5, 3.5], "texture": "#0"},
				"south": {"uv": [3.5, 13, 4, 13.5], "texture": "#0"},
				"west": {"uv": [13, 3.5, 13.5, 4], "texture": "#0"},
				"up": {"uv": [4.5, 13.5, 4, 13], "texture": "#0"},
				"down": {"uv": [13.5, 4, 13, 4.5], "texture": "#0"}
			}
		},
		{
			"from": [-0.5, 0.5, 14],
			"to": [0.25, 0.75, 14.75],
			"rotation": {"angle": 0, "axis": "z", "origin": [15.375, 0.375, 12.5]},
			"faces": {
				"north": {"uv": [1.5, 13, 2, 13.5], "texture": "#0"},
				"east": {"uv": [13, 1.5, 13.5, 2], "texture": "#0"},
				"south": {"uv": [2, 13, 2.5, 13.5], "texture": "#0"},
				"west": {"uv": [13, 2, 13.5, 2.5], "texture": "#0"},
				"up": {"uv": [3, 13.5, 2.5, 13], "texture": "#0"},
				"down": {"uv": [13.5, 2.5, 13, 3], "texture": "#0"}
			}
		},
		{
			"from": [-0.5, 0.5, 12.75],
			"to": [0, 0.75, 14],
			"rotation": {"angle": 0, "axis": "z", "origin": [15.375, 0.375, 12.5]},
			"faces": {
				"north": {"uv": [0, 13, 0.5, 13.5], "texture": "#0"},
				"east": {"uv": [13, 0, 13.5, 0.5], "texture": "#0"},
				"south": {"uv": [0.5, 13, 1, 13.5], "texture": "#0"},
				"west": {"uv": [13, 0.5, 13.5, 1], "texture": "#0"},
				"up": {"uv": [1.5, 13.5, 1, 13], "texture": "#0"},
				"down": {"uv": [13.5, 1, 13, 1.5], "texture": "#0"}
			}
		},
		{
			"from": [0, 0.5, 11],
			"to": [0.75, 0.75, 14],
			"rotation": {"angle": 0, "axis": "z", "origin": [15.375, 0.375, 12.5]},
			"faces": {
				"north": {"uv": [12.5, 12, 13, 12.5], "texture": "#0"},
				"east": {"uv": [6.5, 0, 8, 0.5], "texture": "#0"},
				"south": {"uv": [12.5, 12.5, 13, 13], "texture": "#0"},
				"west": {"uv": [6.5, 0.5, 8, 1], "texture": "#0"},
				"up": {"uv": [2, 8, 1.5, 6.5], "texture": "#0"},
				"down": {"uv": [3.5, 6.5, 3, 8], "texture": "#0"}
			}
		},
		{
			"from": [0.75, 0.5, 10.5],
			"to": [1.5, 0.75, 13],
			"rotation": {"angle": 0, "axis": "z", "origin": [15.375, 0.375, 12.5]},
			"faces": {
				"north": {"uv": [12.5, 11.5, 13, 12], "texture": "#0"},
				"east": {"uv": [6, 2, 7.5, 2.5], "texture": "#0"},
				"south": {"uv": [12, 12.5, 12.5, 13], "texture": "#0"},
				"west": {"uv": [6, 2.5, 7.5, 3], "texture": "#0"},
				"up": {"uv": [6.5, 7.5, 6, 6], "texture": "#0"},
				"down": {"uv": [1.5, 6.5, 1, 8], "texture": "#0"}
			}
		},
		{
			"from": [1.5, 0.5, 11.75],
			"to": [2, 0.75, 12.25],
			"rotation": {"angle": 0, "axis": "z", "origin": [15.375, 0.375, 12.5]},
			"faces": {
				"north": {"uv": [12.5, 10, 13, 10.5], "texture": "#0"},
				"east": {"uv": [10.5, 12.5, 11, 13], "texture": "#0"},
				"south": {"uv": [12.5, 10.5, 13, 11], "texture": "#0"},
				"west": {"uv": [11, 12.5, 11.5, 13], "texture": "#0"},
				"up": {"uv": [13, 11.5, 12.5, 11], "texture": "#0"},
				"down": {"uv": [12, 12.5, 11.5, 13], "texture": "#0"}
			}
		},
		{
			"from": [1.5, 0.5, 10],
			"to": [2.5, 0.75, 11.75],
			"rotation": {"angle": 0, "axis": "z", "origin": [15.375, 0.375, 12.5]},
			"faces": {
				"north": {"uv": [12.5, 9.5, 13, 10], "texture": "#0"},
				"east": {"uv": [2.5, 9, 3.5, 9.5], "texture": "#0"},
				"south": {"uv": [10, 12.5, 10.5, 13], "texture": "#0"},
				"west": {"uv": [9, 3, 10, 3.5], "texture": "#0"},
				"up": {"uv": [4, 10, 3.5, 9], "texture": "#0"},
				"down": {"uv": [4.5, 9, 4, 10], "texture": "#0"}
			}
		},
		{
			"from": [2.5, 0.5, 9.75],
			"to": [3.5, 0.75, 11.25],
			"rotation": {"angle": 0, "axis": "z", "origin": [15.375, 0.375, 12.5]},
			"faces": {
				"north": {"uv": [12.5, 9, 13, 9.5], "texture": "#0"},
				"east": {"uv": [1, 9, 2, 9.5], "texture": "#0"},
				"south": {"uv": [9.5, 12.5, 10, 13], "texture": "#0"},
				"west": {"uv": [9, 1.5, 10, 2], "texture": "#0"},
				"up": {"uv": [2.5, 10, 2, 9], "texture": "#0"},
				"down": {"uv": [9.5, 2, 9, 3], "texture": "#0"}
			}
		},
		{
			"from": [3.5, 0.5, 9.5],
			"to": [4.5, 0.75, 11],
			"rotation": {"angle": 0, "axis": "z", "origin": [15.375, 0.375, 12.5]},
			"faces": {
				"north": {"uv": [12.5, 8.5, 13, 9], "texture": "#0"},
				"east": {"uv": [8.5, 8, 9.5, 8.5], "texture": "#0"},
				"south": {"uv": [9, 12.5, 9.5, 13], "texture": "#0"},
				"west": {"uv": [8.5, 8.5, 9.5, 9], "texture": "#0"},
				"up": {"uv": [8, 9.5, 7.5, 8.5], "texture": "#0"},
				"down": {"uv": [9.5, 0, 9, 1], "texture": "#0"}
			}
		},
		{
			"from": [15, 0.5, 11.75],
			"to": [15.5, 0.75, 12.25],
			"rotation": {"angle": 0, "axis": "z", "origin": [15.375, 0.375, 12.5]},
			"faces": {
				"north": {"uv": [12.5, 7, 13, 7.5], "texture": "#0"},
				"east": {"uv": [7.5, 12.5, 8, 13], "texture": "#0"},
				"south": {"uv": [12.5, 7.5, 13, 8], "texture": "#0"},
				"west": {"uv": [8, 12.5, 8.5, 13], "texture": "#0"},
				"up": {"uv": [13, 8.5, 12.5, 8], "texture": "#0"},
				"down": {"uv": [9, 12.5, 8.5, 13], "texture": "#0"}
			}
		},
		{
			"from": [16.25, 0.5, 11],
			"to": [17, 0.75, 14],
			"rotation": {"angle": 0, "axis": "z", "origin": [15.375, 0.375, 12.5]},
			"faces": {
				"north": {"uv": [12.5, 6.5, 13, 7], "texture": "#0"},
				"east": {"uv": [6, 1, 7.5, 1.5], "texture": "#0"},
				"south": {"uv": [7, 12.5, 7.5, 13], "texture": "#0"},
				"west": {"uv": [6, 1.5, 7.5, 2], "texture": "#0"},
				"up": {"uv": [1, 7.5, 0.5, 6], "texture": "#0"},
				"down": {"uv": [6, 6, 5.5, 7.5], "texture": "#0"}
			}
		},
		{
			"from": [16.75, 0.5, 14],
			"to": [17.5, 0.75, 14.75],
			"rotation": {"angle": 0, "axis": "z", "origin": [15.375, 0.375, 12.5]},
			"faces": {
				"north": {"uv": [12.5, 5, 13, 5.5], "texture": "#0"},
				"east": {"uv": [5.5, 12.5, 6, 13], "texture": "#0"},
				"south": {"uv": [12.5, 5.5, 13, 6], "texture": "#0"},
				"west": {"uv": [6, 12.5, 6.5, 13], "texture": "#0"},
				"up": {"uv": [13, 6.5, 12.5, 6], "texture": "#0"},
				"down": {"uv": [7, 12.5, 6.5, 13], "texture": "#0"}
			}
		},
		{
			"from": [17.5, 0.5, 14.5],
			"to": [18, 0.75, 15],
			"rotation": {"angle": 0, "axis": "z", "origin": [15.375, 0.375, 12.5]},
			"faces": {
				"north": {"uv": [12.5, 3.5, 13, 4], "texture": "#0"},
				"east": {"uv": [4, 12.5, 4.5, 13], "texture": "#0"},
				"south": {"uv": [12.5, 4, 13, 4.5], "texture": "#0"},
				"west": {"uv": [4.5, 12.5, 5, 13], "texture": "#0"},
				"up": {"uv": [13, 5, 12.5, 4.5], "texture": "#0"},
				"down": {"uv": [5.5, 12.5, 5, 13], "texture": "#0"}
			}
		},
		{
			"from": [17, 0.5, 12.75],
			"to": [17.5, 0.75, 14],
			"rotation": {"angle": 0, "axis": "z", "origin": [15.375, 0.375, 12.5]},
			"faces": {
				"north": {"uv": [12.5, 2, 13, 2.5], "texture": "#0"},
				"east": {"uv": [2.5, 12.5, 3, 13], "texture": "#0"},
				"south": {"uv": [12.5, 2.5, 13, 3], "texture": "#0"},
				"west": {"uv": [3, 12.5, 3.5, 13], "texture": "#0"},
				"up": {"uv": [13, 3.5, 12.5, 3], "texture": "#0"},
				"down": {"uv": [4, 12.5, 3.5, 13], "texture": "#0"}
			}
		},
		{
			"from": [15.5, 0.5, 10.5],
			"to": [16.25, 0.75, 13],
			"rotation": {"angle": 0, "axis": "z", "origin": [15.375, 0.375, 12.5]},
			"faces": {
				"north": {"uv": [12.5, 1.5, 13, 2], "texture": "#0"},
				"east": {"uv": [5.5, 5, 7, 5.5], "texture": "#0"},
				"south": {"uv": [2, 12.5, 2.5, 13], "texture": "#0"},
				"west": {"uv": [5.5, 5.5, 7, 6], "texture": "#0"},
				"up": {"uv": [5, 7, 4.5, 5.5], "texture": "#0"},
				"down": {"uv": [0.5, 6, 0, 7.5], "texture": "#0"}
			}
		},
		{
			"from": [14.5, 0.5, 10],
			"to": [15.5, 0.75, 11.75],
			"rotation": {"angle": 0, "axis": "z", "origin": [15.375, 0.375, 12.5]},
			"faces": {
				"north": {"uv": [12.5, 1, 13, 1.5], "texture": "#0"},
				"east": {"uv": [6, 8.5, 7, 9], "texture": "#0"},
				"south": {"uv": [1.5, 12.5, 2, 13], "texture": "#0"},
				"west": {"uv": [8.5, 6, 9.5, 6.5], "texture": "#0"},
				"up": {"uv": [9, 7.5, 8.5, 6.5], "texture": "#0"},
				"down": {"uv": [7.5, 8.5, 7, 9.5], "texture": "#0"}
			}
		},
		{
			"from": [13.5, 0.5, 9.75],
			"to": [14.5, 0.75, 11.25],
			"rotation": {"angle": 0, "axis": "z", "origin": [15.375, 0.375, 12.5]},
			"faces": {
				"north": {"uv": [12.5, 0.5, 13, 1], "texture": "#0"},
				"east": {"uv": [3.5, 8.5, 4.5, 9], "texture": "#0"},
				"south": {"uv": [1, 12.5, 1.5, 13], "texture": "#0"},
				"west": {"uv": [8.5, 3.5, 9.5, 4], "texture": "#0"},
				"up": {"uv": [9, 5, 8.5, 4], "texture": "#0"},
				"down": {"uv": [6, 8.5, 5.5, 9.5], "texture": "#0"}
			}
		},
		{
			"from": [12.5, 0.5, 9.5],
			"to": [13.5, 0.75, 11],
			"rotation": {"angle": 0, "axis": "z", "origin": [15.375, 0.375, 12.5]},
			"faces": {
				"north": {"uv": [12.5, 0, 13, 0.5], "texture": "#0"},
				"east": {"uv": [8.5, 1, 9.5, 1.5], "texture": "#0"},
				"south": {"uv": [0.5, 12.5, 1, 13], "texture": "#0"},
				"west": {"uv": [2, 8.5, 3, 9], "texture": "#0"},
				"up": {"uv": [1, 9.5, 0.5, 8.5], "texture": "#0"},
				"down": {"uv": [9, 2.5, 8.5, 3.5], "texture": "#0"}
			}
		},
		{
			"from": [12.5, 0.25, 10.25],
			"to": [13.5, 0.5, 11.75],
			"faces": {
				"north": {"uv": [11.5, 1, 12, 1.5], "texture": "#0"},
				"east": {"uv": [7.5, 2.5, 8.5, 3], "texture": "#0"},
				"south": {"uv": [1.5, 11.5, 2, 12], "texture": "#0"},
				"west": {"uv": [7.5, 7, 8.5, 7.5], "texture": "#0"},
				"up": {"uv": [6.5, 8.5, 6, 7.5], "texture": "#0"},
				"down": {"uv": [8, 7.5, 7.5, 8.5], "texture": "#0"}
			}
		},
		{
			"from": [1.75, 0.25, 13],
			"to": [2.5, 0.5, 13.25],
			"rotation": {"angle": 0, "axis": "z", "origin": [14.0625, 0.125, 12.0625]},
			"faces": {
				"north": {"uv": [8.5, 13, 9, 13.5], "texture": "#0"},
				"east": {"uv": [13, 8.5, 13.5, 9], "texture": "#0"},
				"south": {"uv": [9, 13, 9.5, 13.5], "texture": "#0"},
				"west": {"uv": [13, 9, 13.5, 9.5], "texture": "#0"},
				"up": {"uv": [10, 13.5, 9.5, 13], "texture": "#0"},
				"down": {"uv": [13.5, 9.5, 13, 10], "texture": "#0"}
			}
		},
		{
			"from": [1.75, 0, 12.75],
			"to": [2, 0.25, 13],
			"rotation": {"angle": 0, "axis": "z", "origin": [14.0625, 0.125, 12.0625]},
			"faces": {
				"north": {"uv": [7, 13, 7.5, 13.5], "texture": "#0"},
				"east": {"uv": [13, 7, 13.5, 7.5], "texture": "#0"},
				"south": {"uv": [7.5, 13, 8, 13.5], "texture": "#0"},
				"west": {"uv": [13, 7.5, 13.5, 8], "texture": "#0"},
				"up": {"uv": [8.5, 13.5, 8, 13], "texture": "#0"},
				"down": {"uv": [13.5, 8, 13, 8.5], "texture": "#0"}
			}
		},
		{
			"from": [2, 0.25, 12],
			"to": [3, 0.5, 13],
			"rotation": {"angle": 0, "axis": "z", "origin": [14.0625, 0.125, 12.0625]},
			"faces": {
				"north": {"uv": [5.5, 13, 6, 13.5], "texture": "#0"},
				"east": {"uv": [13, 5.5, 13.5, 6], "texture": "#0"},
				"south": {"uv": [6, 13, 6.5, 13.5], "texture": "#0"},
				"west": {"uv": [13, 6, 13.5, 6.5], "texture": "#0"},
				"up": {"uv": [7, 13.5, 6.5, 13], "texture": "#0"},
				"down": {"uv": [13.5, 6.5, 13, 7], "texture": "#0"}
			}
		},
		{
			"from": [2.25, 0.25, 10.5],
			"to": [3.5, 0.5, 12],
			"rotation": {"angle": 0, "axis": "z", "origin": [14.0625, 0.125, 12.0625]},
			"faces": {
				"north": {"uv": [5, 13, 5.5, 13.5], "texture": "#0"},
				"east": {"uv": [9, 5.5, 10, 6], "texture": "#0"},
				"south": {"uv": [13, 5, 13.5, 5.5], "texture": "#0"},
				"west": {"uv": [9, 6.5, 10, 7], "texture": "#0"},
				"up": {"uv": [7, 10, 6.5, 9], "texture": "#0"},
				"down": {"uv": [9.5, 7, 9, 8], "texture": "#0"}
			}
		},
		{
			"from": [3.5, 0.25, 10.25],
			"to": [4.5, 0.5, 11.75],
			"rotation": {"angle": 0, "axis": "z", "origin": [14.0625, 0.125, 12.0625]},
			"faces": {
				"north": {"uv": [4.5, 13, 5, 13.5], "texture": "#0"},
				"east": {"uv": [9, 4, 10, 4.5], "texture": "#0"},
				"south": {"uv": [13, 4.5, 13.5, 5], "texture": "#0"},
				"west": {"uv": [4.5, 9, 5.5, 9.5], "texture": "#0"},
				"up": {"uv": [9.5, 5.5, 9, 4.5], "texture": "#0"},
				"down": {"uv": [6.5, 9, 6, 10], "texture": "#0"}
			}
		},
		{
			"from": [13.5, 0.25, 10.5],
			"to": [14.75, 0.5, 12],
			"faces": {
				"north": {"uv": [11.5, 1.5, 12, 2], "texture": "#0"},
				"east": {"uv": [0, 8, 1, 8.5], "texture": "#0"},
				"south": {"uv": [2, 11.5, 2.5, 12], "texture": "#0"},
				"west": {"uv": [8, 0, 9, 0.5], "texture": "#0"},
				"up": {"uv": [1.5, 9, 1, 8], "texture": "#0"},
				"down": {"uv": [2, 8, 1.5, 9], "texture": "#0"}
			}
		},
		{
			"from": [14, 0.25, 12],
			"to": [15, 0.5, 13],
			"faces": {
				"north": {"uv": [11.5, 2, 12, 2.5], "texture": "#0"},
				"east": {"uv": [2.5, 11.5, 3, 12], "texture": "#0"},
				"south": {"uv": [11.5, 2.5, 12, 3], "texture": "#0"},
				"west": {"uv": [3, 11.5, 3.5, 12], "texture": "#0"},
				"up": {"uv": [12, 3.5, 11.5, 3], "texture": "#0"},
				"down": {"uv": [4, 11.5, 3.5, 12], "texture": "#0"}
			}
		},
		{
			"from": [14.5, 0.25, 13],
			"to": [15.25, 0.5, 13.25],
			"faces": {
				"north": {"uv": [11.5, 3.5, 12, 4], "texture": "#0"},
				"east": {"uv": [4, 11.5, 4.5, 12], "texture": "#0"},
				"south": {"uv": [11.5, 4, 12, 4.5], "texture": "#0"},
				"west": {"uv": [4.5, 11.5, 5, 12], "texture": "#0"},
				"up": {"uv": [12, 5, 11.5, 4.5], "texture": "#0"},
				"down": {"uv": [5.5, 11.5, 5, 12], "texture": "#0"}
			}
		},
		{
			"from": [15, 0, 12.75],
			"to": [15.25, 0.25, 13],
			"faces": {
				"north": {"uv": [11.5, 5, 12, 5.5], "texture": "#0"},
				"east": {"uv": [5.5, 11.5, 6, 12], "texture": "#0"},
				"south": {"uv": [11.5, 5.5, 12, 6], "texture": "#0"},
				"west": {"uv": [6, 11.5, 6.5, 12], "texture": "#0"},
				"up": {"uv": [12, 6.5, 11.5, 6], "texture": "#0"},
				"down": {"uv": [7, 11.5, 6.5, 12], "texture": "#0"}
			}
		},
		{
			"from": [11.5, 0.75, 13.25],
			"to": [11.75, 1, 13.5],
			"faces": {
				"north": {"uv": [11.5, 6.5, 12, 7], "texture": "#0"},
				"east": {"uv": [7, 11.5, 7.5, 12], "texture": "#0"},
				"south": {"uv": [11.5, 7, 12, 7.5], "texture": "#0"},
				"west": {"uv": [7.5, 11.5, 8, 12], "texture": "#0"},
				"up": {"uv": [12, 8, 11.5, 7.5], "texture": "#0"},
				"down": {"uv": [8.5, 11.5, 8, 12], "texture": "#0"}
			}
		},
		{
			"from": [11.5, 0.75, 14],
			"to": [11.75, 1, 15],
			"rotation": {"angle": 0, "axis": "x", "origin": [11.625, 0.375, 15.625]},
			"faces": {
				"north": {"uv": [11.5, 9.5, 12, 10], "texture": "#0"},
				"east": {"uv": [10, 11.5, 10.5, 12], "texture": "#0"},
				"south": {"uv": [11.5, 10, 12, 10.5], "texture": "#0"},
				"west": {"uv": [10.5, 11.5, 11, 12], "texture": "#0"},
				"up": {"uv": [12, 11, 11.5, 10.5], "texture": "#0"},
				"down": {"uv": [11.5, 11.5, 11, 12], "texture": "#0"}
			}
		},
		{
			"from": [5.125, 0.75, 13.5],
			"to": [5.625, 1, 14],
			"faces": {
				"north": {"uv": [2.5, 12, 3, 12.5], "texture": "#0"},
				"east": {"uv": [12, 2.5, 12.5, 3], "texture": "#0"},
				"south": {"uv": [3, 12, 3.5, 12.5], "texture": "#0"},
				"west": {"uv": [12, 3, 12.5, 3.5], "texture": "#0"},
				"up": {"uv": [4, 12.5, 3.5, 12], "texture": "#0"},
				"down": {"uv": [12.5, 3.5, 12, 4], "texture": "#0"}
			}
		},
		{
			"from": [5.25, 0.75, 13.25],
			"to": [5.5, 1, 13.5],
			"faces": {
				"north": {"uv": [1, 12, 1.5, 12.5], "texture": "#0"},
				"east": {"uv": [12, 1, 12.5, 1.5], "texture": "#0"},
				"south": {"uv": [1.5, 12, 2, 12.5], "texture": "#0"},
				"west": {"uv": [12, 1.5, 12.5, 2], "texture": "#0"},
				"up": {"uv": [2.5, 12.5, 2, 12], "texture": "#0"},
				"down": {"uv": [12.5, 2, 12, 2.5], "texture": "#0"}
			}
		},
		{
			"from": [5.25, 0.75, 14],
			"to": [5.5, 1, 15],
			"faces": {
				"north": {"uv": [11.5, 11, 12, 11.5], "texture": "#0"},
				"east": {"uv": [11.5, 11.5, 12, 12], "texture": "#0"},
				"south": {"uv": [0, 12, 0.5, 12.5], "texture": "#0"},
				"west": {"uv": [12, 0, 12.5, 0.5], "texture": "#0"},
				"up": {"uv": [1, 12.5, 0.5, 12], "texture": "#0"},
				"down": {"uv": [12.5, 0.5, 12, 1], "texture": "#0"}
			}
		},
		{
			"from": [11.75, 0.75, 15],
			"to": [12, 1, 16.5],
			"rotation": {"angle": 0, "axis": "y", "origin": [11.625, 0.375, 15.625]},
			"faces": {
				"north": {"uv": [11, 12, 11.5, 12.5], "texture": "#0"},
				"east": {"uv": [8, 2, 9, 2.5], "texture": "#0"},
				"south": {"uv": [12, 11, 12.5, 11.5], "texture": "#0"},
				"west": {"uv": [3.5, 8, 4.5, 8.5], "texture": "#0"},
				"up": {"uv": [8.5, 5, 8, 4], "texture": "#0"},
				"down": {"uv": [5, 8, 4.5, 9], "texture": "#0"}
			}
		},
		{
			"from": [5, 0.75, 15],
			"to": [5.25, 1, 16.5],
			"faces": {
				"north": {"uv": [10.5, 12, 11, 12.5], "texture": "#0"},
				"east": {"uv": [8, 0.5, 9, 1], "texture": "#0"},
				"south": {"uv": [12, 10.5, 12.5, 11], "texture": "#0"},
				"west": {"uv": [8, 1.5, 9, 2], "texture": "#0"},
				"up": {"uv": [3.5, 9, 3, 8], "texture": "#0"},
				"down": {"uv": [8.5, 3, 8, 4], "texture": "#0"}
			}
		},
		{
			"from": [12, 0.75, 16.5],
			"to": [12.25, 1, 18],
			"rotation": {"angle": 0, "axis": "y", "origin": [11.625, 0.375, 15.625]},
			"faces": {
				"north": {"uv": [12, 12, 12.5, 12.5], "texture": "#0"},
				"east": {"uv": [6.5, 8, 7.5, 8.5], "texture": "#0"},
				"south": {"uv": [0, 12.5, 0.5, 13], "texture": "#0"},
				"west": {"uv": [8, 7.5, 9, 8], "texture": "#0"},
				"up": {"uv": [8.5, 9, 8, 8], "texture": "#0"},
				"down": {"uv": [0.5, 8.5, 0, 9.5], "texture": "#0"}
			}
		},
		{
			"from": [4.75, 0.75, 16.5],
			"to": [5, 1, 18],
			"faces": {
				"north": {"uv": [11.5, 12, 12, 12.5], "texture": "#0"},
				"east": {"uv": [8, 5, 9, 5.5], "texture": "#0"},
				"south": {"uv": [12, 11.5, 12.5, 12], "texture": "#0"},
				"west": {"uv": [8, 5.5, 9, 6], "texture": "#0"},
				"up": {"uv": [5.5, 9, 5, 8], "texture": "#0"},
				"down": {"uv": [8.5, 6, 8, 7], "texture": "#0"}
			}
		},
		{
			"from": [8.25, 0.625, 14.75],
			"to": [8.75, 1.125, 15.25],
			"faces": {
				"north": {"uv": [6, 12, 6.5, 12.5], "texture": "#0"},
				"east": {"uv": [12, 6, 12.5, 6.5], "texture": "#0"},
				"south": {"uv": [6.5, 12, 7, 12.5], "texture": "#0"},
				"west": {"uv": [12, 6.5, 12.5, 7], "texture": "#0"},
				"up": {"uv": [7.5, 12.5, 7, 12], "texture": "#0"},
				"down": {"uv": [12.5, 7, 12, 7.5], "texture": "#0"}
			}
		},
		{
			"from": [8.25, 0.75, 18.5],
			"to": [8.75, 1, 19],
			"faces": {
				"north": {"uv": [7.5, 12, 8, 12.5], "texture": "#0"},
				"east": {"uv": [12, 7.5, 12.5, 8], "texture": "#0"},
				"south": {"uv": [8, 12, 8.5, 12.5], "texture": "#0"},
				"west": {"uv": [12, 8, 12.5, 8.5], "texture": "#0"},
				"up": {"uv": [9, 12.5, 8.5, 12], "texture": "#0"},
				"down": {"uv": [12.5, 8.5, 12, 9], "texture": "#0"}
			}
		},
		{
			"from": [8.375, 0.75, 14.5],
			"to": [8.625, 1, 14.75],
			"faces": {
				"north": {"uv": [4.5, 12, 5, 12.5], "texture": "#0"},
				"east": {"uv": [12, 4.5, 12.5, 5], "texture": "#0"},
				"south": {"uv": [5, 12, 5.5, 12.5], "texture": "#0"},
				"west": {"uv": [12, 5, 12.5, 5.5], "texture": "#0"},
				"up": {"uv": [6, 12.5, 5.5, 12], "texture": "#0"},
				"down": {"uv": [12.5, 5.5, 12, 6], "texture": "#0"}
			}
		},
		{
			"from": [8.375, 0.75, 19],
			"to": [8.625, 1, 19.25],
			"faces": {
				"north": {"uv": [9, 12, 9.5, 12.5], "texture": "#0"},
				"east": {"uv": [12, 9, 12.5, 9.5], "texture": "#0"},
				"south": {"uv": [9.5, 12, 10, 12.5], "texture": "#0"},
				"west": {"uv": [12, 9.5, 12.5, 10], "texture": "#0"},
				"up": {"uv": [10.5, 12.5, 10, 12], "texture": "#0"},
				"down": {"uv": [12.5, 10, 12, 10.5], "texture": "#0"}
			}
		},
		{
			"from": [8.375, 0.75, 15.25],
			"to": [8.625, 1, 18.5],
			"faces": {
				"north": {"uv": [4, 12, 4.5, 12.5], "texture": "#0"},
				"east": {"uv": [5.5, 3, 7, 3.5], "texture": "#0"},
				"south": {"uv": [12, 4, 12.5, 4.5], "texture": "#0"},
				"west": {"uv": [5.5, 3.5, 7, 4], "texture": "#0"},
				"up": {"uv": [3, 7, 2.5, 5.5], "texture": "#0"},
				"down": {"uv": [4.5, 5.5, 4, 7], "texture": "#0"}
			}
		},
		{
			"from": [11.375, 0.75, 13.5],
			"to": [11.875, 1, 14],
			"faces": {
				"north": {"uv": [11.5, 8, 12, 8.5], "texture": "#0"},
				"east": {"uv": [8.5, 11.5, 9, 12], "texture": "#0"},
				"south": {"uv": [11.5, 8.5, 12, 9], "texture": "#0"},
				"west": {"uv": [9, 11.5, 9.5, 12], "texture": "#0"},
				"up": {"uv": [12, 9.5, 11.5, 9], "texture": "#0"},
				"down": {"uv": [10, 11.5, 9.5, 12], "texture": "#0"}
			}
		},
		{
			"from": [4.575, -0.1475, 10.925],
			"to": [5.165, 0.1475, 12.105],
			"rotation": {"angle": 0, "axis": "y", "origin": [-0.7925, 0, 14.375]},
			"faces": {
				"north": {"uv": [13.5, 10.5, 14, 11], "texture": "#0"},
				"east": {"uv": [11, 13.5, 11.5, 14], "texture": "#0"},
				"south": {"uv": [13.5, 11, 14, 11.5], "texture": "#0"},
				"west": {"uv": [11.5, 13.5, 12, 14], "texture": "#0"},
				"up": {"uv": [14, 12, 13.5, 11.5], "texture": "#0"},
				"down": {"uv": [12.5, 13.5, 12, 14], "texture": "#0"}
			}
		},
		{
			"from": [5.165, -0.1475, 10.335],
			"to": [5.755, 0.1475, 11.81],
			"rotation": {"angle": 0, "axis": "y", "origin": [-0.7925, 0, 14.375]},
			"faces": {
				"north": {"uv": [0, 15, 0.5, 15.5], "texture": "#0"},
				"east": {"uv": [15, 0, 15.5, 0.5], "texture": "#0"},
				"south": {"uv": [0.5, 15, 1, 15.5], "texture": "#0"},
				"west": {"uv": [15, 0.5, 15.5, 1], "texture": "#0"},
				"up": {"uv": [1.5, 15.5, 1, 15], "texture": "#0"},
				"down": {"uv": [15.5, 1, 15, 1.5], "texture": "#0"}
			}
		},
		{
			"from": [3.395, -0.1475, 11.515],
			"to": [3.985, 0.1475, 12.99],
			"rotation": {"angle": 0, "axis": "y", "origin": [-0.7925, 0, 14.375]},
			"faces": {
				"north": {"uv": [13.5, 12, 14, 12.5], "texture": "#0"},
				"east": {"uv": [12.5, 13.5, 13, 14], "texture": "#0"},
				"south": {"uv": [13.5, 12.5, 14, 13], "texture": "#0"},
				"west": {"uv": [13, 13.5, 13.5, 14], "texture": "#0"},
				"up": {"uv": [14, 13.5, 13.5, 13], "texture": "#0"},
				"down": {"uv": [14, 13.5, 13.5, 14], "texture": "#0"}
			}
		},
		{
			"from": [2.805, -0.1475, 11.81],
			"to": [3.395, 0.1475, 13.58],
			"rotation": {"angle": 0, "axis": "y", "origin": [-0.7925, 0, 14.375]},
			"faces": {
				"north": {"uv": [1.5, 14, 2, 14.5], "texture": "#0"},
				"east": {"uv": [0.5, 9.5, 1.5, 10], "texture": "#0"},
				"south": {"uv": [14, 1.5, 14.5, 2], "texture": "#0"},
				"west": {"uv": [9.5, 1, 10.5, 1.5], "texture": "#0"},
				"up": {"uv": [2, 10.5, 1.5, 9.5], "texture": "#0"},
				"down": {"uv": [10, 2, 9.5, 3], "texture": "#0"}
			}
		},
		{
			"from": [2.215, -0.1475, 11.81],
			"to": [2.805, 0.1475, 14.17],
			"rotation": {"angle": 0, "axis": "y", "origin": [-0.7925, 0, 14.375]},
			"faces": {
				"north": {"uv": [5, 14, 5.5, 14.5], "texture": "#0"},
				"east": {"uv": [2.5, 9.5, 3.5, 10], "texture": "#0"},
				"south": {"uv": [14, 5, 14.5, 5.5], "texture": "#0"},
				"west": {"uv": [9.5, 3.5, 10.5, 4], "texture": "#0"},
				"up": {"uv": [5, 10.5, 4.5, 9.5], "texture": "#0"},
				"down": {"uv": [10, 4.5, 9.5, 5.5], "texture": "#0"}
			}
		},
		{
			"from": [1.625, -0.1475, 13.285],
			"to": [2.215, 0.1475, 14.76],
			"rotation": {"angle": 0, "axis": "y", "origin": [-0.7925, 0, 14.375]},
			"faces": {
				"north": {"uv": [3.5, 14, 4, 14.5], "texture": "#0"},
				"east": {"uv": [14, 3.5, 14.5, 4], "texture": "#0"},
				"south": {"uv": [4, 14, 4.5, 14.5], "texture": "#0"},
				"west": {"uv": [14, 4, 14.5, 4.5], "texture": "#0"},
				"up": {"uv": [5, 14.5, 4.5, 14], "texture": "#0"},
				"down": {"uv": [14.5, 4.5, 14, 5], "texture": "#0"}
			}
		},
		{
			"from": [0.74, -0.1475, 14.17],
			"to": [1.625, 0.1475, 15.645],
			"rotation": {"angle": 0, "axis": "y", "origin": [-0.7925, 0, 14.375]},
			"faces": {
				"north": {"uv": [2, 14, 2.5, 14.5], "texture": "#0"},
				"east": {"uv": [14, 2, 14.5, 2.5], "texture": "#0"},
				"south": {"uv": [2.5, 14, 3, 14.5], "texture": "#0"},
				"west": {"uv": [14, 2.5, 14.5, 3], "texture": "#0"},
				"up": {"uv": [3.5, 14.5, 3, 14], "texture": "#0"},
				"down": {"uv": [14.5, 3, 14, 3.5], "texture": "#0"}
			}
		},
		{
			"from": [-0.145, -0.1475, 14.76],
			"to": [0.74, 0.1475, 15.94],
			"rotation": {"angle": 0, "axis": "y", "origin": [-0.7925, 0, 14.375]},
			"faces": {
				"north": {"uv": [5.5, 14, 6, 14.5], "texture": "#0"},
				"east": {"uv": [14, 5.5, 14.5, 6], "texture": "#0"},
				"south": {"uv": [6, 14, 6.5, 14.5], "texture": "#0"},
				"west": {"uv": [14, 6, 14.5, 6.5], "texture": "#0"},
				"up": {"uv": [7, 14.5, 6.5, 14], "texture": "#0"},
				"down": {"uv": [14.5, 6.5, 14, 7], "texture": "#0"}
			}
		},
		{
			"from": [-1.03, -0.1475, 15.055],
			"to": [-0.145, 0.1475, 16.235],
			"rotation": {"angle": 0, "axis": "y", "origin": [-0.7925, 0, 14.375]},
			"faces": {
				"north": {"uv": [7, 14, 7.5, 14.5], "texture": "#0"},
				"east": {"uv": [14, 7, 14.5, 7.5], "texture": "#0"},
				"south": {"uv": [7.5, 14, 8, 14.5], "texture": "#0"},
				"west": {"uv": [14, 7.5, 14.5, 8], "texture": "#0"},
				"up": {"uv": [8.5, 14.5, 8, 14], "texture": "#0"},
				"down": {"uv": [14.5, 8, 14, 8.5], "texture": "#0"}
			}
		},
		{
			"from": [-1.915, -0.1475, 15.35],
			"to": [-1.03, 0.1475, 16.53],
			"rotation": {"angle": 0, "axis": "y", "origin": [-0.7925, 0, 14.375]},
			"faces": {
				"north": {"uv": [10, 14, 10.5, 14.5], "texture": "#0"},
				"east": {"uv": [14, 10, 14.5, 10.5], "texture": "#0"},
				"south": {"uv": [10.5, 14, 11, 14.5], "texture": "#0"},
				"west": {"uv": [14, 10.5, 14.5, 11], "texture": "#0"},
				"up": {"uv": [11.5, 14.5, 11, 14], "texture": "#0"},
				"down": {"uv": [14.5, 11, 14, 11.5], "texture": "#0"}
			}
		},
		{
			"from": [-2.8, -0.1475, 15.645],
			"to": [-1.915, 0.1475, 16.825],
			"rotation": {"angle": 0, "axis": "y", "origin": [-0.7925, 0, 14.375]},
			"faces": {
				"north": {"uv": [8.5, 14, 9, 14.5], "texture": "#0"},
				"east": {"uv": [14, 8.5, 14.5, 9], "texture": "#0"},
				"south": {"uv": [9, 14, 9.5, 14.5], "texture": "#0"},
				"west": {"uv": [14, 9, 14.5, 9.5], "texture": "#0"},
				"up": {"uv": [10, 14.5, 9.5, 14], "texture": "#0"},
				"down": {"uv": [14.5, 9.5, 14, 10], "texture": "#0"}
			}
		},
		{
			"from": [-3.685, -0.1475, 16.235],
			"to": [-2.8, 0.1475, 17.12],
			"rotation": {"angle": 0, "axis": "y", "origin": [-0.7925, 0, 14.375]},
			"faces": {
				"north": {"uv": [11.5, 14, 12, 14.5], "texture": "#0"},
				"east": {"uv": [14, 11.5, 14.5, 12], "texture": "#0"},
				"south": {"uv": [12, 14, 12.5, 14.5], "texture": "#0"},
				"west": {"uv": [14, 12, 14.5, 12.5], "texture": "#0"},
				"up": {"uv": [13, 14.5, 12.5, 14], "texture": "#0"},
				"down": {"uv": [14.5, 12.5, 14, 13], "texture": "#0"}
			}
		},
		{
			"from": [-4.57, -0.1475, 16.53],
			"to": [-3.685, 0.1475, 17.415],
			"rotation": {"angle": 0, "axis": "y", "origin": [-0.7925, 0, 14.375]},
			"faces": {
				"north": {"uv": [13, 14, 13.5, 14.5], "texture": "#0"},
				"east": {"uv": [14, 13, 14.5, 13.5], "texture": "#0"},
				"south": {"uv": [13.5, 14, 14, 14.5], "texture": "#0"},
				"west": {"uv": [14, 13.5, 14.5, 14], "texture": "#0"},
				"up": {"uv": [14.5, 14.5, 14, 14], "texture": "#0"},
				"down": {"uv": [0.5, 14.5, 0, 15], "texture": "#0"}
			}
		},
		{
			"from": [-5.16, -0.1475, 15.94],
			"to": [-4.57, 0.1475, 17.71],
			"rotation": {"angle": 0, "axis": "y", "origin": [-0.7925, 0, 14.375]},
			"faces": {
				"north": {"uv": [14.5, 0, 15, 0.5], "texture": "#0"},
				"east": {"uv": [5, 9.5, 6, 10], "texture": "#0"},
				"south": {"uv": [0.5, 14.5, 1, 15], "texture": "#0"},
				"west": {"uv": [9.5, 6, 10.5, 6.5], "texture": "#0"},
				"up": {"uv": [7.5, 10.5, 7, 9.5], "texture": "#0"},
				"down": {"uv": [10, 7, 9.5, 8], "texture": "#0"}
			}
		},
		{
			"from": [-4.865, -0.1475, 15.055],
			"to": [-4.275, 0.1475, 15.94],
			"rotation": {"angle": 0, "axis": "y", "origin": [-0.7925, 0, 14.375]},
			"faces": {
				"north": {"uv": [14.5, 2, 15, 2.5], "texture": "#0"},
				"east": {"uv": [2.5, 14.5, 3, 15], "texture": "#0"},
				"south": {"uv": [14.5, 2.5, 15, 3], "texture": "#0"},
				"west": {"uv": [3, 14.5, 3.5, 15], "texture": "#0"},
				"up": {"uv": [15, 3.5, 14.5, 3], "texture": "#0"},
				"down": {"uv": [4, 14.5, 3.5, 15], "texture": "#0"}
			}
		},
		{
			"from": [-4.57, -0.1475, 13.875],
			"to": [-3.98, 0.1475, 15.055],
			"rotation": {"angle": 0, "axis": "y", "origin": [-0.7925, 0, 14.375]},
			"faces": {
				"north": {"uv": [14.5, 3.5, 15, 4], "texture": "#0"},
				"east": {"uv": [4, 14.5, 4.5, 15], "texture": "#0"},
				"south": {"uv": [14.5, 4, 15, 4.5], "texture": "#0"},
				"west": {"uv": [4.5, 14.5, 5, 15], "texture": "#0"},
				"up": {"uv": [15, 5, 14.5, 4.5], "texture": "#0"},
				"down": {"uv": [5.5, 14.5, 5, 15], "texture": "#0"}
			}
		},
		{
			"from": [-3.98, -0.1475, 13.285],
			"to": [-3.39, 0.1475, 14.17],
			"rotation": {"angle": 0, "axis": "y", "origin": [-0.7925, 0, 14.375]},
			"faces": {
				"north": {"uv": [14.5, 5, 15, 5.5], "texture": "#0"},
				"east": {"uv": [5.5, 14.5, 6, 15], "texture": "#0"},
				"south": {"uv": [14.5, 5.5, 15, 6], "texture": "#0"},
				"west": {"uv": [6, 14.5, 6.5, 15], "texture": "#0"},
				"up": {"uv": [15, 6.5, 14.5, 6], "texture": "#0"},
				"down": {"uv": [7, 14.5, 6.5, 15], "texture": "#0"}
			}
		},
		{
			"from": [-3.39, -0.1475, 12.99],
			"to": [-2.21, 0.1475, 13.58],
			"rotation": {"angle": 0, "axis": "y", "origin": [-0.7925, 0, 14.375]},
			"faces": {
				"north": {"uv": [14.5, 6.5, 15, 7], "texture": "#0"},
				"east": {"uv": [7, 14.5, 7.5, 15], "texture": "#0"},
				"south": {"uv": [14.5, 7, 15, 7.5], "texture": "#0"},
				"west": {"uv": [7.5, 14.5, 8, 15], "texture": "#0"},
				"up": {"uv": [15, 8, 14.5, 7.5], "texture": "#0"},
				"down": {"uv": [8.5, 14.5, 8, 15], "texture": "#0"}
			}
		},
		{
			"from": [-2.21, -0.1475, 12.695],
			"to": [-1.03, 0.1475, 13.285],
			"rotation": {"angle": 0, "axis": "y", "origin": [-0.7925, 0, 14.375]},
			"faces": {
				"north": {"uv": [14.5, 8, 15, 8.5], "texture": "#0"},
				"east": {"uv": [8.5, 14.5, 9, 15], "texture": "#0"},
				"south": {"uv": [14.5, 8.5, 15, 9], "texture": "#0"},
				"west": {"uv": [9, 14.5, 9.5, 15], "texture": "#0"},
				"up": {"uv": [15, 9.5, 14.5, 9], "texture": "#0"},
				"down": {"uv": [10, 14.5, 9.5, 15], "texture": "#0"}
			}
		},
		{
			"from": [-2.8, -0.1475, 12.105],
			"to": [-1.03, 0.1475, 12.695],
			"rotation": {"angle": 0, "axis": "y", "origin": [-0.7925, 0, 14.375]},
			"faces": {
				"north": {"uv": [9.5, 9.5, 10.5, 10], "texture": "#0"},
				"east": {"uv": [1.5, 15, 2, 15.5], "texture": "#0"},
				"south": {"uv": [10, 0, 11, 0.5], "texture": "#0"},
				"west": {"uv": [15, 1.5, 15.5, 2], "texture": "#0"},
				"up": {"uv": [1.5, 10.5, 0.5, 10], "texture": "#0"},
				"down": {"uv": [11, 0.5, 10, 1], "texture": "#0"}
			}
		},
		{
			"from": [-3.98, -0.1475, 11.515],
			"to": [-2.21, 0.1475, 12.105],
			"rotation": {"angle": 0, "axis": "y", "origin": [-0.7925, 0, 14.375]},
			"faces": {
				"north": {"uv": [10, 1.5, 11, 2], "texture": "#0"},
				"east": {"uv": [2, 15, 2.5, 15.5], "texture": "#0"},
				"south": {"uv": [2, 10, 3, 10.5], "texture": "#0"},
				"west": {"uv": [15, 2, 15.5, 2.5], "texture": "#0"},
				"up": {"uv": [11, 2.5, 10, 2], "texture": "#0"},
				"down": {"uv": [11, 2.5, 10, 3], "texture": "#0"}
			}
		},
		{
			"from": [-3.39, -0.1475, 10.925],
			"to": [-1.915, 0.1475, 11.515],
			"rotation": {"angle": 0, "axis": "y", "origin": [-0.7925, 0, 14.375]},
			"faces": {
				"north": {"uv": [2.5, 15, 3, 15.5], "texture": "#0"},
				"east": {"uv": [15, 2.5, 15.5, 3], "texture": "#0"},
				"south": {"uv": [3, 15, 3.5, 15.5], "texture": "#0"},
				"west": {"uv": [15, 3, 15.5, 3.5], "texture": "#0"},
				"up": {"uv": [4, 15.5, 3.5, 15], "texture": "#0"},
				"down": {"uv": [15.5, 3.5, 15, 4], "texture": "#0"}
			}
		},
		{
			"from": [-3.095, -0.1475, 10.335],
			"to": [-1.62, 0.1475, 10.925],
			"rotation": {"angle": 0, "axis": "y", "origin": [-0.7925, 0, 14.375]},
			"faces": {
				"north": {"uv": [4, 15, 4.5, 15.5], "texture": "#0"},
				"east": {"uv": [15, 4, 15.5, 4.5], "texture": "#0"},
				"south": {"uv": [4.5, 15, 5, 15.5], "texture": "#0"},
				"west": {"uv": [15, 4.5, 15.5, 5], "texture": "#0"},
				"up": {"uv": [5.5, 15.5, 5, 15], "texture": "#0"},
				"down": {"uv": [15.5, 5, 15, 5.5], "texture": "#0"}
			}
		},
		{
			"from": [-2.505, -0.1475, 9.745],
			"to": [-1.325, 0.1475, 10.335],
			"rotation": {"angle": 0, "axis": "y", "origin": [-0.7925, 0, 14.375]},
			"faces": {
				"north": {"uv": [5.5, 15, 6, 15.5], "texture": "#0"},
				"east": {"uv": [15, 5.5, 15.5, 6], "texture": "#0"},
				"south": {"uv": [6, 15, 6.5, 15.5], "texture": "#0"},
				"west": {"uv": [15, 6, 15.5, 6.5], "texture": "#0"},
				"up": {"uv": [7, 15.5, 6.5, 15], "texture": "#0"},
				"down": {"uv": [15.5, 6.5, 15, 7], "texture": "#0"}
			}
		},
		{
			"from": [-1.325, -0.1475, 9.155],
			"to": [-0.735, 0.1475, 10.04],
			"rotation": {"angle": 0, "axis": "y", "origin": [-0.7925, 0, 14.375]},
			"faces": {
				"north": {"uv": [7, 15, 7.5, 15.5], "texture": "#0"},
				"east": {"uv": [15, 7, 15.5, 7.5], "texture": "#0"},
				"south": {"uv": [7.5, 15, 8, 15.5], "texture": "#0"},
				"west": {"uv": [15, 7.5, 15.5, 8], "texture": "#0"},
				"up": {"uv": [8.5, 15.5, 8, 15], "texture": "#0"},
				"down": {"uv": [15.5, 8, 15, 8.5], "texture": "#0"}
			}
		},
		{
			"from": [-0.735, -0.1475, 9.45],
			"to": [-0.145, 0.1475, 10.04],
			"rotation": {"angle": 0, "axis": "y", "origin": [-0.7925, 0, 14.375]},
			"faces": {
				"north": {"uv": [8.5, 15, 9, 15.5], "texture": "#0"},
				"east": {"uv": [15, 8.5, 15.5, 9], "texture": "#0"},
				"south": {"uv": [9, 15, 9.5, 15.5], "texture": "#0"},
				"west": {"uv": [15, 9, 15.5, 9.5], "texture": "#0"},
				"up": {"uv": [10, 15.5, 9.5, 15], "texture": "#0"},
				"down": {"uv": [15.5, 9.5, 15, 10], "texture": "#0"}
			}
		},
		{
			"from": [-0.145, -0.1475, 9.745],
			"to": [0.445, 0.1475, 10.335],
			"rotation": {"angle": 0, "axis": "y", "origin": [-0.7925, 0, 14.375]},
			"faces": {
				"north": {"uv": [10, 15, 10.5, 15.5], "texture": "#0"},
				"east": {"uv": [15, 10, 15.5, 10.5], "texture": "#0"},
				"south": {"uv": [10.5, 15, 11, 15.5], "texture": "#0"},
				"west": {"uv": [15, 10.5, 15.5, 11], "texture": "#0"},
				"up": {"uv": [11.5, 15.5, 11, 15], "texture": "#0"},
				"down": {"uv": [15.5, 11, 15, 11.5], "texture": "#0"}
			}
		},
		{
			"from": [0.15, -0.1475, 10.335],
			"to": [1.035, 0.1475, 10.925],
			"rotation": {"angle": 0, "axis": "y", "origin": [-0.7925, 0, 14.375]},
			"faces": {
				"north": {"uv": [11.5, 15, 12, 15.5], "texture": "#0"},
				"east": {"uv": [15, 11.5, 15.5, 12], "texture": "#0"},
				"south": {"uv": [12, 15, 12.5, 15.5], "texture": "#0"},
				"west": {"uv": [15, 12, 15.5, 12.5], "texture": "#0"},
				"up": {"uv": [13, 15.5, 12.5, 15], "texture": "#0"},
				"down": {"uv": [15.5, 12.5, 15, 13], "texture": "#0"}
			}
		},
		{
			"from": [1.035, -0.1475, 10.63],
			"to": [2.805, 0.1475, 11.22],
			"rotation": {"angle": 0, "axis": "y", "origin": [-0.7925, 0, 14.375]},
			"faces": {
				"north": {"uv": [3, 10, 4, 10.5], "texture": "#0"},
				"east": {"uv": [13, 15, 13.5, 15.5], "texture": "#0"},
				"south": {"uv": [10, 3, 11, 3.5], "texture": "#0"},
				"west": {"uv": [15, 13, 15.5, 13.5], "texture": "#0"},
				"up": {"uv": [11, 4.5, 10, 4], "texture": "#0"},
				"down": {"uv": [11, 4.5, 10, 5], "texture": "#0"}
			}
		},
		{
			"from": [1.625, -0.1475, 11.22],
			"to": [3.395, 0.1475, 11.81],
			"rotation": {"angle": 0, "axis": "y", "origin": [-0.7925, 0, 14.375]},
			"faces": {
				"north": {"uv": [5, 10, 6, 10.5], "texture": "#0"},
				"east": {"uv": [13.5, 15, 14, 15.5], "texture": "#0"},
				"south": {"uv": [10, 5, 11, 5.5], "texture": "#0"},
				"west": {"uv": [15, 13.5, 15.5, 14], "texture": "#0"},
				"up": {"uv": [11, 6, 10, 5.5], "texture": "#0"},
				"down": {"uv": [7, 10, 6, 10.5], "texture": "#0"}
			}
		},
		{
			"from": [-1.03, -0.1475, 12.4],
			"to": [0.15, 0.1475, 12.99],
			"rotation": {"angle": 0, "axis": "y", "origin": [-0.7925, 0, 14.375]},
			"faces": {
				"north": {"uv": [14.5, 9.5, 15, 10], "texture": "#0"},
				"east": {"uv": [10, 14.5, 10.5, 15], "texture": "#0"},
				"south": {"uv": [14.5, 10, 15, 10.5], "texture": "#0"},
				"west": {"uv": [10.5, 14.5, 11, 15], "texture": "#0"},
				"up": {"uv": [15, 11, 14.5, 10.5], "texture": "#0"},
				"down": {"uv": [11.5, 14.5, 11, 15], "texture": "#0"}
			}
		},
		{
			"from": [0.15, -0.1475, 11.81],
			"to": [2.215, 0.1475, 13.285],
			"rotation": {"angle": 0, "axis": "y", "origin": [-0.7925, 0, 14.375]},
			"faces": {
				"north": {"uv": [7.5, 9.5, 8.5, 10], "texture": "#0"},
				"east": {"uv": [14.5, 11, 15, 11.5], "texture": "#0"},
				"south": {"uv": [9.5, 8, 10.5, 8.5], "texture": "#0"},
				"west": {"uv": [11.5, 14.5, 12, 15], "texture": "#0"},
				"up": {"uv": [9.5, 10, 8.5, 9.5], "texture": "#0"},
				"down": {"uv": [10.5, 8.5, 9.5, 9], "texture": "#0"}
			}
		},
		{
			"from": [-0.44, -0.1475, 12.105],
			"to": [0.15, 0.1475, 12.4],
			"rotation": {"angle": 0, "axis": "y", "origin": [-0.7925, 0, 14.375]},
			"faces": {
				"north": {"uv": [14, 15, 14.5, 15.5], "texture": "#0"},
				"east": {"uv": [15, 14, 15.5, 14.5], "texture": "#0"},
				"south": {"uv": [14.5, 15, 15, 15.5], "texture": "#0"},
				"west": {"uv": [15, 14.5, 15.5, 15], "texture": "#0"},
				"up": {"uv": [15.5, 15.5, 15, 15], "texture": "#0"},
				"down": {"uv": [0.5, 15.5, 0, 16], "texture": "#0"}
			}
		},
		{
			"from": [-1.915, -0.1475, 10.925],
			"to": [-1.325, 0.1475, 11.22],
			"rotation": {"angle": 0, "axis": "y", "origin": [-0.7925, 0, 14.375]},
			"faces": {
				"north": {"uv": [15.5, 0, 16, 0.5], "texture": "#0"},
				"east": {"uv": [0.5, 15.5, 1, 16], "texture": "#0"},
				"south": {"uv": [15.5, 0.5, 16, 1], "texture": "#0"},
				"west": {"uv": [1, 15.5, 1.5, 16], "texture": "#0"},
				"up": {"uv": [16, 1.5, 15.5, 1], "texture": "#0"},
				"down": {"uv": [2, 15.5, 1.5, 16], "texture": "#0"}
			}
		},
		{
			"from": [-1.325, -0.1475, 11.22],
			"to": [-0.44, 0.1475, 11.515],
			"rotation": {"angle": 0, "axis": "y", "origin": [-0.7925, 0, 14.375]},
			"faces": {
				"north": {"uv": [15.5, 1.5, 16, 2], "texture": "#0"},
				"east": {"uv": [2, 15.5, 2.5, 16], "texture": "#0"},
				"south": {"uv": [15.5, 2, 16, 2.5], "texture": "#0"},
				"west": {"uv": [2.5, 15.5, 3, 16], "texture": "#0"},
				"up": {"uv": [16, 3, 15.5, 2.5], "texture": "#0"},
				"down": {"uv": [3.5, 15.5, 3, 16], "texture": "#0"}
			}
		},
		{
			"from": [-0.44, -0.1475, 11.515],
			"to": [0.445, 0.1475, 11.81],
			"rotation": {"angle": 0, "axis": "y", "origin": [-0.7925, 0, 14.375]},
			"faces": {
				"north": {"uv": [15.5, 3, 16, 3.5], "texture": "#0"},
				"east": {"uv": [3.5, 15.5, 4, 16], "texture": "#0"},
				"south": {"uv": [15.5, 3.5, 16, 4], "texture": "#0"},
				"west": {"uv": [4, 15.5, 4.5, 16], "texture": "#0"},
				"up": {"uv": [16, 4.5, 15.5, 4], "texture": "#0"},
				"down": {"uv": [5, 15.5, 4.5, 16], "texture": "#0"}
			}
		},
		{
			"from": [1.035, -0.1475, 11.515],
			"to": [1.625, 0.1475, 11.81],
			"rotation": {"angle": 0, "axis": "y", "origin": [-0.7925, 0, 14.375]},
			"faces": {
				"north": {"uv": [15.5, 4.5, 16, 5], "texture": "#0"},
				"east": {"uv": [5, 15.5, 5.5, 16], "texture": "#0"},
				"south": {"uv": [15.5, 5, 16, 5.5], "texture": "#0"},
				"west": {"uv": [5.5, 15.5, 6, 16], "texture": "#0"},
				"up": {"uv": [16, 6, 15.5, 5.5], "texture": "#0"},
				"down": {"uv": [6.5, 15.5, 6, 16], "texture": "#0"}
			}
		},
		{
			"from": [1.035, -0.1475, 13.285],
			"to": [1.625, 0.1475, 14.17],
			"rotation": {"angle": 0, "axis": "y", "origin": [-0.7925, 0, 14.375]},
			"faces": {
				"north": {"uv": [14.5, 11.5, 15, 12], "texture": "#0"},
				"east": {"uv": [12, 14.5, 12.5, 15], "texture": "#0"},
				"south": {"uv": [14.5, 12, 15, 12.5], "texture": "#0"},
				"west": {"uv": [12.5, 14.5, 13, 15], "texture": "#0"},
				"up": {"uv": [15, 13, 14.5, 12.5], "texture": "#0"},
				"down": {"uv": [13.5, 14.5, 13, 15], "texture": "#0"}
			}
		},
		{
			"from": [-5.75, -0.1475, 16.825],
			"to": [-5.16, 0.1475, 18.005],
			"rotation": {"angle": 0, "axis": "y", "origin": [-0.7925, 0, 14.375]},
			"faces": {
				"north": {"uv": [14.5, 0.5, 15, 1], "texture": "#0"},
				"east": {"uv": [1, 14.5, 1.5, 15], "texture": "#0"},
				"south": {"uv": [14.5, 1, 15, 1.5], "texture": "#0"},
				"west": {"uv": [1.5, 14.5, 2, 15], "texture": "#0"},
				"up": {"uv": [15, 2, 14.5, 1.5], "texture": "#0"},
				"down": {"uv": [2.5, 14.5, 2, 15], "texture": "#0"}
			}
		},
		{
			"from": [-6.34, -0.1475, 17.71],
			"to": [-5.75, 0.1475, 18.595],
			"rotation": {"angle": 0, "axis": "y", "origin": [-0.7925, 0, 14.375]},
			"faces": {
				"north": {"uv": [14.5, 13, 15, 13.5], "texture": "#0"},
				"east": {"uv": [13.5, 14.5, 14, 15], "texture": "#0"},
				"south": {"uv": [14.5, 13.5, 15, 14], "texture": "#0"},
				"west": {"uv": [14, 14.5, 14.5, 15], "texture": "#0"},
				"up": {"uv": [15, 14.5, 14.5, 14], "texture": "#0"},
				"down": {"uv": [15, 14.5, 14.5, 15], "texture": "#0"}
			}
		},
		{
			"from": [3.985, -0.1475, 11.22],
			"to": [4.575, 0.1475, 12.4],
			"rotation": {"angle": 0, "axis": "y", "origin": [-0.7925, 0, 14.375]},
			"faces": {
				"north": {"uv": [0, 14, 0.5, 14.5], "texture": "#0"},
				"east": {"uv": [14, 0, 14.5, 0.5], "texture": "#0"},
				"south": {"uv": [0.5, 14, 1, 14.5], "texture": "#0"},
				"west": {"uv": [14, 0.5, 14.5, 1], "texture": "#0"},
				"up": {"uv": [1.5, 14.5, 1, 14], "texture": "#0"},
				"down": {"uv": [14.5, 1, 14, 1.5], "texture": "#0"}
			}
		}
	],
	"display": {
		"thirdperson_righthand": {
			"rotation": [-61, 0, -39],
			"translation": [2.25, 0, -4.5],
			"scale": [0.50977, 0.50977, 0.50977]
		},
		"thirdperson_lefthand": {
			"rotation": [-74, 0, -19],
			"translation": [2.5, 0, -4],
			"scale": [0.5, 0.5, 0.5]
		},
		"firstperson_righthand": {
			"rotation": [76, 171, -97],
			"translation": [-0.25, -0.25, -4.5]
		},
		"firstperson_lefthand": {
			"rotation": [-89, 14, 93],
			"translation": [-1.5, 0.25, -2.75]
		},
		"ground": {
			"rotation": [-54, 0, 0],
			"translation": [0, 2.75, -6.75],
			"scale": [0.71484, 1, 1]
		},
		"gui": {
			"rotation": [-79, 0, -137],
			"translation": [3.75, -5.25, 0]
		},
		"head": {
			"rotation": [-95, 0, 0],
			"translation": [-0.25, -0.5, -14.25],
			"scale": [0.95312, 0.95312, 0.95312]
		},
		"fixed": {
			"rotation": [-86, 0, 0],
			"translation": [0, -3.75, -16.5],
			"scale": [1.57422, 1.57422, 1.57422]
		}
	}
}